# Blender 5.1.1
# www.blender.org
mtllib porta.mtl
o Cube
v 1.000000 1.000000 -1.000000
v 1.000000 -1.000000 -1.000000
v 1.000000 1.000000 1.000000
v 1.000000 -1.000000 1.000000
v -1.000000 1.000000 -1.000000
v -1.000000 -1.000000 -1.000000
v -1.000000 1.000000 1.000000
v -1.000000 -1.000000 1.000000
vn -0.0000 1.0000 -0.0000
vn -0.0000 -0.0000 1.0000
vn -1.0000 -0.0000 -0.0000
vn -0.0000 -1.0000 -0.0000
vn 1.0000 -0.0000 -0.0000
vn -0.0000 -0.0000 -1.0000
vt 0.625000 0.500000
vt 0.875000 0.500000
vt 0.875000 0.750000
vt 0.625000 0.750000
vt 0.375000 0.750000
vt 0.625000 1.000000
vt 0.375000 1.000000
vt 0.375000 0.000000
vt 0.625000 0.000000
vt 0.625000 0.250000
vt 0.375000 0.250000
vt 0.125000 0.500000
vt 0.375000 0.500000
vt 0.125000 0.750000
s 0
usemtl Material
f 1/1/1 5/2/1 7/3/1 3/4/1
f 4/5/2 3/4/2 7/6/2 8/7/2
f 8/8/3 7/9/3 5/10/3 6/11/3
f 6/12/4 2/13/4 4/5/4 8/14/4
f 2/13/5 1/1/5 3/4/5 4/5/5
f 6/11/6 5/10/6 1/1/6 2/13/6
o door_2_door_old_metal_0_1
v 55.988693 281.764130 7.281997
v 56.276436 281.764130 6.994254
v 55.988693 282.051849 6.994254
v 55.988693 252.602783 7.281999
v 55.988693 252.315033 6.994256
v 56.276436 252.602783 6.994256
v 49.982285 281.764130 7.281997
v 49.982285 282.051849 6.994254
v 49.694542 281.764130 6.994254
v 49.982285 252.602783 7.281999
v 49.694542 252.602783 6.994256
v 49.982285 252.315033 6.994256
v 21.048416 281.764130 7.281997
v 21.336159 281.764130 6.994254
v 21.048416 282.051849 6.994254
v 21.048416 252.602783 7.281999
v 21.048416 252.315033 6.994256
v 21.336159 252.602783 6.994256
v 15.042009 281.764130 7.281997
v 15.042009 282.051849 6.994254
v 14.754266 281.764130 6.994254
v 15.042009 252.602783 7.281999
v 14.754266 252.602783 6.994256
v 15.042009 252.315033 6.994256
v -13.891864 281.764130 7.281997
v -13.604120 281.764130 6.994254
v -13.891864 282.051849 6.994254
v -13.891864 252.602783 7.281999
v -13.891864 252.315033 6.994256
v -13.604120 252.602783 6.994256
v -19.898266 281.764130 7.281997
v -19.898266 282.051849 6.994254
v -20.186008 281.764130 6.994254
v -19.898266 252.602783 7.281999
v -20.186008 252.602783 6.994256
v -19.898266 252.315033 6.994256
v -48.832138 281.764130 7.281997
v -48.544395 281.764130 6.994254
v -48.832138 282.051849 6.994254
v -48.832138 252.602783 7.281999
v -48.832138 252.315033 6.994256
v -48.544395 252.602783 6.994256
v -54.838543 281.764130 7.281997
v -54.838543 282.051849 6.994254
v -55.126286 281.764130 6.994254
v -54.838543 252.602783 7.281999
v -55.126286 252.602783 6.994256
v -54.838543 252.315033 6.994256
v 56.276436 281.764130 -6.994297
v 55.988693 281.764130 -7.282040
v 55.988693 282.051849 -6.994297
v 55.988693 252.315033 -6.994295
v 55.988693 252.602783 -7.282037
v 56.276436 252.602783 -6.994295
v 49.982285 282.051849 -6.994297
v 49.982285 281.764130 -7.282040
v 49.694542 281.764130 -6.994297
v 49.694542 252.602783 -6.994295
v 49.982285 252.602783 -7.282037
v 49.982285 252.315033 -6.994295
v 21.336159 281.764130 -6.994297
v 21.048416 281.764130 -7.282040
v 21.048416 282.051849 -6.994297
v 21.048416 252.315033 -6.994295
v 21.048416 252.602783 -7.282037
v 21.336159 252.602783 -6.994295
v 15.042009 282.051849 -6.994297
v 15.042009 281.764130 -7.282040
v 14.754266 281.764130 -6.994297
v 14.754266 252.602783 -6.994295
v 15.042009 252.602783 -7.282037
v 15.042009 252.315033 -6.994295
v -13.604120 281.764130 -6.994297
v -13.891864 281.764130 -7.282040
v -13.891864 282.051849 -6.994297
v -13.891864 252.315033 -6.994295
v -13.891864 252.602783 -7.282037
v -13.604120 252.602783 -6.994295
v -19.898266 282.051849 -6.994297
v -19.898266 281.764130 -7.282040
v -20.186008 281.764130 -6.994297
v -20.186008 252.602783 -6.994295
v -19.898266 252.602783 -7.282037
v -19.898266 252.315033 -6.994295
v -48.544395 281.764130 -6.994297
v -48.832138 281.764130 -7.282040
v -48.832138 282.051849 -6.994297
v -48.832138 252.315033 -6.994295
v -48.832138 252.602783 -7.282037
v -48.544395 252.602783 -6.994295
v -54.838543 282.051849 -6.994297
v -54.838543 281.764130 -7.282040
v -55.126286 281.764130 -6.994297
v -55.126286 252.602783 -6.994295
v -54.838543 252.602783 -7.282037
v -54.838543 252.315033 -6.994295
v -64.886978 5.329868 5.231359
v -64.886978 5.895078 5.796569
v -65.452187 5.895078 5.231359
v -64.886978 281.421967 5.796548
v -64.886978 281.987152 5.231338
v -65.452187 281.421967 5.231338
v 66.059448 5.329868 5.231359
v 66.624657 5.895078 5.231359
v 66.059448 5.895078 5.796569
v 66.059448 281.421967 5.796548
v 66.624657 281.421967 5.231338
v 66.059448 281.987152 5.231338
v 66.059448 5.895077 -5.796570
v 66.624657 5.895077 -5.231360
v 66.059448 5.329867 -5.231360
v 66.624657 281.421967 -5.231381
v 66.059448 281.421967 -5.796591
v 66.059448 281.987152 -5.231381
v -64.886978 5.329867 -5.231360
v -65.452187 5.895077 -5.231360
v -64.886978 5.895077 -5.796570
v -65.452187 281.421967 -5.231381
v -64.886978 281.987152 -5.231381
v -64.886978 281.421967 -5.796591
v 61.278515 258.774963 -5.404425
v 61.890862 258.702118 -5.890932
v 61.351379 258.162628 -5.890932
v 61.351379 252.469574 -5.890932
v 61.890862 251.930084 -5.890932
v 61.278515 251.857224 -5.404424
v 61.278515 194.905441 -5.404420
v 61.890862 194.832565 -5.890927
v 61.351379 194.293076 -5.890927
v 61.351379 188.600052 -5.890927
v 61.890862 188.060562 -5.890927
v 61.278515 187.987701 -5.404419
v 61.278515 100.454231 -5.404413
v 61.890862 100.381371 -5.890920
v 61.351379 99.841881 -5.890920
v 61.351379 94.148842 -5.890920
v 61.890862 93.609360 -5.890920
v 61.278515 93.536499 -5.404412
v 61.890862 10.334789 -5.890913
v 61.351379 9.795304 -5.890913
v 61.278515 10.407651 -5.404406
v 61.351379 9.795304 5.890912
v 61.890862 10.334789 5.890912
v 61.278515 10.407651 5.404404
v 61.278515 93.536499 5.404398
v 61.890862 93.609360 5.890905
v 61.351379 94.148842 5.890905
v 61.351379 99.841881 5.890905
v 61.890862 100.381371 5.890905
v 61.278515 100.454231 5.404397
v 61.278515 187.987701 5.404391
v 61.890862 188.060562 5.890898
v 61.351379 188.600052 5.890898
v 61.351379 194.293076 5.890898
v 61.890862 194.832565 5.890898
v 61.278515 194.905441 5.404390
v 61.278515 251.857224 5.404386
v 61.890862 251.930084 5.890893
v 61.351379 252.469574 5.890893
v 61.351379 258.162628 5.890893
v 61.890862 258.702118 5.890893
v 61.278515 258.774963 5.404386
v -59.329468 258.774963 -5.404425
v -59.402328 258.162628 -5.890932
v -59.941814 258.702118 -5.890932
v -59.941814 251.930084 -5.890932
v -59.402328 252.469574 -5.890932
v -59.329468 251.857224 -5.404424
v -59.329468 194.905441 -5.404420
v -59.402328 194.293076 -5.890927
v -59.941814 194.832565 -5.890927
v -59.941814 188.060562 -5.890927
v -59.402328 188.600052 -5.890927
v -59.329468 187.987701 -5.404419
v -59.329468 100.454231 -5.404413
v -59.402328 99.841881 -5.890920
v -59.941814 100.381371 -5.890920
v -59.941814 93.609360 -5.890920
v -59.402328 94.148842 -5.890920
v -59.329468 93.536499 -5.404412
v -59.329468 10.407651 -5.404406
v -59.402328 9.795304 -5.890913
v -59.941814 10.334789 -5.890913
v -59.941814 10.334789 5.890912
v -59.402328 9.795304 5.890912
v -59.329468 10.407651 5.404404
v -59.402328 94.148842 5.890905
v -59.941814 93.609360 5.890905
v -59.329468 93.536499 5.404398
v -59.329468 100.454231 5.404397
v -59.941814 100.381371 5.890905
v -59.402328 99.841881 5.890905
v -59.402328 188.600052 5.890898
v -59.941814 188.060562 5.890898
v -59.329468 187.987701 5.404391
v -59.329468 194.905441 5.404390
v -59.941814 194.832565 5.890898
v -59.402328 194.293076 5.890898
v -59.402328 252.469574 5.890893
v -59.941814 251.930084 5.890893
v -59.329468 251.857224 5.404386
v -59.329468 258.774963 5.404386
v -59.941814 258.702118 5.890893
v -59.402328 258.162628 5.890893
v -58.915642 276.332031 -5.834875
v -59.329468 275.609894 -5.404426
v -59.941814 275.682739 -5.890934
v -60.051632 275.196045 -5.834875
v -65.450050 42.856934 -0.610378
v -65.288635 42.856934 -0.007959
v -66.493469 42.856934 -0.007959
v -65.450050 66.953682 -0.610380
v -66.493469 66.953682 -0.007961
v -65.288635 66.953682 -0.007961
v -65.891052 42.856934 -1.051379
v -65.891052 66.953682 -1.051380
v -66.493469 42.856934 -1.212796
v -66.493469 66.953682 -1.212798
v -67.095886 42.856934 -1.051379
v -67.095886 66.953682 -1.051380
v -67.536888 42.856934 -0.610378
v -67.536888 66.953682 -0.610380
v -67.698303 42.856934 -0.007959
v -67.698303 66.953682 -0.007961
v -67.536888 42.856934 0.594459
v -67.536888 66.953682 0.594458
v -67.095886 42.856934 1.035460
v -67.095886 66.953682 1.035459
v -66.493469 42.856934 1.196878
v -66.493469 66.953682 1.196876
v -65.891052 42.856934 1.035460
v -65.891052 66.953682 1.035459
v -65.450050 42.856934 0.594459
v -65.450050 66.953682 0.594458
v -65.450050 216.737381 -0.610391
v -65.288635 216.737381 -0.007972
v -66.493469 216.737381 -0.007972
v -65.450050 240.834122 -0.610393
v -66.493469 240.834122 -0.007974
v -65.288635 240.834122 -0.007974
v -65.891052 216.737381 -1.051392
v -65.891052 240.834122 -1.051394
v -66.493469 216.737381 -1.212809
v -66.493469 240.834122 -1.212811
v -67.095886 216.737381 -1.051392
v -67.095886 240.834122 -1.051394
v -67.536888 216.737381 -0.610391
v -67.536888 240.834122 -0.610393
v -67.698303 216.737381 -0.007972
v -67.698303 240.834122 -0.007974
v -67.536888 216.737381 0.594446
v -67.536888 240.834122 0.594445
v -67.095886 216.737381 1.035447
v -67.095886 240.834122 1.035445
v -66.493469 216.737381 1.196865
v -66.493469 240.834122 1.196863
v -65.891052 216.737381 1.035447
v -65.891052 240.834122 1.035445
v -65.450050 216.737381 0.594446
v -65.450050 240.834122 0.594445
v 50.253372 281.493042 7.397874
v 50.253372 252.873871 7.397877
v 55.717598 252.873871 7.397877
v 55.717598 281.493042 7.397874
v 55.717598 282.167725 5.156878
v 50.253372 282.167725 5.156878
v 50.253372 282.167725 6.723166
v 55.717598 282.167725 6.723166
v 49.578667 281.493042 5.156878
v 49.578667 252.873871 5.156880
v 49.578667 252.873871 6.723168
v 49.578667 281.493042 6.723166
v 50.253372 252.199158 5.156880
v 55.717598 252.199158 5.156880
v 55.717598 252.199158 6.723168
v 50.253372 252.199158 6.723168
v 56.392311 252.873871 5.156880
v 56.392311 281.493042 5.156878
v 56.392311 281.493042 6.723166
v 56.392311 252.873871 6.723168
v 50.253372 282.081543 7.053126
v 55.717598 282.081543 7.053126
v 49.664852 252.873871 7.053129
v 49.664852 281.493042 7.053126
v 55.717598 252.285339 7.053129
v 50.253372 252.285339 7.053129
v 56.306126 281.493042 7.053126
v 56.306126 252.873871 7.053129
v 56.306126 281.822998 5.156878
v 56.306126 281.822998 6.723166
v 49.664852 281.822998 6.723166
v 49.664852 281.822998 5.156878
v 49.923409 252.285339 6.723168
v 49.923409 252.285339 5.156880
v 56.306126 252.543900 6.723168
v 56.306126 252.543900 5.156880
v 55.988693 281.764130 7.281997
v 55.988693 282.051849 6.994254
v 55.717598 282.081543 7.053126
v 55.717598 281.822998 7.311687
v 56.276436 281.764130 6.994254
v 56.047558 281.493042 7.311687
v 56.306126 281.493042 7.053126
v 56.047558 282.081543 6.723166
v 56.047558 282.081543 6.723166
v 55.988693 282.051849 6.994254
v 56.047558 252.873871 7.311690
v 55.988693 252.315033 6.994256
v 55.988693 252.602783 7.281999
v 55.717598 252.543900 7.311690
v 56.047558 252.285339 6.723168
v 56.047558 252.873871 7.311690
v 55.717598 252.543900 7.311690
v 55.988693 252.602783 7.281999
v 56.047558 252.285339 6.723168
v 49.982285 281.764130 7.281997
v 49.694542 281.764130 6.994254
v 49.923409 281.493042 7.311687
v 50.253372 281.822998 7.311687
v 49.923409 282.081543 6.723166
v 49.664852 281.822998 6.723166
v 49.923409 281.493042 7.311687
v 50.253372 281.822998 7.311687
v 49.982285 281.764130 7.281997
v 50.253372 252.543900 7.311690
v 49.694542 252.602783 6.994256
v 49.982285 252.602783 7.281999
v 49.923409 252.873871 7.311690
v 49.664852 252.543900 6.723168
v 50.253372 252.543900 7.311690
v 49.923409 252.873871 7.311690
v 49.982285 252.602783 7.281999
v 49.664852 252.543900 6.723168
v 50.253372 282.081543 7.053126
v 49.664852 281.493042 7.053126
v 49.664852 252.873871 7.053129
v 50.253372 252.285339 7.053129
v 55.717598 252.285339 7.053129
v 56.306126 252.873871 7.053129
v 56.047558 282.081543 5.156878
v 56.306126 281.822998 6.723166
v 56.306126 281.822998 5.156878
v 49.923409 282.081543 6.723166
v 49.923409 282.081543 5.156878
v 49.923409 282.081543 5.156878
v 49.664852 252.543900 5.156880
v 49.664852 252.543900 5.156880
v 56.047558 252.285339 5.156880
v 56.306126 252.543900 5.156880
v 56.306126 252.543900 6.723168
v 15.313095 281.493042 7.397874
v 15.313095 252.873871 7.397877
v 20.777321 252.873871 7.397877
v 20.777321 281.493042 7.397874
v 20.777321 282.167725 5.156878
v 15.313095 282.167725 5.156878
v 15.313095 282.167725 6.723166
v 20.777321 282.167725 6.723166
v 14.638390 281.493042 5.156878
v 14.638390 252.873871 5.156880
v 14.638390 252.873871 6.723168
v 14.638390 281.493042 6.723166
v 15.313095 252.199158 5.156880
v 20.777321 252.199158 5.156880
v 20.777321 252.199158 6.723168
v 15.313095 252.199158 6.723168
v 21.452036 252.873871 5.156880
v 21.452036 281.493042 5.156878
v 21.452036 281.493042 6.723166
v 21.452036 252.873871 6.723168
v 15.313095 282.081543 7.053126
v 20.777321 282.081543 7.053126
v 14.724575 252.873871 7.053129
v 14.724575 281.493042 7.053126
v 20.777321 252.285339 7.053129
v 15.313095 252.285339 7.053129
v 21.365850 281.493042 7.053126
v 21.365850 252.873871 7.053129
v 21.365850 281.822998 5.156878
v 21.365850 281.822998 6.723166
v 14.724575 281.822998 6.723166
v 14.724575 281.822998 5.156878
v 14.983133 252.285339 6.723168
v 14.983133 252.285339 5.156880
v 21.365850 252.543900 6.723168
v 21.365850 252.543900 5.156880
v 21.048416 281.764130 7.281997
v 21.048416 282.051849 6.994254
v 20.777321 282.081543 7.053126
v 20.777321 281.822998 7.311687
v 21.336159 281.764130 6.994254
v 21.107283 281.493042 7.311687
v 21.365850 281.493042 7.053126
v 21.107283 282.081543 6.723166
v 21.107283 282.081543 6.723166
v 21.048416 282.051849 6.994254
v 21.107283 252.873871 7.311690
v 21.048416 252.315033 6.994256
v 21.048416 252.602783 7.281999
v 20.777321 252.543900 7.311690
v 21.107283 252.285339 6.723168
v 21.107283 252.873871 7.311690
v 20.777321 252.543900 7.311690
v 21.048416 252.602783 7.281999
v 21.107283 252.285339 6.723168
v 15.042009 281.764130 7.281997
v 14.754266 281.764130 6.994254
v 14.983133 281.493042 7.311687
v 15.313095 281.822998 7.311687
v 14.983133 282.081543 6.723166
v 14.724575 281.822998 6.723166
v 14.983133 281.493042 7.311687
v 15.313095 281.822998 7.311687
v 15.042009 281.764130 7.281997
v 15.313095 252.543900 7.311690
v 14.754266 252.602783 6.994256
v 15.042009 252.602783 7.281999
v 14.983133 252.873871 7.311690
v 14.724575 252.543900 6.723168
v 15.313095 252.543900 7.311690
v 14.983133 252.873871 7.311690
v 15.042009 252.602783 7.281999
v 14.724575 252.543900 6.723168
v 15.313095 282.081543 7.053126
v 14.724575 281.493042 7.053126
v 14.724575 252.873871 7.053129
v 15.313095 252.285339 7.053129
v 20.777321 252.285339 7.053129
v 21.365850 252.873871 7.053129
v 21.107283 282.081543 5.156878
v 21.365850 281.822998 6.723166
v 21.365850 281.822998 5.156878
v 14.983133 282.081543 6.723166
v 14.983133 282.081543 5.156878
v 14.983133 282.081543 5.156878
v 14.724575 252.543900 5.156880
v 14.724575 252.543900 5.156880
v 21.107283 252.285339 5.156880
v 21.365850 252.543900 5.156880
v 21.365850 252.543900 6.723168
v -19.627180 281.493042 7.397874
v -19.627180 252.873871 7.397877
v -14.162950 252.873871 7.397877
v -14.162950 281.493042 7.397874
v -14.162950 282.167725 5.156878
v -19.627180 282.167725 5.156878
v -19.627180 282.167725 6.723166
v -14.162950 282.167725 6.723166
v -20.301886 281.493042 5.156878
v -20.301886 252.873871 5.156880
v -20.301886 252.873871 6.723168
v -20.301886 281.493042 6.723166
v -19.627180 252.199158 5.156880
v -14.162950 252.199158 5.156880
v -14.162950 252.199158 6.723168
v -19.627180 252.199158 6.723168
v -13.488244 252.873871 5.156880
v -13.488244 281.493042 5.156878
v -13.488244 281.493042 6.723166
v -13.488244 252.873871 6.723168
v -19.627180 282.081543 7.053126
v -14.162950 282.081543 7.053126
v -20.215700 252.873871 7.053129
v -20.215700 281.493042 7.053126
v -14.162950 252.285339 7.053129
v -19.627180 252.285339 7.053129
v -13.574430 281.493042 7.053126
v -13.574430 252.873871 7.053129
v -13.574430 281.822998 5.156878
v -13.574430 281.822998 6.723166
v -20.215700 281.822998 6.723166
v -20.215700 281.822998 5.156878
v -19.957138 252.285339 6.723168
v -19.957138 252.285339 5.156880
v -13.574430 252.543900 6.723168
v -13.574430 252.543900 5.156880
v -13.891864 281.764130 7.281997
v -13.891864 282.051849 6.994254
v -14.162950 282.081543 7.053126
v -14.162950 281.822998 7.311687
v -13.604120 281.764130 6.994254
v -13.832993 281.493042 7.311687
v -13.574430 281.493042 7.053126
v -13.832993 282.081543 6.723166
v -13.832993 282.081543 6.723166
v -13.891864 282.051849 6.994254
v -13.832993 252.873871 7.311690
v -13.891864 252.315033 6.994256
v -13.891864 252.602783 7.281999
v -14.162950 252.543900 7.311690
v -13.832993 252.285339 6.723168
v -13.832993 252.873871 7.311690
v -14.162950 252.543900 7.311690
v -13.891864 252.602783 7.281999
v -13.832993 252.285339 6.723168
v -19.898266 281.764130 7.281997
v -20.186008 281.764130 6.994254
v -19.957138 281.493042 7.311687
v -19.627180 281.822998 7.311687
v -19.957138 282.081543 6.723166
v -20.215700 281.822998 6.723166
v -19.957138 281.493042 7.311687
v -19.627180 281.822998 7.311687
v -19.898266 281.764130 7.281997
v -19.627180 252.543900 7.311690
v -20.186008 252.602783 6.994256
v -19.898266 252.602783 7.281999
v -19.957138 252.873871 7.311690
v -20.215700 252.543900 6.723168
v -19.627180 252.543900 7.311690
v -19.957138 252.873871 7.311690
v -19.898266 252.602783 7.281999
v -20.215700 252.543900 6.723168
v -19.627180 282.081543 7.053126
v -20.215700 281.493042 7.053126
v -20.215700 252.873871 7.053129
v -19.627180 252.285339 7.053129
v -14.162950 252.285339 7.053129
v -13.574430 252.873871 7.053129
v -13.832993 282.081543 5.156878
v -13.574430 281.822998 6.723166
v -13.574430 281.822998 5.156878
v -19.957138 282.081543 6.723166
v -19.957138 282.081543 5.156878
v -19.957138 282.081543 5.156878
v -20.215700 252.543900 5.156880
v -20.215700 252.543900 5.156880
v -13.832993 252.285339 5.156880
v -13.574430 252.543900 5.156880
v -13.574430 252.543900 6.723168
v -54.567451 281.493042 7.397874
v -54.567451 252.873871 7.397877
v -49.103226 252.873871 7.397877
v -49.103226 281.493042 7.397874
v -49.103226 282.167725 5.156878
v -54.567451 282.167725 5.156878
v -54.567451 282.167725 6.723166
v -49.103226 282.167725 6.723166
v -55.242161 281.493042 5.156878
v -55.242161 252.873871 5.156880
v -55.242161 252.873871 6.723168
v -55.242161 281.493042 6.723166
v -54.567451 252.199158 5.156880
v -49.103226 252.199158 5.156880
v -49.103226 252.199158 6.723168
v -54.567451 252.199158 6.723168
v -48.428516 252.873871 5.156880
v -48.428516 281.493042 5.156878
v -48.428516 281.493042 6.723166
v -48.428516 252.873871 6.723168
v -54.567451 282.081543 7.053126
v -49.103226 282.081543 7.053126
v -55.155975 252.873871 7.053129
v -55.155975 281.493042 7.053126
v -49.103226 252.285339 7.053129
v -54.567451 252.285339 7.053129
v -48.514706 281.493042 7.053126
v -48.514706 252.873871 7.053129
v -48.514706 281.822998 5.156878
v -48.514706 281.822998 6.723166
v -55.155975 281.822998 6.723166
v -55.155975 281.822998 5.156878
v -54.897415 252.285339 6.723168
v -54.897415 252.285339 5.156880
v -48.514706 252.543900 6.723168
v -48.514706 252.543900 5.156880
v -48.832138 281.764130 7.281997
v -48.832138 282.051849 6.994254
v -49.103226 282.081543 7.053126
v -49.103226 281.822998 7.311687
v -48.544395 281.764130 6.994254
v -48.773266 281.493042 7.311687
v -48.514706 281.493042 7.053126
v -48.773266 282.081543 6.723166
v -48.773266 282.081543 6.723166
v -48.832138 282.051849 6.994254
v -48.773266 252.873871 7.311690
v -48.832138 252.315033 6.994256
v -48.832138 252.602783 7.281999
v -49.103226 252.543900 7.311690
v -48.773266 252.285339 6.723168
v -48.773266 252.873871 7.311690
v -49.103226 252.543900 7.311690
v -48.832138 252.602783 7.281999
v -48.773266 252.285339 6.723168
v -54.838543 281.764130 7.281997
v -55.126286 281.764130 6.994254
v -54.897415 281.493042 7.311687
v -54.567451 281.822998 7.311687
v -54.897415 282.081543 6.723166
v -55.155975 281.822998 6.723166
v -54.897415 281.493042 7.311687
v -54.567451 281.822998 7.311687
v -54.838543 281.764130 7.281997
v -54.567451 252.543900 7.311690
v -55.126286 252.602783 6.994256
v -54.838543 252.602783 7.281999
v -54.897415 252.873871 7.311690
v -55.155975 252.543900 6.723168
v -54.567451 252.543900 7.311690
v -54.897415 252.873871 7.311690
v -54.838543 252.602783 7.281999
v -55.155975 252.543900 6.723168
v -54.567451 282.081543 7.053126
v -55.155975 281.493042 7.053126
v -55.155975 252.873871 7.053129
v -54.567451 252.285339 7.053129
v -49.103226 252.285339 7.053129
v -48.514706 252.873871 7.053129
v -48.773266 282.081543 5.156878
v -48.514706 281.822998 6.723166
v -48.514706 281.822998 5.156878
v -54.897415 282.081543 6.723166
v -54.897415 282.081543 5.156878
v -54.897415 282.081543 5.156878
v -55.155975 252.543900 5.156880
v -55.155975 252.543900 5.156880
v -48.773266 252.285339 5.156880
v -48.514706 252.543900 5.156880
v -48.514706 252.543900 6.723168
v 55.717598 252.873871 -7.397915
v 50.253372 252.873871 -7.397915
v 50.253372 281.493042 -7.397917
v 55.717598 281.493042 -7.397917
v 50.253372 282.167725 -6.723209
v 50.253372 282.167725 -5.156920
v 55.717598 282.167725 -5.156920
v 55.717598 282.167725 -6.723209
v 49.578667 252.873871 -6.723207
v 49.578667 252.873871 -5.156918
v 49.578667 281.493042 -5.156920
v 49.578667 281.493042 -6.723209
v 55.717598 252.199158 -6.723207
v 55.717598 252.199158 -5.156918
v 50.253372 252.199158 -5.156918
v 50.253372 252.199158 -6.723207
v 56.392311 281.493042 -6.723209
v 56.392311 281.493042 -5.156920
v 56.392311 252.873871 -5.156918
v 56.392311 252.873871 -6.723207
v 55.717598 282.081543 -7.053169
v 50.253372 282.081543 -7.053169
v 49.664852 281.493042 -7.053169
v 49.664852 252.873871 -7.053167
v 50.253372 252.285339 -7.053167
v 55.717598 252.285339 -7.053167
v 56.306126 252.873871 -7.053167
v 56.306126 281.493042 -7.053169
v 56.306126 281.822998 -6.723209
v 56.306126 281.822998 -5.156920
v 49.664852 281.822998 -5.156920
v 49.664852 281.822998 -6.723209
v 49.923409 252.285339 -5.156918
v 49.923409 252.285339 -6.723207
v 56.306126 252.543900 -5.156918
v 56.306126 252.543900 -6.723207
v 55.717598 282.081543 -7.053169
v 55.988693 282.051849 -6.994297
v 55.988693 281.764130 -7.282040
v 55.717598 281.822998 -7.311730
v 56.047558 281.493042 -7.311730
v 56.276436 281.764130 -6.994297
v 56.306126 281.493042 -7.053169
v 56.047558 282.081543 -6.723209
v 56.047558 282.081543 -6.723209
v 55.988693 282.051849 -6.994297
v 56.047558 252.873871 -7.311728
v 55.717598 252.543900 -7.311728
v 55.988693 252.602783 -7.282037
v 55.988693 252.315033 -6.994295
v 56.047558 252.285339 -6.723207
v 55.717598 252.543900 -7.311728
v 56.047558 252.873871 -7.311728
v 55.988693 252.602783 -7.282037
v 56.047558 252.285339 -6.723207
v 49.694542 281.764130 -6.994297
v 49.982285 281.764130 -7.282040
v 49.923409 281.493042 -7.311730
v 50.253372 281.822998 -7.311730
v 49.923409 282.081543 -6.723209
v 49.664852 281.822998 -6.723209
v 50.253372 281.822998 -7.311730
v 49.923409 281.493042 -7.311730
v 49.982285 281.764130 -7.282040
v 50.253372 252.543900 -7.311728
v 49.923409 252.873871 -7.311728
v 49.982285 252.602783 -7.282037
v 49.694542 252.602783 -6.994295
v 49.664852 252.543900 -6.723207
v 49.923409 252.873871 -7.311728
v 50.253372 252.543900 -7.311728
v 49.982285 252.602783 -7.282037
v 49.664852 252.543900 -6.723207
v 50.253372 282.081543 -7.053169
v 49.664852 281.493042 -7.053169
v 49.664852 252.873871 -7.053167
v 50.253372 252.285339 -7.053167
v 55.717598 252.285339 -7.053167
v 56.306126 252.873871 -7.053167
v 56.306126 281.822998 -6.723209
v 56.047558 282.081543 -5.156920
v 56.306126 281.822998 -5.156920
v 49.923409 282.081543 -5.156920
v 49.923409 282.081543 -6.723209
v 49.923409 282.081543 -5.156920
v 49.664852 252.543900 -5.156918
v 49.664852 252.543900 -5.156918
v 56.306126 252.543900 -5.156918
v 56.047558 252.285339 -5.156918
v 56.306126 252.543900 -6.723207
v 20.777321 252.873871 -7.397915
v 15.313095 252.873871 -7.397915
v 15.313095 281.493042 -7.397917
v 20.777321 281.493042 -7.397917
v 15.313095 282.167725 -6.723209
v 15.313095 282.167725 -5.156920
v 20.777321 282.167725 -5.156920
v 20.777321 282.167725 -6.723209
v 14.638390 252.873871 -6.723207
v 14.638390 252.873871 -5.156918
v 14.638390 281.493042 -5.156920
v 14.638390 281.493042 -6.723209
v 20.777321 252.199158 -6.723207
v 20.777321 252.199158 -5.156918
v 15.313095 252.199158 -5.156918
v 15.313095 252.199158 -6.723207
v 21.452036 281.493042 -6.723209
v 21.452036 281.493042 -5.156920
v 21.452036 252.873871 -5.156918
v 21.452036 252.873871 -6.723207
v 20.777321 282.081543 -7.053169
v 15.313095 282.081543 -7.053169
v 14.724575 281.493042 -7.053169
v 14.724575 252.873871 -7.053167
v 15.313095 252.285339 -7.053167
v 20.777321 252.285339 -7.053167
v 21.365850 252.873871 -7.053167
v 21.365850 281.493042 -7.053169
v 21.365850 281.822998 -6.723209
v 21.365850 281.822998 -5.156920
v 14.724575 281.822998 -5.156920
v 14.724575 281.822998 -6.723209
v 14.983133 252.285339 -5.156918
v 14.983133 252.285339 -6.723207
v 21.365850 252.543900 -5.156918
v 21.365850 252.543900 -6.723207
v 20.777321 282.081543 -7.053169
v 21.048416 282.051849 -6.994297
v 21.048416 281.764130 -7.282040
v 20.777321 281.822998 -7.311730
v 21.107283 281.493042 -7.311730
v 21.336159 281.764130 -6.994297
v 21.365850 281.493042 -7.053169
v 21.107283 282.081543 -6.723209
v 21.107283 282.081543 -6.723209
v 21.048416 282.051849 -6.994297
v 21.107283 252.873871 -7.311728
v 20.777321 252.543900 -7.311728
v 21.048416 252.602783 -7.282037
v 21.048416 252.315033 -6.994295
v 21.107283 252.285339 -6.723207
v 20.777321 252.543900 -7.311728
v 21.107283 252.873871 -7.311728
v 21.048416 252.602783 -7.282037
v 21.107283 252.285339 -6.723207
v 14.754266 281.764130 -6.994297
v 15.042009 281.764130 -7.282040
v 14.983133 281.493042 -7.311730
v 15.313095 281.822998 -7.311730
v 14.983133 282.081543 -6.723209
v 14.724575 281.822998 -6.723209
v 15.313095 281.822998 -7.311730
v 14.983133 281.493042 -7.311730
v 15.042009 281.764130 -7.282040
v 15.313095 252.543900 -7.311728
v 14.983133 252.873871 -7.311728
v 15.042009 252.602783 -7.282037
v 14.754266 252.602783 -6.994295
v 14.724575 252.543900 -6.723207
v 14.983133 252.873871 -7.311728
v 15.313095 252.543900 -7.311728
v 15.042009 252.602783 -7.282037
v 14.724575 252.543900 -6.723207
v 15.313095 282.081543 -7.053169
v 14.724575 281.493042 -7.053169
v 14.724575 252.873871 -7.053167
v 15.313095 252.285339 -7.053167
v 20.777321 252.285339 -7.053167
v 21.365850 252.873871 -7.053167
v 21.365850 281.822998 -6.723209
v 21.107283 282.081543 -5.156920
v 21.365850 281.822998 -5.156920
v 14.983133 282.081543 -5.156920
v 14.983133 282.081543 -6.723209
v 14.983133 282.081543 -5.156920
v 14.724575 252.543900 -5.156918
v 14.724575 252.543900 -5.156918
v 21.365850 252.543900 -5.156918
v 21.107283 252.285339 -5.156918
v 21.365850 252.543900 -6.723207
v -14.162950 252.873871 -7.397915
v -19.627180 252.873871 -7.397915
v -19.627180 281.493042 -7.397917
v -14.162950 281.493042 -7.397917
v -19.627180 282.167725 -6.723209
v -19.627180 282.167725 -5.156920
v -14.162950 282.167725 -5.156920
v -14.162950 282.167725 -6.723209
v -20.301886 252.873871 -6.723207
v -20.301886 252.873871 -5.156918
v -20.301886 281.493042 -5.156920
v -20.301886 281.493042 -6.723209
v -14.162950 252.199158 -6.723207
v -14.162950 252.199158 -5.156918
v -19.627180 252.199158 -5.156918
v -19.627180 252.199158 -6.723207
v -13.488244 281.493042 -6.723209
v -13.488244 281.493042 -5.156920
v -13.488244 252.873871 -5.156918
v -13.488244 252.873871 -6.723207
v -14.162950 282.081543 -7.053169
v -19.627180 282.081543 -7.053169
v -20.215700 281.493042 -7.053169
v -20.215700 252.873871 -7.053167
v -19.627180 252.285339 -7.053167
v -14.162950 252.285339 -7.053167
v -13.574430 252.873871 -7.053167
v -13.574430 281.493042 -7.053169
v -13.574430 281.822998 -6.723209
v -13.574430 281.822998 -5.156920
v -20.215700 281.822998 -5.156920
v -20.215700 281.822998 -6.723209
v -19.957138 252.285339 -5.156918
v -19.957138 252.285339 -6.723207
v -13.574430 252.543900 -5.156918
v -13.574430 252.543900 -6.723207
v -14.162950 282.081543 -7.053169
v -13.891864 282.051849 -6.994297
v -13.891864 281.764130 -7.282040
v -14.162950 281.822998 -7.311730
v -13.832993 281.493042 -7.311730
v -13.604120 281.764130 -6.994297
v -13.574430 281.493042 -7.053169
v -13.832993 282.081543 -6.723209
v -13.832993 282.081543 -6.723209
v -13.891864 282.051849 -6.994297
v -13.832993 252.873871 -7.311728
v -14.162950 252.543900 -7.311728
v -13.891864 252.602783 -7.282037
v -13.891864 252.315033 -6.994295
v -13.832993 252.285339 -6.723207
v -14.162950 252.543900 -7.311728
v -13.832993 252.873871 -7.311728
v -13.891864 252.602783 -7.282037
v -13.832993 252.285339 -6.723207
v -20.186008 281.764130 -6.994297
v -19.898266 281.764130 -7.282040
v -19.957138 281.493042 -7.311730
v -19.627180 281.822998 -7.311730
v -19.957138 282.081543 -6.723209
v -20.215700 281.822998 -6.723209
v -19.627180 281.822998 -7.311730
v -19.957138 281.493042 -7.311730
v -19.898266 281.764130 -7.282040
v -19.627180 252.543900 -7.311728
v -19.957138 252.873871 -7.311728
v -19.898266 252.602783 -7.282037
v -20.186008 252.602783 -6.994295
v -20.215700 252.543900 -6.723207
v -19.957138 252.873871 -7.311728
v -19.627180 252.543900 -7.311728
v -19.898266 252.602783 -7.282037
v -20.215700 252.543900 -6.723207
v -19.627180 282.081543 -7.053169
v -20.215700 281.493042 -7.053169
v -20.215700 252.873871 -7.053167
v -19.627180 252.285339 -7.053167
v -14.162950 252.285339 -7.053167
v -13.574430 252.873871 -7.053167
v -13.574430 281.822998 -6.723209
v -13.832993 282.081543 -5.156920
v -13.574430 281.822998 -5.156920
v -19.957138 282.081543 -5.156920
v -19.957138 282.081543 -6.723209
v -19.957138 282.081543 -5.156920
v -20.215700 252.543900 -5.156918
v -20.215700 252.543900 -5.156918
v -13.574430 252.543900 -5.156918
v -13.832993 252.285339 -5.156918
v -13.574430 252.543900 -6.723207
v -49.103226 252.873871 -7.397915
v -54.567451 252.873871 -7.397915
v -54.567451 281.493042 -7.397917
v -49.103226 281.493042 -7.397917
v -54.567451 282.167725 -6.723209
v -54.567451 282.167725 -5.156920
v -49.103226 282.167725 -5.156920
v -49.103226 282.167725 -6.723209
v -55.242161 252.873871 -6.723207
v -55.242161 252.873871 -5.156918
v -55.242161 281.493042 -5.156920
v -55.242161 281.493042 -6.723209
v -49.103226 252.199158 -6.723207
v -49.103226 252.199158 -5.156918
v -54.567451 252.199158 -5.156918
v -54.567451 252.199158 -6.723207
v -48.428516 281.493042 -6.723209
v -48.428516 281.493042 -5.156920
v -48.428516 252.873871 -5.156918
v -48.428516 252.873871 -6.723207
v -49.103226 282.081543 -7.053169
v -54.567451 282.081543 -7.053169
v -55.155975 281.493042 -7.053169
v -55.155975 252.873871 -7.053167
v -54.567451 252.285339 -7.053167
v -49.103226 252.285339 -7.053167
v -48.514706 252.873871 -7.053167
v -48.514706 281.493042 -7.053169
v -48.514706 281.822998 -6.723209
v -48.514706 281.822998 -5.156920
v -55.155975 281.822998 -5.156920
v -55.155975 281.822998 -6.723209
v -54.897415 252.285339 -5.156918
v -54.897415 252.285339 -6.723207
v -48.514706 252.543900 -5.156918
v -48.514706 252.543900 -6.723207
v -49.103226 282.081543 -7.053169
v -48.832138 282.051849 -6.994297
v -48.832138 281.764130 -7.282040
v -49.103226 281.822998 -7.311730
v -48.773266 281.493042 -7.311730
v -48.544395 281.764130 -6.994297
v -48.514706 281.493042 -7.053169
v -48.773266 282.081543 -6.723209
v -48.773266 282.081543 -6.723209
v -48.832138 282.051849 -6.994297
v -48.773266 252.873871 -7.311728
v -49.103226 252.543900 -7.311728
v -48.832138 252.602783 -7.282037
v -48.832138 252.315033 -6.994295
v -48.773266 252.285339 -6.723207
v -49.103226 252.543900 -7.311728
v -48.773266 252.873871 -7.311728
v -48.832138 252.602783 -7.282037
v -48.773266 252.285339 -6.723207
v -55.126286 281.764130 -6.994297
v -54.838543 281.764130 -7.282040
v -54.897415 281.493042 -7.311730
v -54.567451 281.822998 -7.311730
v -54.897415 282.081543 -6.723209
v -55.155975 281.822998 -6.723209
v -54.567451 281.822998 -7.311730
v -54.897415 281.493042 -7.311730
v -54.838543 281.764130 -7.282040
v -54.567451 252.543900 -7.311728
v -54.897415 252.873871 -7.311728
v -54.838543 252.602783 -7.282037
v -55.126286 252.602783 -6.994295
v -55.155975 252.543900 -6.723207
v -54.897415 252.873871 -7.311728
v -54.567451 252.543900 -7.311728
v -54.838543 252.602783 -7.282037
v -55.155975 252.543900 -6.723207
v -54.567451 282.081543 -7.053169
v -55.155975 281.493042 -7.053169
v -55.155975 252.873871 -7.053167
v -54.567451 252.285339 -7.053167
v -49.103226 252.285339 -7.053167
v -48.514706 252.873871 -7.053167
v -48.514706 281.822998 -6.723209
v -48.773266 282.081543 -5.156920
v -48.514706 281.822998 -5.156920
v -54.897415 282.081543 -5.156920
v -54.897415 282.081543 -6.723209
v -54.897415 282.081543 -5.156920
v -55.155975 252.543900 -5.156918
v -55.155975 252.543900 -5.156918
v -48.514706 252.543900 -5.156918
v -48.773266 252.285339 -5.156918
v -48.514706 252.543900 -6.723207
v 61.278515 275.609894 5.404384
v 61.432686 259.188782 5.266840
v 62.000679 259.188782 5.834835
v 62.000679 275.196045 5.834833
v 60.864693 276.332031 5.834833
v -59.402328 276.222229 5.890892
v -59.329468 275.609894 5.404384
v 61.278515 275.609894 5.404384
v 61.824963 276.318451 6.024165
v 61.243355 276.900055 6.024165
v 60.864693 276.332031 5.834833
v 61.278515 275.609894 5.404384
v 62.000679 275.196045 5.834833
v 62.568672 275.574707 6.024165
v 66.852272 6.427572 -4.698865
v 66.852272 10.442812 -4.698866
v 66.852272 10.442812 4.698864
v 66.852272 6.427573 4.698864
v -65.679802 6.427573 4.698864
v -65.679802 10.442812 4.698864
v -65.679802 10.442812 -4.698866
v -65.679802 6.427572 -4.698865
v -59.294304 282.214783 4.698843
v -59.294304 282.214783 -4.698886
v -64.354485 282.214783 -4.698886
v -64.354485 282.214783 4.698843
v -59.294304 5.102251 -4.698865
v -59.294304 5.102252 4.698864
v -64.354485 5.102252 4.698864
v -64.354485 5.102251 -4.698865
v 62.568672 100.489395 -6.024193
v 62.568672 187.952530 -6.024199
v 65.526955 187.952530 -6.024199
v 65.526955 100.489395 -6.024193
v -65.679802 100.489395 4.698857
v -65.679802 187.952530 4.698851
v -65.679802 187.952530 -4.698879
v -65.679802 100.489395 -4.698873
v -60.619625 100.489395 6.024178
v -60.619625 187.952530 6.024171
v -64.354485 187.952530 6.024171
v -64.354485 100.489395 6.024178
v 67.918983 116.259644 -1.179410
v 67.918983 129.261871 -1.179411
v 67.918983 129.261871 1.179391
v 67.918983 116.259644 1.179392
v 62.568672 194.940582 -6.024200
v 62.568672 251.822083 -6.024204
v 65.526955 251.822083 -6.024204
v 65.526955 194.940582 -6.024200
v -65.679802 194.940582 4.698850
v -65.679802 251.822083 4.698846
v -65.679802 251.822083 -4.698884
v -65.679802 194.940582 -4.698880
v -60.619625 194.940582 6.024171
v -60.619625 251.822083 6.024167
v -64.354485 251.822083 6.024167
v -64.354485 194.940582 6.024171
v 66.852272 194.940582 -4.698880
v 66.852272 251.822083 -4.698884
v 66.852272 251.822083 4.698846
v 66.852272 194.940582 4.698850
v 65.526955 280.889465 -6.024206
v 65.526955 275.574707 -6.024206
v 62.568672 275.574707 -6.024206
v 61.685131 276.458282 -6.024206
v 61.243355 276.900055 -6.024206
v 61.243355 280.889465 -6.024206
v -59.294304 282.045471 5.346980
v -59.294304 281.537598 5.854868
v 61.243355 281.537598 5.854868
v 61.243355 282.045471 5.346980
v -65.679802 275.574707 4.698844
v -65.679802 280.889465 4.698844
v -65.679802 280.889465 -4.698886
v -65.679802 275.574707 -4.698886
v -59.988487 276.205841 6.024165
v -59.294304 276.900055 6.024165
v -59.294304 280.889465 6.024165
v -64.354485 280.889465 6.024165
v -60.619625 275.574707 6.024165
v -64.354485 275.574707 6.024165
v -58.915642 9.685486 5.834853
v -59.294304 9.117491 6.024185
v 61.243355 9.117491 6.024185
v 60.864693 9.685486 5.834853
v 66.852272 275.574707 -4.698886
v 66.852272 280.889465 -4.698886
v 66.852272 280.889465 4.698844
v 66.852272 275.574707 4.698844
v 62.568672 258.810120 -6.024205
v 65.526955 258.810120 -6.024205
v -65.679802 258.810120 4.698845
v -65.679802 258.810120 -4.698884
v -60.619625 258.810120 6.024166
v -64.354485 258.810120 6.024166
v 66.852272 258.810120 -4.698884
v 66.852272 258.810120 4.698845
v 66.852272 93.501335 4.698858
v 66.852272 93.501335 -4.698872
v 66.852272 100.489395 -4.698873
v 66.852272 100.489395 4.698857
v -65.679802 93.501335 -4.698872
v -65.679802 93.501335 4.698858
v 66.852272 187.952530 4.698851
v 66.852272 187.952530 -4.698879
v 62.568672 10.442812 -6.024186
v 62.568672 93.501335 -6.024192
v 65.526955 93.501335 -6.024192
v 65.526955 10.442812 -6.024186
v -60.619625 10.442812 6.024185
v -60.619625 93.501335 6.024179
v -64.354485 93.501335 6.024179
v -64.354485 10.442812 6.024185
v 61.243355 276.900055 -6.024206
v -59.294304 276.900055 -6.024206
v -59.294304 280.889465 -6.024206
v 61.243355 280.889465 -6.024206
v 61.243355 258.810120 -4.096466
v -59.294304 258.810120 -4.096466
v -59.294304 275.574707 -4.096467
v 61.243355 275.574707 -4.096467
v 61.243355 257.484802 -6.024205
v 61.243355 253.147385 -6.024204
v -59.294304 253.147385 -6.024204
v -59.294304 257.484802 -6.024205
v 61.243355 194.940582 -4.096461
v -59.294304 194.940582 -4.096461
v -59.294304 251.822083 -4.096465
v 61.243355 251.822083 -4.096465
v 61.243355 193.615265 -6.024200
v 61.243355 189.277863 -6.024199
v -59.294304 189.277863 -6.024199
v -59.294304 193.615265 -6.024200
v 61.243355 100.489395 -4.096454
v -59.294304 100.489395 -4.096454
v -59.294304 187.952530 -4.096460
v 61.243355 187.952530 -4.096460
v 61.243355 99.164062 -6.024193
v 61.243355 94.826653 -6.024192
v -59.294304 94.826653 -6.024192
v -59.294304 99.164062 -6.024193
v 61.243355 10.442812 -4.096447
v -59.294304 10.442812 -4.096447
v -59.294304 93.501335 -4.096453
v 61.243355 93.501335 -4.096453
v 61.243355 9.117491 -6.024186
v 61.243355 6.427572 -6.024186
v -59.294304 6.427572 -6.024186
v -59.294304 9.117491 -6.024186
v 61.243355 5.102251 -4.698865
v 65.526955 5.102251 -4.698865
v 65.526955 5.102252 4.698864
v 61.243355 5.102252 4.698864
v 62.568672 10.442812 6.024185
v 65.526955 10.442812 6.024185
v 65.526955 93.501335 6.024179
v 62.568672 93.501335 6.024179
v 62.568672 100.489395 6.024178
v 65.526955 100.489395 6.024178
v 65.526955 187.952530 6.024171
v 62.568672 187.952530 6.024171
v 62.568672 194.940582 6.024171
v 65.526955 194.940582 6.024171
v 65.526955 251.822083 6.024167
v 62.568672 251.822083 6.024167
v 62.568672 258.810120 6.024166
v 65.526955 258.810120 6.024166
v 65.526955 275.574707 6.024165
v 65.526955 280.889465 6.024165
v 61.243355 280.889465 6.024165
v -58.915642 194.751266 5.266844
v -58.915642 194.183258 5.834839
v 60.864693 194.183258 5.834839
v 60.864693 194.751266 5.266844
v 61.243355 282.214783 4.698843
v 65.526955 282.214783 4.698843
v 65.526955 282.214783 -4.698886
v 61.243355 282.214783 -4.698886
v -59.294304 276.900055 -6.024206
v -60.177853 276.016510 -6.024206
v -64.354485 280.889465 -6.024206
v -59.294304 280.889465 -6.024206
v -60.619625 275.574707 -6.024206
v -64.354485 275.574707 -6.024206
v -58.915642 258.620789 5.266840
v -58.915642 258.052795 5.834835
v 60.864693 258.052795 5.834835
v 60.864693 258.620789 5.266840
v -60.619625 258.810120 -6.024205
v -64.354485 258.810120 -6.024205
v -60.619625 194.940582 -6.024200
v -64.354485 194.940582 -6.024200
v -64.354485 251.822083 -6.024204
v -60.619625 251.822083 -6.024204
v -60.619625 100.489395 -6.024193
v -64.354485 100.489395 -6.024193
v -64.354485 187.952530 -6.024199
v -60.619625 187.952530 -6.024199
v -60.619625 10.442812 -6.024186
v -64.354485 10.442812 -6.024186
v -64.354485 93.501335 -6.024192
v -60.619625 93.501335 -6.024192
v -59.294304 9.117491 6.024185
v -59.294304 6.427573 6.024185
v 61.243355 6.427573 6.024185
v 61.243355 9.117491 6.024185
v -59.294304 10.442812 4.096445
v 61.243355 10.442812 4.096445
v 61.243355 93.501335 4.096439
v -59.294304 93.501335 4.096439
v -59.294304 99.164062 6.024178
v -59.294304 94.826653 6.024179
v 61.243355 94.826653 6.024179
v 61.243355 99.164062 6.024178
v -59.294304 100.489395 4.096438
v 61.243355 100.489395 4.096438
v 61.243355 187.952530 4.096432
v -59.294304 187.952530 4.096432
v -59.294304 193.615265 6.024171
v -59.294304 189.277863 6.024171
v 61.243355 189.277863 6.024171
v 61.243355 193.615265 6.024171
v -59.294304 194.940582 4.096431
v 61.243355 194.940582 4.096431
v 61.243355 251.822083 4.096427
v -59.294304 251.822083 4.096427
v -59.294304 257.484802 6.024166
v -59.294304 253.147385 6.024167
v 61.243355 253.147385 6.024167
v 61.243355 257.484802 6.024166
v -59.294304 258.810120 4.096426
v 61.243355 258.810120 4.096426
v 61.243355 275.574707 4.096425
v -59.294304 275.574707 4.096425
v -59.294304 276.900055 6.024165
v 61.243355 276.900055 6.024165
v 61.243355 280.889465 6.024165
v -59.294304 280.889465 6.024165
v -59.294304 282.214783 4.698843
v 61.243355 282.214783 4.698843
v 61.243355 282.214783 -4.698886
v -59.294304 282.214783 -4.698886
v -59.294304 275.574707 -4.096467
v -59.294304 275.574707 -4.698886
v 61.243355 275.574707 -4.698886
v 61.243355 275.574707 -4.096467
v -59.294304 258.810120 -4.096466
v -59.294304 258.810120 -4.698884
v -59.294304 275.574707 -4.698886
v -59.294304 275.574707 -4.096467
v 61.243355 258.810120 -4.096466
v 61.243355 258.810120 -4.698884
v -59.294304 258.810120 -4.698884
v -59.294304 258.810120 -4.096466
v 61.243355 275.574707 -4.096467
v 61.243355 275.574707 -4.698886
v 61.243355 258.810120 -4.698884
v 61.243355 258.810120 -4.096466
v -59.294304 251.822083 -4.096465
v -59.294304 251.822083 -4.698884
v 61.243355 251.822083 -4.698884
v 61.243355 251.822083 -4.096465
v -59.294304 194.940582 -4.096461
v -59.294304 194.940582 -4.698880
v -59.294304 251.822083 -4.698884
v -59.294304 251.822083 -4.096465
v 61.243355 194.940582 -4.096461
v 61.243355 194.940582 -4.698880
v -59.294304 194.940582 -4.698880
v -59.294304 194.940582 -4.096461
v 61.243355 251.822083 -4.096465
v 61.243355 251.822083 -4.698884
v 61.243355 194.940582 -4.698880
v 61.243355 194.940582 -4.096461
v -59.294304 187.952530 -4.096460
v -59.294304 187.952530 -4.698879
v 61.243355 187.952530 -4.698879
v 61.243355 187.952530 -4.096460
v -59.294304 100.489395 -4.096454
v -59.294304 100.489395 -4.698873
v -59.294304 187.952530 -4.698879
v -59.294304 187.952530 -4.096460
v 61.243355 100.489395 -4.096454
v 61.243355 100.489395 -4.698873
v -59.294304 100.489395 -4.698873
v -59.294304 100.489395 -4.096454
v 61.243355 187.952530 -4.096460
v 61.243355 187.952530 -4.698879
v 61.243355 100.489395 -4.698873
v 61.243355 100.489395 -4.096454
v -59.294304 93.501335 -4.096453
v -59.294304 93.501335 -4.698872
v 61.243355 93.501335 -4.698872
v 61.243355 93.501335 -4.096453
v -59.294304 10.442812 -4.096447
v -59.294304 10.442812 -4.698866
v -59.294304 93.501335 -4.698872
v -59.294304 93.501335 -4.096453
v 61.243355 10.442812 -4.096447
v 61.243355 10.442812 -4.698866
v -59.294304 10.442812 -4.698866
v -59.294304 10.442812 -4.096447
v 61.243355 93.501335 -4.096453
v 61.243355 93.501335 -4.698872
v 61.243355 10.442812 -4.698866
v 61.243355 10.442812 -4.096447
v 61.243355 93.501335 4.096439
v 61.243355 93.501335 4.698858
v -59.294304 93.501335 4.698858
v -59.294304 93.501335 4.096439
v 61.243355 10.442812 4.096445
v 61.243355 10.442812 4.698864
v 61.243355 93.501335 4.698858
v 61.243355 93.501335 4.096439
v -59.294304 10.442812 4.096445
v -59.294304 10.442812 4.698864
v 61.243355 10.442812 4.698864
v 61.243355 10.442812 4.096445
v -59.294304 93.501335 4.096439
v -59.294304 93.501335 4.698858
v -59.294304 10.442812 4.698864
v -59.294304 10.442812 4.096445
v 61.243355 187.952530 4.096432
v 61.243355 187.952530 4.698851
v -59.294304 187.952530 4.698851
v -59.294304 187.952530 4.096432
v 61.243355 100.489395 4.096438
v 61.243355 100.489395 4.698857
v 61.243355 187.952530 4.698851
v 61.243355 187.952530 4.096432
v -59.294304 100.489395 4.096438
v -59.294304 100.489395 4.698857
v 61.243355 100.489395 4.698857
v 61.243355 100.489395 4.096438
v -59.294304 187.952530 4.096432
v -59.294304 187.952530 4.698851
v -59.294304 100.489395 4.698857
v -59.294304 100.489395 4.096438
v 61.243355 251.822083 4.096427
v 61.243355 251.822083 4.698846
v -59.294304 251.822083 4.698846
v -59.294304 251.822083 4.096427
v 61.243355 194.940582 4.096431
v 61.243355 194.940582 4.698850
v 61.243355 251.822083 4.698846
v 61.243355 251.822083 4.096427
v -59.294304 194.940582 4.096431
v -59.294304 194.940582 4.698850
v 61.243355 194.940582 4.698850
v 61.243355 194.940582 4.096431
v -59.294304 251.822083 4.096427
v -59.294304 251.822083 4.698846
v -59.294304 194.940582 4.698850
v -59.294304 194.940582 4.096431
v 61.243355 275.574707 4.096425
v 61.243355 275.574707 4.698844
v -59.294304 275.574707 4.698844
v -59.294304 275.574707 4.096425
v 61.243355 258.810120 4.096426
v 61.243355 258.810120 4.698845
v 61.243355 275.574707 4.698844
v 61.243355 275.574707 4.096425
v -59.294304 258.810120 4.096426
v -59.294304 258.810120 4.698845
v 61.243355 258.810120 4.698845
v 61.243355 258.810120 4.096426
v -59.294304 275.574707 4.096425
v -59.294304 275.574707 4.698844
v -59.294304 258.810120 4.698845
v -59.294304 258.810120 4.096426
v -59.294304 280.889465 6.024165
v 61.243355 280.889465 6.024165
v 60.864693 188.141876 5.266845
v 60.864693 188.709854 5.834840
v -58.915642 188.709854 5.834840
v -58.915642 188.141876 5.266845
v 60.864693 252.011398 5.266840
v 60.864693 252.579407 5.834835
v -58.915642 252.579407 5.834835
v -58.915642 252.011398 5.266840
v 68.485252 133.139069 -0.795619
v 67.232224 133.139069 -0.795619
v 67.232224 139.980438 -0.996034
v 68.485252 139.980438 -0.996034
v -65.510506 6.427573 5.347001
v -65.510506 10.442812 5.347001
v -65.679802 10.442812 4.698864
v -65.679802 6.427573 4.698864
v -59.294304 5.271548 5.347001
v -64.354485 5.271548 5.347001
v -64.354485 5.102252 4.698864
v -59.294304 5.102252 4.698864
v 66.175095 6.427573 5.854889
v 66.175095 10.442812 5.854889
v 65.526955 10.442812 6.024185
v 65.526955 6.427573 6.024185
v 66.175095 10.442812 -5.854891
v 66.175095 6.427572 -5.854890
v 65.526955 6.427572 -6.024186
v 65.526955 10.442812 -6.024186
v 66.175095 5.271547 -4.698865
v 66.175095 5.271548 4.698864
v 65.526955 5.102252 4.698864
v 65.526955 5.102251 -4.698865
v 61.243355 5.271547 -5.347002
v 65.526955 5.271547 -5.347002
v 61.243355 5.102251 -4.698865
v -65.002617 6.427572 -5.854890
v -65.002617 10.442812 -5.854891
v -64.354485 10.442812 -6.024186
v -64.354485 6.427572 -6.024186
v -65.002617 5.271548 4.698864
v -65.002617 5.271547 -4.698865
v -64.354485 5.102251 -4.698865
v -65.510506 281.537598 4.698843
v -65.510506 281.537598 -4.698886
v -65.679802 280.889465 -4.698886
v -65.679802 280.889465 4.698844
v -64.354485 281.537598 -5.854911
v -59.294304 281.537598 -5.854911
v -59.294304 280.889465 -6.024206
v -64.354485 280.889465 -6.024206
v -59.294304 281.537598 5.854868
v -64.354485 281.537598 5.854868
v -64.354485 280.889465 6.024165
v -59.294304 280.889465 6.024165
v -59.294304 5.779435 -5.854890
v -64.354485 5.779435 -5.854890
v -59.294304 6.427572 -6.024186
v 66.682983 100.489395 -5.347009
v 66.682983 187.952530 -5.347016
v 66.852272 187.952530 -4.698879
v 66.852272 100.489395 -4.698873
v 61.432686 187.573868 -5.266873
v 61.432686 100.868057 -5.266867
v 61.243355 100.489395 -4.698873
v 61.243355 187.952530 -4.698879
v -65.002617 100.489395 -5.854897
v -65.002617 187.952530 -5.854904
v -64.354485 187.952530 -6.024199
v -64.354485 100.489395 -6.024193
v -65.002617 187.952530 5.854876
v -65.002617 100.489395 5.854882
v -64.354485 100.489395 6.024178
v -64.354485 187.952530 6.024171
v -59.483635 187.573868 5.266845
v -59.483635 100.868057 5.266851
v -59.294304 100.489395 4.698857
v -59.294304 187.952530 4.698851
v 66.175095 100.489395 5.854882
v 66.175095 187.952530 5.854876
v 65.526955 187.952530 6.024171
v 65.526955 100.489395 6.024178
v 66.682983 194.940582 -5.347016
v 66.682983 251.822083 -5.347021
v 66.852272 251.822083 -4.698884
v 66.852272 194.940582 -4.698880
v 61.432686 251.443420 -5.266878
v 61.432686 195.319260 -5.266874
v 61.243355 194.940582 -4.698880
v 61.243355 251.822083 -4.698884
v -65.002617 194.940582 -5.854905
v -65.002617 251.822083 -5.854909
v -64.354485 251.822083 -6.024204
v -64.354485 194.940582 -6.024200
v -65.002617 251.822083 5.854871
v -65.002617 194.940582 5.854875
v -64.354485 194.940582 6.024171
v -64.354485 251.822083 6.024167
v -59.483635 251.443420 5.266840
v -59.483635 195.319260 5.266844
v -59.294304 194.940582 4.698850
v -59.294304 251.822083 4.698846
v 66.175095 194.940582 5.854875
v 66.175095 251.822083 5.854871
v 65.526955 251.822083 6.024167
v 65.526955 194.940582 6.024171
v 66.682983 275.574707 -5.347023
v 66.682983 280.889465 -5.347023
v 66.852272 280.889465 -4.698886
v 66.852272 275.574707 -4.698886
v 65.526955 282.045471 -5.347023
v 61.243355 282.045471 -5.347023
v 61.243355 282.214783 -4.698886
v 65.526955 282.214783 -4.698886
v -65.002617 275.574707 -5.854911
v -65.002617 280.889465 -5.854911
v -64.354485 275.574707 -6.024206
v -65.002617 280.889465 5.854869
v -65.002617 275.574707 5.854869
v -64.354485 275.574707 6.024165
v 66.175095 275.574707 5.854869
v 66.175095 280.889465 5.854869
v 65.526955 280.889465 6.024165
v 65.526955 275.574707 6.024165
v 66.175095 282.045471 4.698843
v 66.175095 282.045471 -4.698886
v 65.526955 282.214783 4.698843
v 66.682983 258.810120 -5.347021
v 66.852272 258.810120 -4.698884
v 61.432686 275.196045 -5.266880
v 61.432686 259.188782 -5.266879
v 61.243355 258.810120 -4.698884
v 61.243355 275.574707 -4.698886
v -65.002617 258.810120 -5.854909
v -64.354485 258.810120 -6.024205
v -65.002617 258.810120 5.854870
v -64.354485 258.810120 6.024166
v -59.329468 275.609894 5.404384
v -59.483635 259.188782 5.266840
v -59.294304 258.810120 4.698845
v -59.294304 275.574707 4.698844
v 66.175095 258.810120 5.854870
v 65.526955 258.810120 6.024166
v -65.510506 93.501335 5.346994
v -65.510506 100.489395 5.346994
v -65.679802 100.489395 4.698857
v -65.679802 93.501335 4.698858
v 66.175095 100.489395 -5.854897
v 66.175095 93.501335 -5.854897
v 65.526955 93.501335 -6.024192
v 65.526955 100.489395 -6.024193
v 66.175095 93.501335 5.854883
v 65.526955 93.501335 6.024179
v -65.002617 93.501335 -5.854897
v -64.354485 93.501335 -6.024192
v 66.682983 10.442812 -5.347003
v 66.682983 93.501335 -5.347009
v 66.852272 93.501335 -4.698872
v 66.852272 10.442812 -4.698866
v 61.432686 93.122673 -5.266866
v 61.432686 10.821475 -5.266860
v 61.243355 10.442812 -4.698866
v 61.243355 93.501335 -4.698872
v -59.483635 93.122673 5.266852
v -59.483635 10.821475 5.266858
v -59.294304 10.442812 4.698864
v -59.294304 93.501335 4.698858
v 61.243355 282.045471 -5.347023
v -59.294304 282.045471 -5.347023
v -59.294304 282.214783 -4.698886
v 61.243355 282.214783 -4.698886
v -59.329468 275.609894 -5.404426
v 60.864693 275.764069 -5.266880
v 61.243355 275.574707 -4.698886
v -59.294304 275.574707 -4.698886
v 60.864693 258.620789 -5.266879
v -58.915642 258.620789 -5.266879
v -59.294304 258.810120 -4.698884
v 61.243355 258.810120 -4.698884
v -58.915642 252.011398 -5.266878
v 60.864693 252.011398 -5.266878
v 61.243355 251.822083 -4.698884
v -59.294304 251.822083 -4.698884
v 60.864693 194.751266 -5.266874
v -58.915642 194.751266 -5.266874
v -59.294304 194.940582 -4.698880
v 61.243355 194.940582 -4.698880
v -58.915642 188.141876 -5.266873
v 60.864693 188.141876 -5.266873
v 61.243355 187.952530 -4.698879
v -59.294304 187.952530 -4.698879
v 60.864693 100.300064 -5.266867
v -58.915642 100.300064 -5.266867
v -59.294304 100.489395 -4.698873
v 61.243355 100.489395 -4.698873
v -58.915642 93.690666 -5.266866
v 60.864693 93.690666 -5.266866
v 61.243355 93.501335 -4.698872
v -59.294304 93.501335 -4.698872
v 60.864693 10.253481 -5.266860
v -58.915642 10.253481 -5.266860
v -59.294304 10.442812 -4.698866
v 61.243355 10.442812 -4.698866
v -59.294304 5.271547 -5.347002
v -59.294304 5.102251 -4.698865
v 61.243355 5.779436 5.854889
v 65.526955 5.779436 5.854889
v 61.243355 6.427573 6.024185
v 61.432686 10.821475 5.266858
v 61.432686 93.122673 5.266852
v 61.243355 93.501335 4.698858
v 61.243355 10.442812 4.698864
v 61.432686 100.868057 5.266851
v 61.432686 187.573868 5.266845
v 61.243355 187.952530 4.698851
v 61.243355 100.489395 4.698857
v 61.432686 195.319260 5.266844
v 61.432686 251.443420 5.266840
v 61.243355 251.822083 4.698846
v 61.243355 194.940582 4.698850
v 61.432686 259.188782 5.266840
v 61.278515 275.609894 5.404384
v 61.243355 275.574707 4.698844
v 61.243355 258.810120 4.698845
v 61.243355 282.045471 5.346980
v 65.526955 282.045471 5.346980
v 61.243355 282.214783 4.698843
v -59.483635 259.188782 -5.266879
v -59.329468 275.609894 -5.404426
v -59.294304 275.574707 -4.698886
v -59.294304 258.810120 -4.698884
v -59.483635 195.319260 -5.266874
v -59.483635 251.443420 -5.266878
v -59.294304 251.822083 -4.698884
v -59.294304 194.940582 -4.698880
v -59.483635 100.868057 -5.266867
v -59.483635 187.573868 -5.266873
v -59.294304 187.952530 -4.698879
v -59.294304 100.489395 -4.698873
v -59.483635 10.821475 -5.266860
v -59.483635 93.122673 -5.266866
v -59.294304 93.501335 -4.698872
v -59.294304 10.442812 -4.698866
v -59.294304 5.779436 5.854889
v 61.243355 5.779436 5.854889
v 61.243355 6.427573 6.024185
v -59.294304 6.427573 6.024185
v -58.915642 10.253481 5.266858
v 60.864693 10.253481 5.266858
v 61.243355 10.442812 4.698864
v -59.294304 10.442812 4.698864
v -58.915642 100.300064 5.266851
v 60.864693 100.300064 5.266851
v 61.243355 100.489395 4.698857
v -59.294304 100.489395 4.698857
v 60.864693 93.690666 5.266852
v -58.915642 93.690666 5.266852
v -59.294304 93.501335 4.698858
v 61.243355 93.501335 4.698858
v 61.243355 194.940582 4.698850
v -59.294304 194.940582 4.698850
v -59.294304 187.952530 4.698851
v 61.243355 187.952530 4.698851
v 61.243355 258.810120 4.698845
v -59.294304 258.810120 4.698845
v -59.294304 251.822083 4.698846
v 61.243355 251.822083 4.698846
v -59.294304 282.045471 5.346980
v 61.243355 282.045471 5.346980
v 61.243355 282.214783 4.698843
v -59.294304 282.214783 4.698843
v 61.278515 275.609894 5.404384
v -59.329468 275.609894 5.404384
v -59.294304 275.574707 4.698844
v 61.243355 275.574707 4.698844
v -60.177853 10.001039 -6.024186
v -59.736080 9.559264 -6.024186
v -58.915642 9.685486 -5.834855
v -58.915642 10.253481 -5.266860
v -59.483635 10.821475 -5.266860
v -60.051632 10.821475 -5.834855
v -60.619625 10.442812 -6.024186
v -59.294304 9.117491 -6.024186
v -59.483635 10.821475 -5.266860
v -59.294304 10.442812 -4.698866
v -58.915642 10.253481 -5.266860
v -59.329468 10.407651 -5.404406
v -65.452187 5.895078 5.231359
v -64.886978 5.895078 5.796569
v -65.002617 6.427573 5.854889
v -64.354485 5.779436 5.854889
v -64.354485 5.271548 5.347001
v -65.002617 5.271548 4.698864
v -64.886978 5.329868 5.231359
v -65.510506 5.779436 4.698864
v -64.354485 6.427573 6.024185
v -65.002617 6.427573 5.854889
v -64.886978 5.329868 5.231359
v -65.510506 281.537598 4.698843
v -65.452187 281.421967 5.231338
v -64.886978 281.987152 5.231338
v -65.002617 282.045471 4.698843
v -64.354485 282.045471 5.346980
v -65.510506 280.889465 5.346981
v -65.510506 280.889465 5.346981
v -65.452187 281.421967 5.231338
v -64.354485 282.045471 5.346980
v -64.354485 282.214783 4.698843
v 66.175095 6.427573 5.854889
v 66.682983 6.427573 5.347001
v 66.682983 5.779436 4.698864
v 66.175095 5.271548 4.698864
v 65.526955 5.271548 5.347001
v 66.059448 5.329868 5.231359
v 66.059448 5.895078 5.796569
v 66.852272 6.427573 4.698864
v 65.526955 5.271548 5.347001
v 66.059448 5.329868 5.231359
v -58.915642 10.253481 5.266858
v -58.915642 9.685486 5.834853
v -59.736080 9.559264 6.024185
v -60.177853 10.001039 6.024185
v -60.051632 10.821475 5.834853
v -59.483635 10.821475 5.266858
v -58.915642 10.253481 5.266858
v -59.294304 10.442812 4.698864
v -59.483635 10.821475 5.266858
v -59.329468 10.407651 5.404404
v -59.294304 9.117491 6.024185
v -60.619625 10.442812 6.024185
v 66.059448 281.987152 5.231338
v 66.624657 281.421967 5.231338
v 66.682983 281.537598 4.698843
v 66.682983 280.889465 5.346981
v 65.526955 281.537598 5.854868
v 65.526955 282.045471 5.346980
v 66.682983 280.889465 5.346981
v 66.852272 280.889465 4.698844
v 66.682983 281.537598 4.698843
v 66.624657 281.421967 5.231338
v -60.177853 194.498810 -6.024200
v -59.736080 194.057037 -6.024200
v -58.915642 194.183258 -5.834869
v -58.915642 194.751266 -5.266874
v -59.483635 195.319260 -5.266874
v -60.051632 195.319260 -5.834869
v -60.619625 194.940582 -6.024200
v -59.294304 193.615265 -6.024200
v -59.483635 195.319260 -5.266874
v -59.294304 194.940582 -4.698880
v -58.915642 194.751266 -5.266874
v -59.329468 194.905441 -5.404420
v 66.059448 5.329867 -5.231360
v 66.624657 5.895077 -5.231360
v 66.682983 5.779435 -4.698865
v 66.682983 6.427572 -5.347002
v 65.526955 5.779435 -5.854890
v 65.526955 5.271547 -5.347002
v 66.682983 6.427572 -5.347002
v 66.852272 6.427572 -4.698865
v 66.682983 5.779435 -4.698865
v 66.624657 5.895077 -5.231360
v -58.915642 188.141876 -5.266873
v -58.915642 188.709854 -5.834868
v -59.736080 188.836090 -6.024199
v -60.177853 188.394302 -6.024199
v -60.051632 187.573868 -5.834868
v -59.483635 187.573868 -5.266873
v -58.915642 188.141876 -5.266873
v -59.294304 187.952530 -4.698879
v -59.483635 187.573868 -5.266873
v -59.329468 187.987701 -5.404419
v -59.294304 189.277863 -6.024199
v -60.619625 187.952530 -6.024199
v 65.526955 281.537598 -5.854911
v 66.175095 280.889465 -5.854911
v 66.059448 281.421967 -5.796591
v 66.624657 281.421967 -5.231381
v 66.682983 280.889465 -5.347023
v 66.682983 281.537598 -4.698886
v 66.624657 281.421967 -5.231381
v 66.059448 281.987152 -5.231381
v 66.175095 282.045471 -4.698886
v 65.526955 280.889465 -6.024206
v 65.526955 281.537598 -5.854911
v -60.177853 100.047615 -6.024193
v -59.736080 99.605843 -6.024193
v -58.915642 99.732071 -5.834862
v -58.915642 100.300064 -5.266867
v -59.483635 100.868057 -5.266867
v -60.051632 100.868057 -5.834862
v -60.619625 100.489395 -6.024193
v -59.294304 99.164062 -6.024193
v -59.483635 100.868057 -5.266867
v -59.294304 100.489395 -4.698873
v -58.915642 100.300064 -5.266867
v -59.329468 100.454231 -5.404413
v -65.002617 6.427572 -5.854890
v -65.510506 6.427572 -5.347002
v -65.510506 5.779435 -4.698865
v -65.002617 5.271547 -4.698865
v -64.354485 5.271547 -5.347002
v -64.886978 5.329867 -5.231360
v -64.886978 5.895077 -5.796570
v -65.679802 6.427572 -4.698865
v -64.354485 5.271547 -5.347002
v -64.886978 5.329867 -5.231360
v -58.915642 93.690666 -5.266866
v -58.915642 94.258659 -5.834861
v -59.736080 94.384888 -6.024192
v -60.177853 93.943115 -6.024192
v -60.051632 93.122673 -5.834861
v -59.483635 93.122673 -5.266866
v -58.915642 93.690666 -5.266866
v -59.294304 93.501335 -4.698872
v -59.483635 93.122673 -5.266866
v -59.329468 93.536499 -5.404412
v -59.294304 94.826653 -6.024192
v -60.619625 93.501335 -6.024192
v -64.354485 281.537598 -5.854911
v -64.354485 282.045471 -5.347023
v -65.002617 282.045471 -4.698886
v -65.510506 281.537598 -4.698886
v -65.510506 280.889465 -5.347023
v -65.452187 281.421967 -5.231381
v -64.886978 281.421967 -5.796591
v -65.002617 280.889465 -5.854911
v -64.886978 281.421967 -5.796591
v -64.354485 282.214783 -4.698886
v 61.685131 257.926575 -6.024205
v 62.126896 258.368347 -6.024205
v 62.000679 259.188782 -5.834874
v 61.432686 259.188782 -5.266879
v 60.864693 258.620789 -5.266879
v 60.864693 258.052795 -5.834874
v 61.243355 257.484802 -6.024205
v 62.568672 258.810120 -6.024205
v 60.864693 258.620789 -5.266879
v 61.243355 258.810120 -4.698884
v 61.432686 259.188782 -5.266879
v 61.278515 258.774963 -5.404425
v 61.432686 251.443420 -5.266878
v 62.000679 251.443420 -5.834873
v 62.126896 252.263855 -6.024204
v 61.685131 252.705612 -6.024204
v 60.864693 252.579407 -5.834873
v 60.864693 252.011398 -5.266878
v 61.432686 251.443420 -5.266878
v 61.243355 251.822083 -4.698884
v 60.864693 252.011398 -5.266878
v 61.278515 251.857224 -5.404424
v 62.568672 251.822083 -6.024204
v 61.243355 253.147385 -6.024204
v 61.505966 276.018402 -5.714900
v 62.000679 275.196045 -5.834875
v 60.864693 276.332031 -5.834875
v 61.505966 276.018402 -5.714900
v 61.685131 276.458282 -6.024206
v 62.568672 275.574707 -6.024206
v 62.000679 275.196045 -5.834875
v 61.505966 276.018402 -5.714900
v 60.864693 276.332031 -5.834875
v 61.243355 276.900055 -6.024206
v 61.685131 99.605843 -6.024193
v 62.126896 100.047615 -6.024193
v 62.000679 100.868057 -5.834862
v 61.432686 100.868057 -5.266867
v 60.864693 100.300064 -5.266867
v 60.864693 99.732071 -5.834862
v 61.243355 99.164062 -6.024193
v 62.568672 100.489395 -6.024193
v 60.864693 100.300064 -5.266867
v 61.243355 100.489395 -4.698873
v 61.432686 100.868057 -5.266867
v 61.278515 100.454231 -5.404413
v 61.432686 93.122673 -5.266866
v 62.000679 93.122673 -5.834861
v 62.126896 93.943115 -6.024192
v 61.685131 94.384888 -6.024192
v 60.864693 94.258659 -5.834861
v 60.864693 93.690666 -5.266866
v 61.432686 93.122673 -5.266866
v 61.243355 93.501335 -4.698872
v 60.864693 93.690666 -5.266866
v 61.278515 93.536499 -5.404412
v 62.568672 93.501335 -6.024192
v 61.243355 94.826653 -6.024192
v 61.685131 194.057037 -6.024200
v 62.126896 194.498810 -6.024200
v 62.000679 195.319260 -5.834869
v 61.432686 195.319260 -5.266874
v 60.864693 194.751266 -5.266874
v 60.864693 194.183258 -5.834869
v 61.243355 193.615265 -6.024200
v 62.568672 194.940582 -6.024200
v 60.864693 194.751266 -5.266874
v 61.243355 194.940582 -4.698880
v 61.432686 195.319260 -5.266874
v 61.278515 194.905441 -5.404420
v 61.432686 187.573868 -5.266873
v 62.000679 187.573868 -5.834868
v 62.126896 188.394302 -6.024199
v 61.685131 188.836090 -6.024199
v 60.864693 188.709854 -5.834868
v 60.864693 188.141876 -5.266873
v 61.432686 187.573868 -5.266873
v 61.243355 187.952530 -4.698879
v 60.864693 188.141876 -5.266873
v 61.278515 187.987701 -5.404419
v 62.568672 187.952530 -6.024199
v 61.243355 189.277863 -6.024199
v 61.432686 10.821475 5.266858
v 62.000679 10.821475 5.834853
v 62.126896 10.001039 6.024185
v 61.685131 9.559264 6.024185
v 60.864693 9.685486 5.834853
v 60.864693 10.253481 5.266858
v 61.432686 10.821475 5.266858
v 61.243355 10.442812 4.698864
v 60.864693 10.253481 5.266858
v 61.278515 10.407651 5.404404
v 62.568672 10.442812 6.024185
v 61.243355 9.117491 6.024185
v 60.864693 10.253481 -5.266860
v 60.864693 9.685486 -5.834855
v 61.685131 9.559264 -6.024186
v 62.126896 10.001039 -6.024186
v 62.000679 10.821475 -5.834855
v 61.432686 10.821475 -5.266860
v 60.864693 10.253481 -5.266860
v 61.243355 10.442812 -4.698866
v 61.432686 10.821475 -5.266860
v 61.278515 10.407651 -5.404406
v 61.243355 9.117491 -6.024186
v 62.568672 10.442812 -6.024186
v 61.432686 195.319260 5.266844
v 62.000679 195.319260 5.834839
v 62.126896 194.498810 6.024171
v 61.685131 194.057037 6.024171
v 60.864693 194.183258 5.834839
v 60.864693 194.751266 5.266844
v 61.432686 195.319260 5.266844
v 61.243355 194.940582 4.698850
v 60.864693 194.751266 5.266844
v 61.278515 194.905441 5.404390
v 62.568672 194.940582 6.024171
v 61.243355 193.615265 6.024171
v 61.685131 188.836090 6.024171
v 62.126896 188.394302 6.024171
v 62.000679 187.573868 5.834840
v 61.432686 187.573868 5.266845
v 60.864693 188.141876 5.266845
v 60.864693 188.709854 5.834840
v 61.243355 189.277863 6.024171
v 62.568672 187.952530 6.024171
v 60.864693 188.141876 5.266845
v 61.243355 187.952530 4.698851
v 61.432686 187.573868 5.266845
v 61.278515 187.987701 5.404391
v 61.432686 100.868057 5.266851
v 62.000679 100.868057 5.834846
v 62.126896 100.047615 6.024178
v 61.685131 99.605843 6.024178
v 60.864693 99.732071 5.834846
v 60.864693 100.300064 5.266851
v 61.432686 100.868057 5.266851
v 61.243355 100.489395 4.698857
v 60.864693 100.300064 5.266851
v 61.278515 100.454231 5.404397
v 62.568672 100.489395 6.024178
v 61.243355 99.164062 6.024178
v 61.685131 94.384888 6.024179
v 62.126896 93.943115 6.024179
v 62.000679 93.122673 5.834847
v 61.432686 93.122673 5.266852
v 60.864693 93.690666 5.266852
v 60.864693 94.258659 5.834847
v 61.243355 94.826653 6.024179
v 62.568672 93.501335 6.024179
v 60.864693 93.690666 5.266852
v 61.243355 93.501335 4.698858
v 61.432686 93.122673 5.266852
v 61.278515 93.536499 5.404398
v 61.685131 252.705612 6.024167
v 62.126896 252.263855 6.024167
v 62.000679 251.443420 5.834835
v 61.432686 251.443420 5.266840
v 60.864693 252.011398 5.266840
v 60.864693 252.579407 5.834835
v 61.243355 253.147385 6.024167
v 62.568672 251.822083 6.024167
v 60.864693 252.011398 5.266840
v 61.243355 251.822083 4.698846
v 61.432686 251.443420 5.266840
v 61.278515 251.857224 5.404386
v 61.432686 259.188782 5.266840
v 62.000679 259.188782 5.834835
v 62.126896 258.368347 6.024166
v 61.685131 257.926575 6.024166
v 60.864693 258.052795 5.834835
v 60.864693 258.620789 5.266840
v 61.432686 259.188782 5.266840
v 61.243355 258.810120 4.698845
v 60.864693 258.620789 5.266840
v 61.278515 258.774963 5.404386
v 62.568672 258.810120 6.024166
v 61.243355 257.484802 6.024166
v -59.294304 193.615265 6.024171
v 61.243355 193.615265 6.024171
v 60.864693 93.690666 5.266852
v 60.864693 94.258659 5.834847
v -58.915642 94.258659 5.834847
v -58.915642 93.690666 5.266852
v 61.243355 94.826653 6.024179
v -59.294304 94.826653 6.024179
v 60.864693 188.709854 5.834840
v 61.243355 189.277863 6.024171
v -59.294304 189.277863 6.024171
v -58.915642 188.709854 5.834840
v -58.915642 258.052795 5.834835
v -59.294304 257.484802 6.024166
v 61.243355 257.484802 6.024166
v 60.864693 258.052795 5.834835
v 60.864693 252.579407 5.834835
v 61.243355 253.147385 6.024167
v -59.294304 253.147385 6.024167
v -58.915642 252.579407 5.834835
v -60.619625 275.574707 -6.024206
v -60.177853 258.368347 -6.024205
v -59.736080 257.926575 -6.024205
v -58.915642 258.052795 -5.834874
v -58.915642 258.620789 -5.266879
v -59.483635 259.188782 -5.266879
v -60.051632 259.188782 -5.834874
v -60.619625 258.810120 -6.024205
v -59.294304 257.484802 -6.024205
v -59.483635 259.188782 -5.266879
v -59.294304 258.810120 -4.698884
v -58.915642 258.620789 -5.266879
v -59.329468 258.774963 -5.404425
v -58.915642 252.011398 -5.266878
v -58.915642 252.579407 -5.834873
v -59.736080 252.705612 -6.024204
v -60.177853 252.263855 -6.024204
v -60.051632 251.443420 -5.834873
v -59.483635 251.443420 -5.266878
v -58.915642 252.011398 -5.266878
v -59.294304 251.822083 -4.698884
v -59.483635 251.443420 -5.266878
v -59.329468 251.857224 -5.404424
v -59.294304 253.147385 -6.024204
v -60.619625 251.822083 -6.024204
v -59.483635 93.122673 5.266852
v -60.051632 93.122673 5.834847
v -60.177853 93.943115 6.024179
v -59.736080 94.384888 6.024179
v -58.915642 94.258659 5.834847
v -58.915642 93.690666 5.266852
v -59.483635 93.122673 5.266852
v -59.294304 93.501335 4.698858
v -58.915642 93.690666 5.266852
v -59.329468 93.536499 5.404398
v -60.619625 93.501335 6.024179
v -59.294304 94.826653 6.024179
v -59.736080 99.605843 6.024178
v -60.177853 100.047615 6.024178
v -60.051632 100.868057 5.834846
v -59.483635 100.868057 5.266851
v -58.915642 100.300064 5.266851
v -58.915642 99.732071 5.834846
v -59.294304 99.164062 6.024178
v -60.619625 100.489395 6.024178
v -58.915642 100.300064 5.266851
v -59.294304 100.489395 4.698857
v -59.483635 100.868057 5.266851
v -59.329468 100.454231 5.404397
v -59.483635 187.573868 5.266845
v -60.051632 187.573868 5.834840
v -60.177853 188.394302 6.024171
v -59.736080 188.836090 6.024171
v -58.915642 188.709854 5.834840
v -58.915642 188.141876 5.266845
v -59.483635 187.573868 5.266845
v -59.294304 187.952530 4.698851
v -58.915642 188.141876 5.266845
v -59.329468 187.987701 5.404391
v -60.619625 187.952530 6.024171
v -59.294304 189.277863 6.024171
v -59.736080 194.057037 6.024171
v -60.177853 194.498810 6.024171
v -60.051632 195.319260 5.834839
v -59.483635 195.319260 5.266844
v -58.915642 194.751266 5.266844
v -58.915642 194.183258 5.834839
v -59.294304 193.615265 6.024171
v -60.619625 194.940582 6.024171
v -58.915642 194.751266 5.266844
v -59.294304 194.940582 4.698850
v -59.483635 195.319260 5.266844
v -59.329468 194.905441 5.404390
v -59.483635 251.443420 5.266840
v -60.051632 251.443420 5.834835
v -60.177853 252.263855 6.024167
v -59.736080 252.705612 6.024167
v -58.915642 252.579407 5.834835
v -58.915642 252.011398 5.266840
v -59.483635 251.443420 5.266840
v -59.294304 251.822083 4.698846
v -58.915642 252.011398 5.266840
v -59.329468 251.857224 5.404386
v -60.619625 251.822083 6.024167
v -59.294304 253.147385 6.024167
v -59.736080 257.926575 6.024166
v -60.177853 258.368347 6.024166
v -60.051632 259.188782 5.834835
v -59.483635 259.188782 5.266840
v -58.915642 258.620789 5.266840
v -58.915642 258.052795 5.834835
v -59.294304 257.484802 6.024166
v -60.619625 258.810120 6.024166
v -58.915642 258.620789 5.266840
v -59.294304 258.810120 4.698845
v -59.483635 259.188782 5.266840
v -59.329468 258.774963 5.404386
v -59.710629 275.513031 5.889520
v -60.051632 259.188782 5.834835
v -58.915642 99.732071 5.834846
v 60.864693 99.732071 5.834846
v 67.479202 133.139069 0.795598
v 67.232224 133.139069 0.795598
v 67.232224 133.139069 -0.795619
v 68.485252 133.139069 -0.795619
v -58.915642 99.732071 5.834846
v -59.294304 99.164062 6.024178
v 61.243355 99.164062 6.024178
v 60.864693 99.732071 5.834846
v -59.710629 275.513031 5.889520
v -59.702076 275.922485 5.890892
v -59.402328 276.222229 5.890892
v -65.002617 10.442812 5.854889
v -64.354485 10.442812 6.024185
v -65.002617 10.442812 5.854889
v -59.294304 5.779436 5.854889
v -64.354485 5.779436 5.854889
v -59.294304 5.779436 5.854889
v -59.294304 6.427573 6.024185
v 66.682983 6.427573 5.347001
v 66.682983 10.442812 5.347001
v 66.852272 10.442812 4.698864
v 66.682983 10.442812 5.347001
v 66.175095 10.442812 -5.854891
v 66.175095 6.427572 -5.854890
v 66.682983 5.779436 4.698864
v 61.243355 5.779435 -5.854890
v 65.526955 5.779435 -5.854890
v 61.243355 5.779435 -5.854890
v 61.243355 6.427572 -6.024186
v -65.510506 6.427572 -5.347002
v -65.510506 10.442812 -5.347003
v -65.679802 10.442812 -4.698866
v -65.510506 10.442812 -5.347003
v -65.510506 5.779436 4.698864
v -65.510506 5.779435 -4.698865
v -59.294304 282.045471 -5.347023
v -59.294304 281.537598 -5.854911
v -59.294304 282.214783 -4.698886
v -59.294304 282.045471 5.346980
v -59.294304 282.045471 5.346980
v -59.294304 282.214783 4.698843
v -59.294304 5.271547 -5.347002
v 66.175095 100.489395 -5.854897
v 66.175095 187.952530 -5.854904
v 65.526955 187.952530 -6.024199
v 66.175095 187.952530 -5.854904
v 62.000679 187.573868 -5.834868
v 62.000679 100.868057 -5.834862
v -65.510506 100.489395 -5.347009
v -65.510506 187.952530 -5.347016
v -65.510506 100.489395 -5.347009
v -65.679802 100.489395 -4.698873
v -65.679802 187.952530 -4.698879
v -65.510506 187.952530 -5.347016
v -65.510506 187.952530 5.346987
v -65.510506 100.489395 5.346994
v -65.510506 187.952530 5.346987
v -65.679802 187.952530 4.698851
v -60.051632 187.573868 5.834840
v -60.051632 100.868057 5.834846
v 66.682983 100.489395 5.346994
v 66.682983 187.952530 5.346987
v 66.682983 100.489395 5.346994
v 66.852272 100.489395 4.698857
v 66.852272 187.952530 4.698851
v 66.682983 187.952530 5.346987
v 66.175095 194.940582 -5.854905
v 66.175095 251.822083 -5.854909
v 66.175095 194.940582 -5.854905
v 65.526955 194.940582 -6.024200
v 65.526955 251.822083 -6.024204
v 66.175095 251.822083 -5.854909
v 62.000679 251.443420 -5.834873
v 62.000679 195.319260 -5.834869
v -65.510506 194.940582 -5.347016
v -65.510506 251.822083 -5.347021
v -65.510506 194.940582 -5.347016
v -65.679802 194.940582 -4.698880
v -65.679802 251.822083 -4.698884
v -65.510506 251.822083 -5.347021
v -65.510506 251.822083 5.346982
v -65.510506 194.940582 5.346987
v -65.510506 251.822083 5.346982
v -65.679802 251.822083 4.698846
v -65.679802 194.940582 4.698850
v -65.510506 194.940582 5.346987
v -60.051632 251.443420 5.834835
v -60.051632 195.319260 5.834839
v 66.682983 194.940582 5.346987
v 66.682983 251.822083 5.346982
v 66.682983 194.940582 5.346987
v 66.852272 194.940582 4.698850
v 66.852272 251.822083 4.698846
v 66.682983 251.822083 5.346982
v 66.682983 275.574707 -5.347023
v 66.175095 275.574707 -5.854911
v 65.526955 275.574707 -6.024206
v 65.526955 282.045471 -5.347023
v 61.243355 281.537598 -5.854911
v 61.243355 282.045471 -5.347023
v 61.243355 280.889465 -6.024206
v -65.002617 275.574707 -5.854911
v -65.510506 275.574707 -5.347023
v -65.679802 275.574707 -4.698886
v -65.510506 275.574707 5.346981
v -65.679802 275.574707 4.698844
v -65.510506 275.574707 5.346981
v 66.175095 275.574707 5.854869
v 66.682983 275.574707 5.346981
v 66.175095 280.889465 5.854869
v 66.852272 275.574707 4.698844
v 66.682983 281.537598 -4.698886
v 66.175095 258.810120 -5.854909
v 66.175095 275.574707 -5.854911
v 66.175095 258.810120 -5.854909
v 65.526955 258.810120 -6.024205
v 61.432686 275.196045 -5.266880
v -65.510506 258.810120 -5.347021
v -65.510506 275.574707 -5.347023
v -65.510506 258.810120 -5.347021
v -65.679802 258.810120 -4.698884
v -65.510506 258.810120 5.346982
v -65.679802 258.810120 4.698845
v -65.510506 258.810120 5.346982
v -59.329468 275.609894 5.404384
v 66.682983 258.810120 5.346982
v 66.682983 275.574707 5.346981
v 66.682983 258.810120 5.346982
v 66.852272 258.810120 4.698845
v -65.510506 93.501335 5.346994
v -65.002617 93.501335 5.854883
v -64.354485 93.501335 6.024179
v 66.682983 100.489395 -5.347009
v 66.682983 93.501335 -5.347009
v 66.682983 93.501335 5.346994
v 66.682983 93.501335 5.346994
v 66.852272 93.501335 4.698858
v -65.510506 93.501335 -5.347009
v -65.510506 93.501335 -5.347009
v -65.679802 93.501335 -4.698872
v 66.682983 10.442812 -5.347003
v 62.000679 93.122673 -5.834861
v 62.000679 10.821475 -5.834855
v -65.002617 93.501335 5.854883
v -60.051632 93.122673 5.834847
v -60.051632 10.821475 5.834853
v 61.243355 281.537598 -5.854911
v -59.294304 281.537598 -5.854911
v 61.243355 281.537598 -5.854911
v 61.243355 280.889465 -6.024206
v -59.294304 280.889465 -6.024206
v -59.294304 281.537598 -5.854911
v -59.329468 275.609894 -5.404426
v -58.915642 276.332031 -5.834875
v -58.915642 276.332031 -5.834875
v 61.243355 276.900055 -6.024206
v 60.864693 276.332031 -5.834875
v 60.864693 258.052795 -5.834874
v -58.915642 258.052795 -5.834874
v 60.864693 258.052795 -5.834874
v 61.243355 257.484802 -6.024205
v -59.294304 257.484802 -6.024205
v -58.915642 258.052795 -5.834874
v -58.915642 252.579407 -5.834873
v 60.864693 252.579407 -5.834873
v -58.915642 252.579407 -5.834873
v -59.294304 253.147385 -6.024204
v 61.243355 253.147385 -6.024204
v 60.864693 252.579407 -5.834873
v 60.864693 194.751266 -5.266874
v 60.864693 194.183258 -5.834869
v -58.915642 194.183258 -5.834869
v -58.915642 194.751266 -5.266874
v 61.243355 193.615265 -6.024200
v -59.294304 193.615265 -6.024200
v -58.915642 188.709854 -5.834868
v 60.864693 188.709854 -5.834868
v -58.915642 188.709854 -5.834868
v -59.294304 189.277863 -6.024199
v 61.243355 189.277863 -6.024199
v 60.864693 188.709854 -5.834868
v 60.864693 99.732071 -5.834862
v -58.915642 99.732071 -5.834862
v 60.864693 99.732071 -5.834862
v 61.243355 99.164062 -6.024193
v -59.294304 99.164062 -6.024193
v -58.915642 99.732071 -5.834862
v -58.915642 93.690666 -5.266866
v -58.915642 94.258659 -5.834861
v 60.864693 94.258659 -5.834861
v 60.864693 93.690666 -5.266866
v -59.294304 94.826653 -6.024192
v 61.243355 94.826653 -6.024192
v 60.864693 9.685486 -5.834855
v -58.915642 9.685486 -5.834855
v 60.864693 9.685486 -5.834855
v 61.243355 9.117491 -6.024186
v -59.294304 9.117491 -6.024186
v -58.915642 9.685486 -5.834855
v -59.294304 5.271547 -5.347002
v -59.294304 5.779435 -5.854890
v 61.243355 5.779435 -5.854890
v 61.243355 5.271547 -5.347002
v -59.294304 6.427572 -6.024186
v 61.243355 6.427572 -6.024186
v 61.243355 5.271548 5.347001
v 61.243355 5.271548 5.347001
v 61.243355 5.102252 4.698864
v 62.000679 10.821475 5.834853
v 62.000679 93.122673 5.834847
v 62.000679 100.868057 5.834846
v 62.000679 187.573868 5.834840
v 62.000679 195.319260 5.834839
v 62.000679 251.443420 5.834835
v 61.243355 281.537598 5.854868
v 65.526955 281.537598 5.854868
v 61.243355 281.537598 5.854868
v 61.243355 280.889465 6.024165
v -60.051632 195.319260 -5.834869
v -60.051632 251.443420 -5.834873
v -60.051632 100.868057 -5.834862
v -60.051632 187.573868 -5.834868
v -60.051632 10.821475 -5.834855
v -60.051632 93.122673 -5.834861
v 61.243355 5.779436 5.854889
v -58.915642 9.685486 5.834853
v 60.864693 9.685486 5.834853
v 66.852272 143.857635 2.734992
v 66.852272 113.096962 2.734994
v 66.852272 143.857635 -2.735014
v 66.852272 113.096962 -2.735011
v 67.232224 143.857635 2.734992
v 66.852272 143.857635 2.734992
v 66.852272 113.096962 2.734994
v 67.232224 113.096962 2.734994
v 67.232224 143.857635 -2.735014
v 66.852272 143.857635 -2.735014
v 66.852272 143.857635 2.734992
v 67.232224 143.857635 2.734992
v 67.232224 113.096962 -2.735011
v 66.852272 113.096962 -2.735011
v 66.852272 143.857635 -2.735014
v 67.232224 143.857635 -2.735014
v 67.232224 113.096962 2.734994
v 66.852272 113.096962 2.734994
v 66.852272 113.096962 -2.735011
v 67.232224 113.096962 -2.735011
v 67.232224 129.261871 1.179391
v 67.232224 143.857635 2.734992
v 67.232224 113.096962 2.734994
v 67.232224 116.259644 1.179392
v 68.485252 133.139069 -0.795619
v 68.485252 139.980438 -0.996034
v 67.479202 139.980438 0.996013
v 67.479202 133.139069 0.795598
v 67.232224 116.259644 -1.179410
v 67.232224 113.096962 -2.735011
v 67.232224 143.857635 -2.735014
v 67.232224 129.261871 -1.179411
v 67.918983 129.261871 1.179391
v 67.232224 129.261871 1.179391
v 67.232224 116.259644 1.179392
v 67.918983 116.259644 1.179392
v 67.918983 129.261871 -1.179411
v 67.232224 129.261871 -1.179411
v 67.232224 129.261871 1.179391
v 67.918983 129.261871 1.179391
v 67.918983 116.259644 -1.179410
v 67.232224 116.259644 -1.179410
v 67.232224 129.261871 -1.179411
v 67.918983 129.261871 -1.179411
v 67.918983 116.259644 1.179392
v 67.232224 116.259644 1.179392
v 67.232224 116.259644 -1.179410
v 67.918983 116.259644 -1.179410
v 67.232224 139.980438 0.996013
v 67.232224 133.139069 0.795598
v 67.232224 139.980438 -0.996034
v 67.232224 133.139069 -0.795619
v 67.479202 139.980438 0.996013
v 67.232224 139.980438 0.996013
v 67.232224 133.139069 0.795598
v 67.479202 133.139069 0.795598
v 68.485252 139.980438 -0.996034
v 67.232224 139.980438 -0.996034
v 67.232224 139.980438 0.996013
v 67.479202 139.980438 0.996013
v -65.450050 42.856934 -0.610378
v -65.450050 50.491589 -0.610378
v -65.288635 50.491589 -0.007960
v -65.288635 42.856934 -0.007959
v -65.450050 51.286781 -0.610378
v -65.450050 58.523838 -0.610379
v -65.288635 58.523838 -0.007960
v -65.288635 51.286781 -0.007960
v -65.450050 59.319027 -0.610379
v -65.450050 66.953682 -0.610380
v -65.288635 66.953682 -0.007961
v -65.288635 59.319027 -0.007960
v -65.891052 42.856934 -1.051379
v -65.891052 50.491589 -1.051379
v -65.891052 51.286781 -1.051379
v -65.891052 58.523838 -1.051380
v -65.891052 59.319027 -1.051380
v -65.891052 66.953682 -1.051380
v -66.493469 42.856934 -1.212796
v -66.493469 50.491589 -1.212797
v -66.493469 51.286781 -1.212797
v -66.493469 58.523838 -1.212797
v -66.493469 59.319027 -1.212797
v -66.493469 66.953682 -1.212798
v -67.095886 42.856934 -1.051379
v -67.095886 50.491589 -1.051379
v -67.095886 51.286781 -1.051379
v -67.095886 58.523838 -1.051380
v -67.095886 59.319027 -1.051380
v -67.095886 66.953682 -1.051380
v -67.536888 42.856934 -0.610378
v -67.536888 50.491589 -0.610378
v -67.536888 51.286781 -0.610378
v -67.536888 58.523838 -0.610379
v -67.536888 59.319027 -0.610379
v -67.536888 66.953682 -0.610380
v -67.698303 42.856934 -0.007959
v -67.698303 50.491589 -0.007960
v -67.698303 51.286781 -0.007960
v -67.698303 58.523838 -0.007960
v -67.698303 59.319027 -0.007960
v -67.698303 66.953682 -0.007961
v -67.536888 42.856934 0.594459
v -67.536888 50.491589 0.594459
v -67.536888 51.286781 0.594459
v -67.536888 58.523838 0.594458
v -67.536888 59.319027 0.594458
v -67.536888 66.953682 0.594458
v -67.095886 42.856934 1.035460
v -67.095886 50.491589 1.035460
v -67.095886 51.286781 1.035460
v -67.095886 58.523838 1.035459
v -67.095886 59.319027 1.035459
v -67.095886 66.953682 1.035459
v -66.493469 42.856934 1.196878
v -66.493469 50.491589 1.196877
v -66.493469 51.286781 1.196877
v -66.493469 58.523838 1.196877
v -66.493469 59.319027 1.196877
v -66.493469 66.953682 1.196876
v -65.891052 42.856934 1.035460
v -65.891052 50.491589 1.035460
v -66.493469 50.491589 1.196877
v -66.493469 42.856934 1.196878
v -65.891052 51.286781 1.035460
v -65.891052 58.523838 1.035459
v -66.493469 58.523838 1.196877
v -66.493469 51.286781 1.196877
v -65.891052 59.319027 1.035459
v -65.891052 66.953682 1.035459
v -66.493469 66.953682 1.196876
v -66.493469 59.319027 1.196877
v -65.450050 42.856934 0.594459
v -65.450050 50.491589 0.594459
v -65.450050 51.286781 0.594459
v -65.450050 58.523838 0.594458
v -65.450050 59.319027 0.594458
v -65.450050 66.953682 0.594458
v -65.775093 50.491589 -0.007960
v -65.871338 50.491589 -0.367147
v -65.871338 51.286781 -0.367147
v -65.775093 51.286781 -0.007960
v -65.775093 58.523838 -0.007960
v -65.871338 58.523838 -0.367148
v -65.871338 59.319027 -0.367148
v -65.775093 59.319027 -0.007960
v -66.134285 50.491589 -0.630091
v -66.134285 51.286781 -0.630091
v -66.134285 58.523838 -0.630091
v -66.134285 59.319027 -0.630091
v -66.493469 50.491589 -0.726335
v -66.493469 51.286781 -0.726335
v -66.493469 58.523838 -0.726335
v -66.493469 59.319027 -0.726335
v -66.852654 50.491589 -0.630091
v -66.852654 51.286781 -0.630091
v -66.852654 58.523838 -0.630091
v -66.852654 59.319027 -0.630091
v -67.115601 50.491589 -0.367147
v -67.115601 51.286781 -0.367147
v -67.115601 58.523838 -0.367148
v -67.115601 59.319027 -0.367148
v -67.211845 50.491589 -0.007960
v -67.211845 51.286781 -0.007960
v -67.211845 58.523838 -0.007960
v -67.211845 59.319027 -0.007960
v -67.115601 50.491589 0.351228
v -67.115601 51.286781 0.351228
v -67.115601 58.523838 0.351227
v -67.115601 59.319027 0.351227
v -66.852654 50.491589 0.614171
v -66.852654 51.286781 0.614171
v -66.852654 58.523838 0.614171
v -66.852654 59.319027 0.614170
v -66.493469 50.491589 0.710415
v -66.493469 51.286781 0.710415
v -66.493469 58.523838 0.710415
v -66.493469 59.319027 0.710414
v -66.493469 50.491589 0.710415
v -66.134285 50.491589 0.614171
v -66.134285 51.286781 0.614171
v -66.493469 51.286781 0.710415
v -66.493469 58.523838 0.710415
v -66.134285 58.523838 0.614171
v -66.134285 59.319027 0.614170
v -66.493469 59.319027 0.710414
v -65.871338 50.491589 0.351228
v -65.871338 51.286781 0.351228
v -65.871338 58.523838 0.351227
v -65.871338 59.319027 0.351227
v -65.871338 51.286781 -0.367147
v -65.450050 51.286781 -0.610378
v -65.288635 51.286781 -0.007960
v -65.775093 51.286781 -0.007960
v -65.775093 50.491589 -0.007960
v -65.288635 50.491589 -0.007960
v -65.450050 50.491589 -0.610378
v -65.871338 50.491589 -0.367147
v -66.134285 51.286781 -0.630091
v -65.891052 51.286781 -1.051379
v -65.891052 50.491589 -1.051379
v -66.134285 50.491589 -0.630091
v -66.493469 51.286781 -0.726335
v -66.493469 51.286781 -1.212797
v -66.493469 50.491589 -1.212797
v -66.493469 50.491589 -0.726335
v -66.852654 51.286781 -0.630091
v -67.095886 51.286781 -1.051379
v -67.095886 50.491589 -1.051379
v -66.852654 50.491589 -0.630091
v -67.115601 51.286781 -0.367147
v -67.536888 51.286781 -0.610378
v -67.536888 50.491589 -0.610378
v -67.115601 50.491589 -0.367147
v -67.211845 51.286781 -0.007960
v -67.698303 51.286781 -0.007960
v -67.698303 50.491589 -0.007960
v -67.211845 50.491589 -0.007960
v -67.115601 51.286781 0.351228
v -67.536888 51.286781 0.594459
v -67.536888 50.491589 0.594459
v -67.115601 50.491589 0.351228
v -66.852654 51.286781 0.614171
v -67.095886 51.286781 1.035460
v -67.095886 50.491589 1.035460
v -66.852654 50.491589 0.614171
v -66.493469 51.286781 0.710415
v -66.493469 51.286781 1.196877
v -66.493469 50.491589 1.196877
v -66.493469 50.491589 0.710415
v -66.134285 51.286781 0.614171
v -65.891052 51.286781 1.035460
v -66.493469 51.286781 1.196877
v -66.493469 51.286781 0.710415
v -66.493469 50.491589 0.710415
v -66.493469 50.491589 1.196877
v -65.891052 50.491589 1.035460
v -66.134285 50.491589 0.614171
v -65.871338 51.286781 0.351228
v -65.450050 51.286781 0.594459
v -65.450050 50.491589 0.594459
v -65.871338 50.491589 0.351228
v -65.871338 59.319027 -0.367148
v -65.450050 59.319027 -0.610379
v -65.288635 59.319027 -0.007960
v -65.775093 59.319027 -0.007960
v -65.775093 58.523838 -0.007960
v -65.288635 58.523838 -0.007960
v -65.450050 58.523838 -0.610379
v -65.871338 58.523838 -0.367148
v -66.134285 59.319027 -0.630091
v -65.891052 59.319027 -1.051380
v -65.891052 58.523838 -1.051380
v -66.134285 58.523838 -0.630091
v -66.493469 59.319027 -0.726335
v -66.493469 59.319027 -1.212797
v -66.493469 58.523838 -1.212797
v -66.493469 58.523838 -0.726335
v -66.852654 59.319027 -0.630091
v -67.095886 59.319027 -1.051380
v -67.095886 58.523838 -1.051380
v -66.852654 58.523838 -0.630091
v -67.115601 59.319027 -0.367148
v -67.536888 59.319027 -0.610379
v -67.536888 58.523838 -0.610379
v -67.115601 58.523838 -0.367148
v -67.211845 59.319027 -0.007960
v -67.698303 59.319027 -0.007960
v -67.698303 58.523838 -0.007960
v -67.211845 58.523838 -0.007960
v -67.115601 59.319027 0.351227
v -67.536888 59.319027 0.594458
v -67.536888 58.523838 0.594458
v -67.115601 58.523838 0.351227
v -66.852654 59.319027 0.614170
v -67.095886 59.319027 1.035459
v -67.095886 58.523838 1.035459
v -66.852654 58.523838 0.614171
v -66.493469 59.319027 0.710414
v -66.493469 59.319027 1.196877
v -66.493469 58.523838 1.196877
v -66.493469 58.523838 0.710415
v -66.134285 59.319027 0.614170
v -65.891052 59.319027 1.035459
v -66.493469 59.319027 1.196877
v -66.493469 59.319027 0.710414
v -66.493469 58.523838 0.710415
v -66.493469 58.523838 1.196877
v -65.891052 58.523838 1.035459
v -66.134285 58.523838 0.614171
v -65.871338 59.319027 0.351227
v -65.450050 59.319027 0.594458
v -65.450050 58.523838 0.594458
v -65.871338 58.523838 0.351227
v -65.450050 216.737381 -0.610391
v -65.450050 224.372025 -0.610391
v -65.288635 224.372025 -0.007973
v -65.288635 216.737381 -0.007972
v -65.450050 225.167221 -0.610391
v -65.450050 232.404266 -0.610392
v -65.288635 232.404266 -0.007973
v -65.288635 225.167221 -0.007973
v -65.450050 233.199463 -0.610392
v -65.450050 240.834122 -0.610393
v -65.288635 240.834122 -0.007974
v -65.288635 233.199463 -0.007973
v -65.891052 216.737381 -1.051392
v -65.891052 224.372025 -1.051392
v -65.891052 225.167221 -1.051392
v -65.891052 232.404266 -1.051393
v -65.891052 233.199463 -1.051393
v -65.891052 240.834122 -1.051394
v -66.493469 216.737381 -1.212809
v -66.493469 224.372025 -1.212810
v -66.493469 225.167221 -1.212810
v -66.493469 232.404266 -1.212810
v -66.493469 233.199463 -1.212811
v -66.493469 240.834122 -1.212811
v -67.095886 216.737381 -1.051392
v -67.095886 224.372025 -1.051392
v -67.095886 225.167221 -1.051392
v -67.095886 232.404266 -1.051393
v -67.095886 233.199463 -1.051393
v -67.095886 240.834122 -1.051394
v -67.536888 216.737381 -0.610391
v -67.536888 224.372025 -0.610391
v -67.536888 225.167221 -0.610391
v -67.536888 232.404266 -0.610392
v -67.536888 233.199463 -0.610392
v -67.536888 240.834122 -0.610393
v -67.698303 216.737381 -0.007972
v -67.698303 224.372025 -0.007973
v -67.698303 225.167221 -0.007973
v -67.698303 232.404266 -0.007973
v -67.698303 233.199463 -0.007973
v -67.698303 240.834122 -0.007974
v -67.536888 216.737381 0.594446
v -67.536888 224.372025 0.594446
v -67.536888 225.167221 0.594446
v -67.536888 232.404266 0.594445
v -67.536888 233.199463 0.594445
v -67.536888 240.834122 0.594445
v -67.095886 216.737381 1.035447
v -67.095886 224.372025 1.035447
v -67.095886 225.167221 1.035447
v -67.095886 232.404266 1.035446
v -67.095886 233.199463 1.035446
v -67.095886 240.834122 1.035445
v -66.493469 216.737381 1.196865
v -66.493469 224.372025 1.196864
v -66.493469 225.167221 1.196864
v -66.493469 232.404266 1.196864
v -66.493469 233.199463 1.196864
v -66.493469 240.834122 1.196863
v -65.891052 216.737381 1.035447
v -65.891052 224.372025 1.035447
v -65.891052 225.167221 1.035447
v -65.891052 232.404266 1.035446
v -65.891052 233.199463 1.035446
v -65.891052 240.834122 1.035445
v -65.450050 216.737381 0.594446
v -65.450050 224.372025 0.594446
v -65.450050 225.167221 0.594446
v -65.450050 232.404266 0.594445
v -65.450050 233.199463 0.594445
v -65.450050 240.834122 0.594445
v -65.288635 216.737381 -0.007972
v -65.288635 224.372025 -0.007973
v -65.288635 225.167221 -0.007973
v -65.288635 232.404266 -0.007973
v -65.288635 233.199463 -0.007973
v -65.288635 240.834122 -0.007974
v -65.775093 224.372025 -0.007973
v -65.871338 224.372025 -0.367160
v -65.871338 225.167221 -0.367160
v -65.775093 225.167221 -0.007973
v -65.775093 232.404266 -0.007973
v -65.871338 232.404266 -0.367161
v -65.871338 233.199463 -0.367161
v -65.775093 233.199463 -0.007973
v -66.134285 224.372025 -0.630104
v -66.134285 225.167221 -0.630104
v -66.134285 232.404266 -0.630104
v -66.134285 233.199463 -0.630104
v -66.493469 224.372025 -0.726348
v -66.493469 225.167221 -0.726348
v -66.493469 232.404266 -0.726348
v -66.493469 233.199463 -0.726348
v -66.852654 224.372025 -0.630104
v -66.852654 225.167221 -0.630104
v -66.852654 232.404266 -0.630104
v -66.852654 233.199463 -0.630104
v -67.115601 224.372025 -0.367160
v -67.115601 225.167221 -0.367160
v -67.115601 232.404266 -0.367161
v -67.115601 233.199463 -0.367161
v -67.211845 224.372025 -0.007973
v -67.211845 225.167221 -0.007973
v -67.211845 232.404266 -0.007973
v -67.211845 233.199463 -0.007973
v -67.115601 224.372025 0.351215
v -67.115601 225.167221 0.351215
v -67.115601 232.404266 0.351214
v -67.115601 233.199463 0.351214
v -66.852654 224.372025 0.614158
v -66.852654 225.167221 0.614158
v -66.852654 232.404266 0.614157
v -66.852654 233.199463 0.614157
v -66.493469 224.372025 0.710402
v -66.493469 225.167221 0.710402
v -66.493469 232.404266 0.710401
v -66.493469 233.199463 0.710401
v -66.134285 224.372025 0.614158
v -66.134285 225.167221 0.614158
v -66.134285 232.404266 0.614157
v -66.134285 233.199463 0.614157
v -65.871338 224.372025 0.351215
v -65.871338 225.167221 0.351215
v -65.871338 232.404266 0.351214
v -65.871338 233.199463 0.351214
v -65.775093 224.372025 -0.007973
v -65.775093 225.167221 -0.007973
v -65.775093 232.404266 -0.007973
v -65.775093 233.199463 -0.007973
v -65.871338 225.167221 -0.367160
v -65.450050 225.167221 -0.610391
v -65.288635 225.167221 -0.007973
v -65.775093 225.167221 -0.007973
v -65.775093 224.372025 -0.007973
v -65.288635 224.372025 -0.007973
v -65.450050 224.372025 -0.610391
v -65.871338 224.372025 -0.367160
v -66.134285 225.167221 -0.630104
v -65.891052 225.167221 -1.051392
v -65.891052 224.372025 -1.051392
v -66.134285 224.372025 -0.630104
v -66.493469 225.167221 -0.726348
v -66.493469 225.167221 -1.212810
v -66.493469 224.372025 -1.212810
v -66.493469 224.372025 -0.726348
v -66.852654 225.167221 -0.630104
v -67.095886 225.167221 -1.051392
v -67.095886 224.372025 -1.051392
v -66.852654 224.372025 -0.630104
v -67.115601 225.167221 -0.367160
v -67.536888 225.167221 -0.610391
v -67.536888 224.372025 -0.610391
v -67.115601 224.372025 -0.367160
v -67.211845 225.167221 -0.007973
v -67.698303 225.167221 -0.007973
v -67.698303 224.372025 -0.007973
v -67.211845 224.372025 -0.007973
v -67.115601 225.167221 0.351215
v -67.536888 225.167221 0.594446
v -67.536888 224.372025 0.594446
v -67.115601 224.372025 0.351215
v -66.852654 225.167221 0.614158
v -67.095886 225.167221 1.035447
v -67.095886 224.372025 1.035447
v -66.852654 224.372025 0.614158
v -66.493469 225.167221 0.710402
v -66.493469 225.167221 1.196864
v -66.493469 224.372025 1.196864
v -66.493469 224.372025 0.710402
v -66.134285 225.167221 0.614158
v -65.891052 225.167221 1.035447
v -65.891052 224.372025 1.035447
v -66.134285 224.372025 0.614158
v -65.871338 225.167221 0.351215
v -65.450050 225.167221 0.594446
v -65.450050 224.372025 0.594446
v -65.871338 224.372025 0.351215
v -65.775093 225.167221 -0.007973
v -65.288635 225.167221 -0.007973
v -65.288635 224.372025 -0.007973
v -65.775093 224.372025 -0.007973
v -65.871338 233.199463 -0.367161
v -65.450050 233.199463 -0.610392
v -65.288635 233.199463 -0.007973
v -65.775093 233.199463 -0.007973
v -65.775093 232.404266 -0.007973
v -65.288635 232.404266 -0.007973
v -65.450050 232.404266 -0.610392
v -65.871338 232.404266 -0.367161
v -66.134285 233.199463 -0.630104
v -65.891052 233.199463 -1.051393
v -65.891052 232.404266 -1.051393
v -66.134285 232.404266 -0.630104
v -66.493469 233.199463 -0.726348
v -66.493469 233.199463 -1.212811
v -66.493469 232.404266 -1.212810
v -66.493469 232.404266 -0.726348
v -66.852654 233.199463 -0.630104
v -67.095886 233.199463 -1.051393
v -67.095886 232.404266 -1.051393
v -66.852654 232.404266 -0.630104
v -67.115601 233.199463 -0.367161
v -67.536888 233.199463 -0.610392
v -67.536888 232.404266 -0.610392
v -67.115601 232.404266 -0.367161
v -67.211845 233.199463 -0.007973
v -67.698303 233.199463 -0.007973
v -67.698303 232.404266 -0.007973
v -67.211845 232.404266 -0.007973
v -67.115601 233.199463 0.351214
v -67.536888 233.199463 0.594445
v -67.536888 232.404266 0.594445
v -67.115601 232.404266 0.351214
v -66.852654 233.199463 0.614157
v -67.095886 233.199463 1.035446
v -67.095886 232.404266 1.035446
v -66.852654 232.404266 0.614157
v -66.493469 233.199463 0.710401
v -66.493469 233.199463 1.196864
v -66.493469 232.404266 1.196864
v -66.493469 232.404266 0.710401
v -66.134285 233.199463 0.614157
v -65.891052 233.199463 1.035446
v -65.891052 232.404266 1.035446
v -66.134285 232.404266 0.614157
v -65.871338 233.199463 0.351214
v -65.450050 233.199463 0.594445
v -65.450050 232.404266 0.594445
v -65.871338 232.404266 0.351214
v -65.775093 233.199463 -0.007973
v -65.288635 233.199463 -0.007973
v -65.288635 232.404266 -0.007973
v -65.775093 232.404266 -0.007973
v -59.294304 6.427573 6.024185
v -64.354485 6.427573 6.024185
v -60.177853 10.001039 6.024185
v -59.736080 9.559264 6.024185
v -59.294304 9.117491 6.024185
v 61.685131 9.559264 -6.024186
v 61.243355 6.427572 -6.024186
v 61.243355 9.117491 -6.024186
v 65.526955 6.427572 -6.024186
v 62.126896 10.001039 -6.024186
v -64.354485 6.427572 -6.024186
v -59.294304 6.427572 -6.024186
v -60.177853 10.001039 -6.024186
v -59.736080 9.559264 -6.024186
v -59.294304 9.117491 -6.024186
v -60.177853 258.368347 -6.024205
v -60.177853 252.263855 -6.024204
v -59.736080 257.926575 -6.024205
v -59.736080 252.705612 -6.024204
v -59.294304 257.484802 -6.024205
v -59.294304 253.147385 -6.024204
v -60.177853 93.943115 6.024179
v -60.177853 100.047615 6.024178
v -59.736080 94.384888 6.024179
v -59.736080 99.605843 6.024178
v -59.294304 94.826653 6.024179
v -59.294304 99.164062 6.024178
v 61.685131 99.605843 -6.024193
v 61.243355 94.826653 -6.024192
v 61.243355 99.164062 -6.024193
v 61.685131 94.384888 -6.024192
v 62.126896 100.047615 -6.024193
v 62.126896 93.943115 -6.024192
v 61.685131 194.057037 -6.024200
v 61.243355 189.277863 -6.024199
v 61.243355 193.615265 -6.024200
v 61.685131 188.836090 -6.024199
v 62.126896 194.498810 -6.024200
v 62.126896 188.394302 -6.024199
v -60.177853 188.394302 6.024171
v -60.177853 194.498810 6.024171
v -59.736080 188.836090 6.024171
v -59.736080 194.057037 6.024171
v -59.294304 189.277863 6.024171
v -59.294304 193.615265 6.024171
v 61.685131 257.926575 -6.024205
v 61.243355 253.147385 -6.024204
v 61.243355 257.484802 -6.024205
v 61.685131 252.705612 -6.024204
v 62.126896 258.368347 -6.024205
v 62.126896 252.263855 -6.024204
v -60.177853 252.263855 6.024167
v -60.177853 258.368347 6.024166
v -59.736080 252.705612 6.024167
v -59.736080 257.926575 6.024166
v -59.294304 253.147385 6.024167
v -59.294304 257.484802 6.024166
v 65.526955 6.427573 6.024185
v 61.243355 9.117491 6.024185
v 61.243355 6.427573 6.024185
v 61.685131 9.559264 6.024185
v 62.126896 10.001039 6.024185
v 61.685131 94.384888 6.024179
v 61.243355 99.164062 6.024178
v 61.243355 94.826653 6.024179
v 61.685131 99.605843 6.024178
v 62.126896 93.943115 6.024179
v 62.126896 100.047615 6.024178
v 61.685131 188.836090 6.024171
v 61.243355 193.615265 6.024171
v 61.243355 189.277863 6.024171
v 61.685131 194.057037 6.024171
v 62.126896 188.394302 6.024171
v 62.126896 194.498810 6.024171
v 61.685131 252.705612 6.024167
v 61.243355 257.484802 6.024166
v 61.243355 253.147385 6.024167
v 61.685131 257.926575 6.024166
v 62.126896 252.263855 6.024167
v 62.126896 258.368347 6.024166
v -60.177853 194.498810 -6.024200
v -60.177853 188.394302 -6.024199
v -59.736080 194.057037 -6.024200
v -59.736080 188.836090 -6.024199
v -59.294304 193.615265 -6.024200
v -59.294304 189.277863 -6.024199
v -60.177853 100.047615 -6.024193
v -60.177853 93.943115 -6.024192
v -59.736080 99.605843 -6.024193
v -59.736080 94.384888 -6.024192
v -59.294304 99.164062 -6.024193
v -59.294304 94.826653 -6.024192
vn 0.5773 0.5774 0.5774
vn 0.7438 0.5496 0.3804
vn 0.6561 0.6561 0.3728
vn 0.6561 -0.3728 0.6561
vn 0.6384 -0.6384 0.4299
vn 0.7398 -0.5196 0.4275
vn -0.4299 0.6384 0.6384
vn -0.4275 0.7398 0.5196
vn -0.6561 0.6561 0.3728
vn -0.3728 -0.6561 0.6561
vn -0.6384 -0.6384 0.4299
vn -0.5196 -0.7398 0.4275
vn 0.7437 0.5497 0.3804
vn 0.6561 0.6562 0.3728
vn -0.5196 -0.7397 0.4275
vn 0.7438 0.5497 0.3804
vn 0.7438 0.5496 -0.3804
vn 0.5773 0.5774 -0.5774
vn 0.6561 0.6562 -0.3728
vn 0.6384 -0.6384 -0.4299
vn 0.6561 -0.3728 -0.6561
vn 0.7398 -0.5196 -0.4275
vn -0.4275 0.7398 -0.5196
vn -0.4299 0.6384 -0.6384
vn -0.6561 0.6561 -0.3728
vn -0.6384 -0.6384 -0.4299
vn -0.3728 -0.6561 -0.6561
vn -0.5196 -0.7398 -0.4275
vn 0.7437 0.5497 -0.3804
vn 0.6561 0.6561 -0.3728
vn -0.5196 -0.7397 -0.4275
vn -0.6561 0.6562 -0.3728
vn -0.3804 -0.5497 0.7437
vn -0.5773 -0.5774 0.5773
vn -0.4275 0.5196 0.7397
vn -0.6561 0.3728 0.6561
vn 0.6561 -0.6561 0.3728
vn 0.7398 -0.4275 0.5196
vn 0.6384 -0.4299 0.6384
vn 0.5196 0.4275 0.7398
vn 0.6384 0.4299 0.6384
vn 0.3728 0.6561 0.6561
vn 0.5196 -0.4275 -0.7398
vn 0.6384 -0.4299 -0.6384
vn 0.3728 -0.6561 -0.6561
vn 0.5774 0.5774 -0.5773
vn 0.3728 0.6561 -0.6561
vn 0.3804 0.7437 -0.5497
vn -0.6561 -0.6561 -0.3728
vn -0.7398 -0.4275 -0.5196
vn -0.6384 -0.4299 -0.6384
vn -0.5440 0.4326 -0.7189
vn -0.4142 0.3136 -0.8544
vn -0.3569 0.4918 -0.7942
vn -0.3136 -0.4142 -0.8545
vn -0.4918 -0.3569 -0.7942
vn -0.4326 -0.5440 -0.7189
vn -0.5440 0.4326 -0.7190
vn -0.3570 0.4918 -0.7942
vn -0.3136 -0.4142 -0.8544
vn -0.5441 0.4326 -0.7189
vn -0.4326 -0.5441 -0.7189
vn -0.3136 0.4142 0.8544
vn -0.4918 0.3569 0.7942
vn -0.4326 0.5440 0.7189
vn -0.5440 -0.4326 0.7189
vn -0.4142 -0.3136 0.8544
vn -0.3569 -0.4918 0.7942
vn -0.5441 -0.4326 0.7189
vn -0.3570 -0.4918 0.7942
vn -0.4326 0.5440 0.7190
vn 0.4326 0.5440 -0.7189
vn 0.3136 0.4142 -0.8544
vn 0.4918 0.3570 -0.7942
vn 0.4142 -0.3136 -0.8544
vn 0.3569 -0.4918 -0.7942
vn 0.5440 -0.4326 -0.7189
vn 0.4326 0.5440 -0.7190
vn 0.3570 -0.4918 -0.7942
vn 0.4142 0.3136 0.8544
vn 0.3570 0.4918 0.7942
vn 0.5440 0.4326 0.7189
vn 0.3136 -0.4142 0.8545
vn 0.4918 -0.3570 0.7942
vn 0.4326 -0.5440 0.7189
vn 0.3136 -0.4142 0.8544
vn 0.5440 0.4326 0.7190
vn 0.4142 0.3136 0.8545
vn 0.4918 -0.3569 0.7942
vn 0.2899 -0.3697 -0.8828
vn 0.5206 -0.0487 -0.8524
vn 0.4049 -0.4049 -0.8199
vn 0.5363 -0.0100 -0.8439
vn -0.0000 -1.0000 -0.0000
vn -0.0000 1.0000 -0.0000
vn -0.0077 0.0030 1.0000
vn -0.0280 -0.0029 0.9996
vn 0.0077 -0.0030 1.0000
vn 0.0280 0.0029 0.9996
vn 0.0149 0.9999 -0.0000
vn -0.0149 0.9999 -0.0000
vn -0.0136 0.9989 0.0444
vn 0.0149 0.9989 0.0454
vn -1.0000 0.0016 -0.0000
vn -1.0000 -0.0030 -0.0000
vn -0.9990 -0.0027 0.0452
vn -0.9990 0.0054 0.0450
vn -0.0077 -1.0000 -0.0000
vn 0.0149 -0.9999 -0.0000
vn 0.0136 -0.9989 0.0444
vn -0.0259 -0.9987 0.0434
vn 1.0000 -0.0015 -0.0000
vn 1.0000 0.0059 -0.0000
vn 0.9990 0.0015 0.0454
vn 0.9990 -0.0054 0.0450
vn -0.0287 0.9620 0.2716
vn 0.0098 0.9680 0.2507
vn -0.9664 -0.0061 0.2568
vn -0.9663 0.0044 0.2575
vn 0.0287 -0.9620 0.2716
vn -0.0212 -0.9610 0.2757
vn 0.9677 0.0038 0.2519
vn 0.9663 -0.0044 0.2575
vn 0.9675 0.2527 -0.0000
vn 0.9464 0.3174 0.0602
vn -0.8849 0.4648 0.0308
vn -0.8629 0.5054 -0.0000
vn -0.4839 -0.8739 0.0457
vn -0.5054 -0.8629 -0.0000
vn 0.9503 -0.3020 0.0759
vn 0.9675 -0.2527 -0.0000
vn 0.3641 0.4903 0.7918
vn 0.2251 0.6890 0.6889
vn 0.0115 0.7071 0.7070
vn 0.0105 0.4235 0.9058
vn 0.6890 0.2251 0.6890
vn 0.5791 0.0029 0.8153
vn 0.7071 0.0022 0.7071
vn 0.6890 0.6890 0.2250
vn 0.4034 0.9148 0.0216
vn 0.1372 0.9810 0.1372
vn 0.6889 -0.2251 0.6890
vn 0.2112 -0.7918 0.5731
vn 0.2251 -0.6890 0.6890
vn 0.2251 -0.6890 0.6889
vn 0.6890 -0.6890 0.2251
vn 0.4235 -0.0013 0.9059
vn 0.0065 -0.5699 0.8217
vn 0.1372 -0.1372 0.9810
vn 0.5466 -0.8371 0.0213
vn -0.6890 0.2251 0.6890
vn -0.8426 0.2008 0.4997
vn -0.6889 0.2251 0.6890
vn -0.2251 0.6890 0.6889
vn -0.3543 0.9303 0.0955
vn -0.6890 0.6890 0.2248
vn -0.4235 0.0013 0.9059
vn -0.0065 0.5699 0.8217
vn -0.1372 0.1372 0.9810
vn -0.2251 -0.6889 0.6890
vn -0.7918 -0.2112 0.5731
vn -0.6890 -0.2251 0.6890
vn -0.6890 -0.2251 0.6889
vn -0.7067 -0.7067 0.0357
vn -0.0067 -0.4182 0.9083
vn -0.5781 -0.0013 0.8160
vn -0.1372 -0.1372 0.9810
vn -0.9690 -0.2413 0.0532
vn -0.0000 0.7072 0.7070
vn -0.7071 -0.0000 0.7071
vn -0.0000 -0.7070 0.7072
vn -0.0000 -0.7072 0.7070
vn 0.7071 -0.0000 0.7071
vn 0.5801 0.8146 -0.0000
vn 0.7071 0.7071 -0.0000
vn -0.7071 0.7071 -0.0000
vn -0.2527 0.9675 -0.0000
vn -0.7071 -0.7071 -0.0000
vn -0.9675 -0.2527 -0.0000
vn 0.4247 -0.9053 -0.0000
vn 0.7071 -0.7071 -0.0000
vn -1.0000 0.0015 -0.0000
vn 1.0000 -0.0016 -0.0000
vn 0.9677 0.0039 0.2519
vn -0.8849 0.4648 0.0307
vn 0.6889 0.6890 0.2252
vn 0.4033 0.9148 0.0216
vn 0.1373 0.9810 0.1372
vn -0.6890 0.2251 0.6889
vn -0.6890 0.6890 0.2250
vn 0.9464 0.3174 0.0603
vn -0.4839 -0.8739 0.0456
vn 0.2251 0.6890 0.6890
vn 0.0115 0.7071 0.7071
vn 0.2251 -0.6889 0.6890
vn 0.1373 -0.1372 0.9810
vn -0.1373 -0.1373 0.9810
vn 0.4248 -0.9053 -0.0000
vn 0.6889 0.2251 0.6890
vn 0.6890 -0.2251 0.6889
vn -0.8426 0.2008 0.4998
vn -0.1372 0.1373 0.9810
vn -0.2251 -0.6890 0.6889
vn -0.7067 -0.7066 0.0357
vn 0.0077 -0.0030 -1.0000
vn -0.0280 -0.0029 -0.9996
vn -0.0077 0.0030 -1.0000
vn 0.0280 0.0029 -0.9996
vn -0.0136 0.9989 -0.0443
vn 0.0149 0.9989 -0.0454
vn -0.9990 -0.0027 -0.0452
vn -0.9990 0.0054 -0.0450
vn 0.0136 -0.9989 -0.0443
vn -0.0259 -0.9987 -0.0434
vn 0.9990 0.0015 -0.0454
vn 0.9990 -0.0054 -0.0450
vn 0.0098 0.9680 -0.2507
vn -0.0287 0.9620 -0.2716
vn -0.9663 0.0044 -0.2575
vn -0.9664 -0.0061 -0.2568
vn -0.0212 -0.9610 -0.2757
vn 0.0287 -0.9620 -0.2716
vn 0.9663 -0.0044 -0.2575
vn 0.9677 0.0039 -0.2519
vn 0.9464 0.3174 -0.0603
vn -0.8849 0.4648 -0.0308
vn -0.4839 -0.8739 -0.0457
vn 0.9503 -0.3020 -0.0759
vn 0.0115 0.7071 -0.7071
vn 0.2251 0.6890 -0.6889
vn 0.3641 0.4903 -0.7918
vn 0.0105 0.4235 -0.9058
vn 0.5791 0.0029 -0.8153
vn 0.6890 0.2251 -0.6890
vn 0.7071 0.0022 -0.7071
vn 0.6890 0.6890 -0.2250
vn 0.4034 0.9148 -0.0216
vn 0.1372 0.9810 -0.1373
vn 0.6890 -0.2251 -0.6890
vn 0.2251 -0.6890 -0.6889
vn 0.2251 -0.6890 -0.6890
vn 0.2112 -0.7918 -0.5731
vn 0.6890 -0.6890 -0.2251
vn 0.0065 -0.5699 -0.8217
vn 0.4235 -0.0013 -0.9059
vn 0.1372 -0.1372 -0.9810
vn 0.5466 -0.8371 -0.0213
vn -0.8426 0.2008 -0.4997
vn -0.6889 0.2251 -0.6890
vn -0.2251 0.6890 -0.6889
vn -0.3543 0.9303 -0.0955
vn -0.6890 0.6889 -0.2252
vn -0.0066 0.5699 -0.8217
vn -0.4235 0.0013 -0.9059
vn -0.1372 0.1372 -0.9810
vn -0.2251 -0.6889 -0.6890
vn -0.6890 -0.2251 -0.6890
vn -0.7918 -0.2112 -0.5731
vn -0.7067 -0.7067 -0.0357
vn -0.5781 -0.0013 -0.8160
vn -0.0067 -0.4182 -0.9083
vn -0.1373 -0.1372 -0.9810
vn -0.9690 -0.2413 -0.0532
vn -0.0000 0.7072 -0.7070
vn -0.7071 -0.0000 -0.7071
vn -0.0000 -0.7070 -0.7072
vn -0.0000 -0.7072 -0.7070
vn 0.7071 -0.0000 -0.7071
vn -0.0137 0.9989 -0.0443
vn 0.0137 -0.9989 -0.0443
vn -0.8849 0.4648 -0.0307
vn 0.6889 0.6889 -0.2252
vn 0.4034 0.9148 -0.0217
vn 0.1373 0.9810 -0.1372
vn -0.6890 0.2251 -0.6890
vn -0.6890 0.6890 -0.2250
vn -0.0065 0.5699 -0.8217
vn -0.6890 -0.2251 -0.6889
vn 0.2251 0.6890 -0.6890
vn 0.6890 0.2251 -0.6889
vn 0.6890 0.6890 -0.2249
vn 0.1373 0.9810 -0.1371
vn 0.2251 -0.6889 -0.6890
vn 0.0066 -0.5699 -0.8217
vn -0.6889 -0.2251 -0.6890
vn 0.3642 0.4903 -0.7918
vn 0.6889 0.2251 -0.6890
vn 0.1373 0.9810 -0.1373
vn 0.6890 -0.2251 -0.6889
vn 0.6889 -0.6889 -0.2252
vn -0.1372 0.1373 -0.9810
vn -0.2251 -0.6890 -0.6889
vn -0.1372 -0.1372 -0.9810
vn -0.6132 -0.0063 0.7899
vn -0.7071 -0.0126 0.7071
vn -0.6133 -0.0063 0.7898
vn -0.5120 -0.0000 0.8590
vn 0.0004 -0.4330 0.9014
vn 0.0008 -0.4330 0.9014
vn 0.0004 -0.5662 0.8243
vn -0.0000 -0.5120 0.8590
vn -0.0247 -0.0368 0.9990
vn -0.0049 -0.0049 1.0000
vn -0.1805 -0.4299 0.8846
vn -0.3460 -0.3460 0.8721
vn -0.3226 0.0106 0.9465
vn -0.0957 -0.0049 0.9954
vn 1.0000 -0.0000 -0.0000
vn -1.0000 -0.0000 -0.0000
vn -0.0000 -0.0000 -1.0000
vn -0.0000 -0.0000 1.0000
vn -0.0000 0.7071 0.7071
vn -0.0000 0.4248 0.9053
vn -0.0000 0.5801 0.8145
vn 0.0081 -0.0066 0.9999
vn 0.0292 -0.0292 0.9991
vn 0.0481 -0.0016 0.9988
vn -0.0000 0.3162 0.9487
vn -0.0000 -0.0415 -0.9991
vn -0.0000 0.8323 0.5544
vn -0.0000 0.4853 0.8743
vn -0.0000 0.6139 0.7894
vn -0.0000 0.8321 0.5547
vn 0.0058 -0.0058 -1.0000
vn 0.0119 -0.0119 -0.9999
vn -0.0000 -0.0350 0.9994
vn -0.0000 -0.0415 0.9991
vn -0.0000 0.2527 0.9675
vn -0.0000 -0.8323 0.5544
vn -0.0000 -0.7071 0.7071
vn -0.0000 -0.8321 0.5547
vn -0.0000 -0.0293 -0.9996
vn -0.8633 -0.0274 0.5040
vn -0.8629 -0.0000 0.5054
vn -0.9675 -0.0000 0.2527
vn -0.9795 -0.1828 0.0849
vn -0.0000 -0.9032 0.4292
vn -0.0198 -0.8773 0.4795
vn -0.1278 -0.9823 0.1370
vn -0.0000 -0.9675 0.2527
vn 0.4886 -0.0129 0.8724
vn 0.5055 -0.0000 0.8628
vn 0.2527 -0.0000 0.9675
vn 0.0902 -0.1783 0.9798
vn 0.4195 -0.0000 -0.9077
vn 0.2939 -0.0632 -0.9538
vn 0.1291 -0.1371 -0.9821
vn 0.2527 -0.0000 -0.9675
vn 0.5048 -0.8631 -0.0126
vn 0.4909 -0.8711 0.0111
vn 0.1778 -0.9805 0.0843
vn 0.1385 -0.9822 -0.1270
vn 0.0001 -0.9584 -0.2854
vn 0.0230 -0.8796 -0.4752
vn -0.0000 -0.9675 -0.2527
vn -0.4886 -0.0129 -0.8724
vn -0.5054 -0.0000 -0.8629
vn -0.2527 -0.0000 -0.9675
vn -0.0807 -0.1863 -0.9792
vn -0.4980 -0.8671 0.0057
vn -0.4909 -0.8711 -0.0111
vn -0.1688 -0.9812 -0.0934
vn -0.9681 0.2504 0.0111
vn -0.9685 0.2483 -0.0211
vn -0.9815 0.1658 -0.0962
vn -0.9808 0.1676 0.0995
vn -0.0197 0.2486 -0.9684
vn -0.0000 0.2527 -0.9675
vn -0.1767 0.0895 -0.9802
vn -0.0000 0.5054 0.8629
vn -0.0302 0.4914 0.8704
vn -0.0950 0.1715 0.9806
vn -0.0000 -0.5054 -0.8629
vn -0.0301 -0.4914 -0.8704
vn -0.0000 -0.2527 -0.9675
vn 0.8681 -0.0000 -0.4964
vn 0.8629 -0.0000 -0.5054
vn 0.9675 -0.0000 -0.2527
vn -0.8323 -0.0000 -0.5543
vn -0.8321 -0.0000 -0.5547
vn -0.9487 -0.0000 -0.3162
vn -0.5055 -0.0000 -0.8629
vn -0.5055 -0.0000 0.8628
vn -0.5137 -0.0000 0.8579
vn -0.2527 -0.0000 0.9675
vn 0.8323 -0.0000 0.5543
vn 0.8321 -0.0000 0.5547
vn 0.9487 -0.0000 0.3162
vn 0.5055 -0.0000 0.8629
vn 0.8629 -0.0000 -0.5055
vn -0.8325 -0.0000 -0.5540
vn -0.5054 -0.0000 0.8629
vn 0.8325 -0.0000 0.5540
vn 0.8942 -0.0000 -0.4477
vn 0.9688 0.0346 -0.2454
vn 0.9815 0.1657 -0.0961
vn 0.0467 0.9518 -0.3031
vn -0.0000 0.9675 -0.2528
vn 0.2090 0.9765 -0.0530
vn -0.4477 -0.0000 -0.8942
vn -0.2454 0.0346 -0.9688
vn -0.5044 0.0213 0.8632
vn 0.4477 -0.0000 0.8942
vn 0.2862 0.0512 0.9568
vn 0.1458 0.1191 0.9821
vn 0.5048 0.8631 0.0126
vn 0.4909 0.8711 -0.0111
vn 0.1385 0.9822 0.1270
vn -0.9445 -0.0123 -0.3284
vn -0.9495 -0.0040 -0.3138
vn 0.9456 -0.0078 0.3252
vn 0.8175 -0.0143 0.5758
vn 0.9845 -0.0053 0.1753
vn 0.9988 -0.0000 0.0498
vn 0.5054 -0.0000 0.8629
vn -0.8733 -0.0000 0.4871
vn 0.2889 -0.0000 -0.9574
vn 0.5763 -0.0000 -0.8172
vn 0.9644 -0.0000 -0.2646
vn -0.8324 -0.0000 -0.5542
vn 0.8324 -0.0000 0.5542
vn -0.0000 0.8629 -0.5055
vn -0.0000 0.8629 -0.5054
vn -0.0000 0.9675 -0.2527
vn 0.0007 -0.9848 -0.1738
vn 0.0031 -0.8316 -0.5554
vn 0.0004 -0.9843 -0.1765
vn -0.0000 -0.9988 -0.0498
vn -0.0000 0.8323 -0.5544
vn -0.0000 0.8321 -0.5547
vn -0.0000 0.9487 -0.3163
vn -0.0000 0.9487 -0.3162
vn -0.0000 -0.8323 -0.5544
vn -0.0000 -0.8321 -0.5547
vn -0.0000 -0.9487 -0.3162
vn -0.0000 -0.9487 -0.3163
vn -0.0000 0.8320 -0.5547
vn -0.0000 -0.5055 0.8629
vn 0.0348 -0.4892 0.8715
vn -0.0000 -0.2527 0.9675
vn -0.8324 -0.0000 0.5542
vn -0.8321 -0.0000 0.5547
vn -0.9487 -0.0000 0.3162
vn -0.8323 -0.0000 0.5543
vn -0.8325 -0.0000 0.5540
vn -0.9845 -0.0053 0.1753
vn -0.9987 -0.0098 0.0503
vn -0.9845 -0.0053 0.1752
vn -0.0000 0.8629 0.5054
vn 0.0230 0.8796 0.4752
vn -0.0000 0.9675 0.2527
vn 0.9845 -0.0053 -0.1753
vn 0.9987 -0.0098 -0.0503
vn 0.9845 -0.0053 -0.1752
vn 0.9487 -0.0000 -0.3162
vn 0.8325 -0.0000 -0.5540
vn 0.8321 -0.0000 -0.5547
vn 0.8323 -0.0000 -0.5543
vn 0.8324 -0.0000 -0.5542
vn -0.0000 0.8320 0.5547
vn -0.0000 0.9487 0.3162
vn -0.0000 -0.9487 0.3162
vn -0.0000 -0.9487 0.3163
vn -0.0000 0.9487 0.3163
vn -0.0000 -0.9988 0.0497
vn -0.0000 -0.9988 0.0499
vn 0.2201 0.2047 -0.9537
vn 0.1982 0.2194 -0.9553
vn 0.2779 0.4551 -0.8460
vn 0.4461 0.6328 -0.6328
vn 0.6164 0.3340 -0.7131
vn 0.3174 0.0021 -0.9483
vn 0.3152 0.0017 -0.9490
vn 0.1924 0.1924 -0.9623
vn 0.7054 0.7054 -0.0703
vn 0.6882 0.6882 0.2294
vn 0.4240 0.4240 -0.8003
vn -0.7918 -0.4903 0.3641
vn -0.7068 -0.0270 0.7068
vn -0.0694 -0.3270 0.9425
vn -0.2251 -0.6890 0.6890
vn -0.6890 -0.6890 0.2251
vn -0.9643 -0.2642 0.0173
vn -0.0807 -0.1863 0.9792
vn -0.2476 -0.0243 0.9686
vn -0.1372 -0.9810 0.1372
vn -0.7070 0.7070 0.0131
vn -0.6890 0.6890 0.2251
vn -0.5731 0.7918 0.2112
vn -0.4234 0.9059 0.0120
vn -0.0231 0.7069 0.7069
vn -0.7070 0.0211 0.7069
vn -0.9684 0.0189 0.2487
vn -0.9810 0.1373 0.1372
vn -0.0360 0.9688 0.2451
vn -0.1278 0.9823 0.1370
vn 0.6890 -0.2251 0.6890
vn 0.9602 -0.0367 0.2768
vn 0.9531 -0.2995 0.0434
vn 0.0269 -0.7068 0.7069
vn 0.2112 -0.5731 0.7918
vn 0.9761 -0.2113 0.0507
vn 0.0412 -0.9689 0.2439
vn 0.1372 -0.9810 0.1373
vn 0.3340 0.6164 0.7131
vn 0.2141 0.4228 0.8806
vn 0.2047 0.2201 0.9537
vn 0.2194 0.1982 0.9553
vn 0.3203 0.0073 0.9473
vn 0.6328 0.4461 0.6329
vn 0.7054 0.7054 0.0703
vn 0.6882 0.6882 -0.2294
vn 0.7053 0.7054 0.0703
vn 0.4240 0.4240 0.8003
vn 0.1924 0.1924 0.9623
vn 0.3157 0.0009 0.9489
vn 0.4997 0.8426 0.2008
vn 0.6889 0.6890 0.2251
vn 0.7070 0.7071 0.0124
vn 0.0777 0.3357 0.9387
vn 0.8284 0.0128 0.5600
vn 0.9823 0.1247 0.1400
vn 0.9681 0.2504 0.0111
vn 0.9810 0.1373 0.1373
vn 0.2201 0.2047 -0.9538
vn 0.1981 0.2194 -0.9553
vn 0.4461 0.6328 -0.6329
vn 0.3179 0.0030 -0.9481
vn 0.3147 0.0025 -0.9492
vn 0.7053 0.7054 -0.0703
vn 0.4997 -0.8426 -0.2008
vn 0.7070 -0.7071 -0.0124
vn 0.0777 -0.3357 -0.9387
vn 0.8324 -0.0167 -0.5539
vn 0.9821 -0.1426 -0.1232
vn 0.9681 -0.2504 -0.0111
vn 0.9810 -0.1373 -0.1373
vn 0.3340 -0.6164 -0.7131
vn 0.2141 -0.4228 -0.8806
vn 0.2047 -0.2201 -0.9538
vn 0.2194 -0.1982 -0.9553
vn 0.3201 -0.0069 -0.9474
vn 0.6329 -0.4461 -0.6329
vn 0.7054 -0.7053 -0.0703
vn 0.6883 -0.6882 0.2294
vn 0.7054 -0.7054 -0.0703
vn 0.4240 -0.4239 -0.8003
vn 0.1924 -0.1924 -0.9623
vn 0.3157 -0.0008 -0.9488
vn 0.5702 0.0272 -0.8211
vn 0.4997 0.2008 -0.8426
vn 0.7070 0.0210 -0.7069
vn 0.9531 0.2995 -0.0434
vn 0.8426 0.4997 -0.2008
vn 0.6889 0.6890 -0.2251
vn 0.1854 0.0811 -0.9793
vn 0.0160 0.4090 -0.9124
vn 0.4461 0.6329 -0.6328
vn 0.3173 0.0020 -0.9483
vn 0.3153 0.0016 -0.9490
vn -0.9602 -0.0367 -0.2768
vn -0.9531 -0.2995 -0.0433
vn -0.6890 -0.6890 -0.2251
vn -0.0231 -0.7069 -0.7069
vn -0.2251 -0.6890 -0.6890
vn -0.2112 -0.5731 -0.7918
vn -0.9761 -0.2113 -0.0507
vn -0.0360 -0.9688 -0.2451
vn -0.1372 -0.9810 -0.1372
vn 0.3203 -0.0073 -0.9473
vn 0.6328 -0.4461 -0.6329
vn 0.6882 -0.6882 0.2294
vn 0.7053 -0.7054 -0.0703
vn 0.4239 -0.4239 -0.8003
vn 0.1925 -0.1925 -0.9622
vn 0.3157 -0.0009 -0.9489
vn -0.0231 0.7069 -0.7069
vn -0.0212 0.9062 -0.4223
vn -0.5742 0.8185 -0.0162
vn -0.7070 0.7071 -0.0124
vn -0.8211 0.0272 -0.5702
vn -0.7070 0.0211 -0.7069
vn -0.2026 0.9775 -0.0595
vn -0.2047 0.2202 -0.9537
vn -0.2194 0.1982 -0.9553
vn -0.6092 0.0102 -0.7929
vn -0.7071 0.0126 -0.7071
vn -0.3340 0.6164 -0.7131
vn -0.2141 0.4228 -0.8806
vn -0.1924 0.1924 -0.9623
vn -0.3137 0.0042 -0.9495
vn -0.7054 0.7054 -0.0703
vn -0.6882 0.6882 0.2294
vn -0.7053 0.7054 -0.0703
vn -0.4239 0.4239 -0.8003
vn -0.6164 -0.3340 -0.7131
vn -0.3179 -0.0030 -0.9481
vn -0.2201 -0.2047 -0.9538
vn -0.1982 -0.2194 -0.9553
vn -0.2779 -0.4551 -0.8460
vn -0.4461 -0.6328 -0.6329
vn -0.7053 -0.7054 -0.0703
vn -0.6882 -0.6883 0.2294
vn -0.7054 -0.7054 -0.0703
vn -0.4240 -0.4240 -0.8003
vn -0.3148 -0.0025 -0.9492
vn -0.1925 -0.1925 -0.9622
vn -0.8448 -0.1960 -0.4979
vn -0.6730 -0.3067 -0.6730
vn 0.0006 -0.6137 -0.7896
vn -0.3239 -0.8335 -0.4477
vn -0.2821 -0.2821 -0.9170
vn -0.3069 -0.0154 -0.9516
vn -0.4789 -0.0091 -0.8778
vn -0.4081 -0.4080 -0.8167
vn -0.1550 -0.3678 -0.9169
vn -0.1924 -0.1924 -0.9623
vn -0.2047 0.2201 -0.9537
vn -0.3201 0.0069 -0.9474
vn -0.6328 0.4461 -0.6328
vn -0.3157 0.0008 -0.9488
vn -0.4240 0.4240 -0.8003
vn -0.3174 -0.0021 -0.9483
vn -0.2201 -0.2047 -0.9537
vn -0.6882 -0.6882 0.2294
vn -0.7054 -0.7053 -0.0703
vn -0.3152 -0.0017 -0.9490
vn -0.3221 0.0105 -0.9467
vn -0.6329 0.4461 -0.6328
vn -0.3155 0.0013 -0.9489
vn -0.3173 -0.0020 -0.9483
vn -0.4461 -0.6328 -0.6328
vn -0.6883 -0.6882 0.2294
vn -0.3153 -0.0016 -0.9490
vn -0.6164 0.3340 0.7131
vn -0.3174 0.0021 0.9483
vn -0.2201 0.2047 0.9537
vn -0.1982 0.2194 0.9553
vn -0.2779 0.4551 0.8460
vn -0.4461 0.6328 0.6329
vn -0.7054 0.7054 0.0703
vn -0.6882 0.6882 -0.2294
vn -0.7054 0.7053 0.0703
vn -0.4240 0.4240 0.8003
vn -0.3152 0.0017 0.9490
vn -0.1924 0.1924 0.9623
vn -0.3203 0.0073 -0.9473
vn -0.3157 0.0009 -0.9489
vn -0.3179 0.0030 0.9481
vn -0.2201 0.2047 0.9538
vn -0.7053 0.7054 0.0703
vn -0.3148 0.0025 0.9492
vn -0.2047 -0.2201 0.9538
vn -0.2194 -0.1982 0.9553
vn -0.3201 -0.0069 0.9474
vn -0.6328 -0.4461 0.6329
vn -0.3340 -0.6164 0.7131
vn -0.2141 -0.4228 0.8806
vn -0.1924 -0.1924 0.9623
vn -0.3157 -0.0008 0.9488
vn -0.7054 -0.7053 0.0703
vn -0.6883 -0.6882 -0.2294
vn -0.7054 -0.7054 0.0703
vn -0.4240 -0.4240 0.8003
vn -0.3173 0.0020 0.9483
vn -0.4461 0.6328 0.6328
vn -0.3153 0.0016 0.9490
vn -0.2047 -0.2201 0.9537
vn -0.3203 -0.0073 0.9473
vn -0.6328 -0.4461 0.6328
vn -0.1925 -0.1925 0.9622
vn -0.3157 -0.0009 0.9489
vn -0.6882 -0.6882 -0.2294
vn -0.4239 -0.4240 0.8003
vn -0.3221 -0.0105 0.9467
vn -0.3155 -0.0013 0.9489
vn -0.6882 -0.6883 -0.2294
vn -0.7053 -0.7054 0.0703
vn -0.3217 0.0100 0.9468
vn -0.2202 0.2047 0.9537
vn -0.6882 0.6882 -0.2295
vn -0.4239 0.4239 0.8003
vn -0.3114 0.0080 0.9502
vn -0.0000 -0.4853 0.8743
vn -0.0000 -0.6139 0.7894
vn -0.0000 -0.3162 0.9487
vn 0.3137 -0.0042 -0.9495
vn 0.6144 0.0033 -0.7890
vn 0.4819 0.0063 -0.8762
vn 0.3114 0.0080 -0.9502
vn 0.6882 0.6882 0.2295
vn 0.4239 0.4239 -0.8004
vn 0.2047 -0.2201 -0.9537
vn 0.3221 -0.0105 -0.9467
vn 0.6882 -0.6883 0.2294
vn 0.4240 -0.4240 -0.8003
vn 0.3155 -0.0013 -0.9489
vn 0.6164 -0.3340 0.7131
vn 0.3174 -0.0021 0.9483
vn 0.2201 -0.2047 0.9537
vn 0.1982 -0.2194 0.9553
vn 0.2779 -0.4551 0.8460
vn 0.4461 -0.6328 0.6329
vn 0.7054 -0.7054 0.0703
vn 0.6882 -0.6882 -0.2294
vn 0.7054 -0.7054 0.0704
vn 0.4239 -0.4239 0.8003
vn 0.3152 -0.0017 0.9490
vn 0.1925 -0.1925 0.9622
vn 0.2194 0.1981 0.9553
vn 0.3201 0.0069 0.9474
vn 0.3157 0.0008 0.9488
vn 0.3173 -0.0020 0.9483
vn 0.4461 -0.6328 0.6328
vn 0.6883 -0.6882 -0.2294
vn 0.7054 -0.7053 0.0703
vn 0.3153 -0.0016 0.9490
vn 0.1924 -0.1924 0.9623
vn 0.3221 0.0105 0.9467
vn 0.6329 0.4461 0.6328
vn 0.3155 0.0013 0.9489
vn 0.3179 -0.0030 0.9481
vn 0.2201 -0.2047 0.9538
vn 0.7053 -0.7054 0.0703
vn 0.6882 -0.6883 -0.2294
vn 0.4240 -0.4240 0.8003
vn 0.3148 -0.0025 0.9492
vn 0.2047 0.2202 0.9537
vn 0.2279 0.0103 0.9736
vn 0.3114 0.0080 0.9502
vn 0.4239 0.4239 0.8004
vn 0.7435 -0.0152 0.6686
vn 0.7070 -0.0171 0.7070
vn 0.1588 -0.0117 0.9872
vn 0.5428 -0.2375 0.8056
vn 0.3213 -0.3213 0.8908
vn 0.9675 -0.0000 0.2527
vn -0.0000 -0.7071 -0.7071
vn -0.9675 -0.0000 -0.2527
vn -0.0000 0.8145 -0.5801
vn -0.0000 0.7071 -0.7071
vn 0.3376 -0.0000 -0.9413
vn -0.0000 0.5801 -0.8145
vn -0.9413 -0.0000 -0.3376
vn 0.9413 -0.0000 0.3376
vn 0.6614 -0.2889 0.6922
vn -0.2880 -0.0000 0.9576
vn 0.0008 -0.6122 -0.7907
vn -0.0000 -0.5120 -0.8590
vn -0.0000 -0.3162 -0.9487
vn -0.0000 -0.0416 -0.9991
vn -0.0000 0.3162 -0.9487
vn -0.0000 0.4853 -0.8743
vn -0.0000 0.6139 -0.7894
vn -0.0000 -0.4853 -0.8743
vn -0.0000 -0.6139 -0.7894
vn -0.0000 -0.4248 -0.9053
vn -0.0000 -0.5801 -0.8145
vn -0.0000 -0.8192 0.5735
vn 0.8719 -0.0000 0.4896
vn 0.8925 0.0132 0.4508
vn 0.8451 -0.0157 0.5343
vn -0.0000 -0.0293 0.9996
vn 0.9071 -0.0000 -0.4210
vn 0.8181 -0.0000 -0.5751
vn 0.9960 -0.0000 -0.0890
vn 0.9960 -0.0000 0.0890
vn 0.8181 -0.0000 -0.5750
vn 0.9960 -0.0000 -0.0889
vn 0.9960 -0.0000 0.0889
vn 0.5751 -0.0000 -0.8181
vn 0.4210 -0.0000 -0.9071
vn 0.5750 -0.0000 -0.8181
vn 0.0890 -0.0000 -0.9960
vn -0.0890 -0.0000 -0.9960
vn 0.0889 -0.0000 -0.9960
vn -0.0889 -0.0000 -0.9960
vn -0.4210 -0.0000 -0.9071
vn -0.5750 -0.0000 -0.8181
vn -0.5751 -0.0000 -0.8181
vn -0.8181 -0.0000 -0.5751
vn -0.9071 -0.0000 -0.4210
vn -0.8181 -0.0000 -0.5750
vn -0.9960 -0.0000 -0.0890
vn -0.9960 -0.0000 0.0890
vn -0.9960 -0.0000 -0.0889
vn -0.9960 -0.0000 0.0889
vn -0.9071 -0.0000 0.4210
vn -0.8181 -0.0000 0.5751
vn -0.8181 -0.0000 0.5750
vn -0.5751 -0.0000 0.8181
vn -0.4210 -0.0000 0.9071
vn -0.5750 -0.0000 0.8181
vn -0.2588 -0.0000 0.9659
vn 0.4210 -0.0000 0.9071
vn 0.5750 -0.0000 0.8181
vn 0.2588 -0.0000 0.9659
vn 0.5751 -0.0000 0.8181
vn 0.8181 -0.0000 0.5751
vn 0.9071 -0.0000 0.4210
vn 0.8181 -0.0000 0.5750
vn 0.9659 -0.0000 -0.2588
vn -0.0890 -0.0000 0.9960
vn 0.0890 -0.0000 0.9960
vn -0.0889 -0.0000 0.9960
vn 0.0889 -0.0000 0.9960
vn 0.9659 -0.0000 0.2588
vn -0.0000 -1.0000 -0.0001
vn -0.0000 -1.0000 0.0001
vt 0.461690 0.056447
vt 0.460982 0.056447
vt 0.460982 0.055739
vt 0.461690 0.128191
vt 0.460982 0.128899
vt 0.460982 0.128191
vt 0.303614 0.826204
vt 0.303614 0.826919
vt 0.302899 0.826919
vt 0.279951 0.814869
vt 0.279230 0.814149
vt 0.279951 0.814149
vt 0.613671 0.038835
vt 0.612964 0.038835
vt 0.612964 0.038127
vt 0.613671 0.110579
vt 0.612964 0.111287
vt 0.612964 0.110579
vt 0.321580 0.842622
vt 0.321580 0.843337
vt 0.320865 0.843337
vt 0.281310 0.779202
vt 0.280590 0.778481
vt 0.281310 0.778481
vt 0.607189 0.038835
vt 0.606481 0.038835
vt 0.606481 0.038127
vt 0.607189 0.110579
vt 0.606481 0.111287
vt 0.606481 0.110579
vt 0.719442 0.119364
vt 0.719442 0.120079
vt 0.718726 0.120079
vt 0.683674 0.108786
vt 0.682954 0.108066
vt 0.683674 0.108066
vt 0.811963 0.702914
vt 0.811255 0.702914
vt 0.811255 0.702206
vt 0.811963 0.774658
vt 0.811255 0.775366
vt 0.811255 0.774658
vt 0.161368 0.712617
vt 0.161368 0.713332
vt 0.160653 0.713332
vt 0.683674 0.125204
vt 0.682954 0.124484
vt 0.683674 0.124484
vt 0.804772 0.702914
vt 0.805480 0.702914
vt 0.804772 0.702206
vt 0.804772 0.775366
vt 0.805480 0.774658
vt 0.804772 0.774658
vt 0.497205 0.044440
vt 0.497205 0.043725
vt 0.496490 0.044440
vt 0.321025 0.831324
vt 0.321746 0.832044
vt 0.321746 0.831324
vt 0.798290 0.702914
vt 0.798998 0.702914
vt 0.798290 0.702206
vt 0.798290 0.775366
vt 0.798998 0.774658
vt 0.798290 0.774658
vt 0.683509 0.087244
vt 0.683509 0.086529
vt 0.682794 0.087244
vt 0.262813 0.797731
vt 0.263533 0.798452
vt 0.263533 0.797731
vt 0.791807 0.704341
vt 0.792515 0.704341
vt 0.791807 0.703633
vt 0.791807 0.776793
vt 0.792515 0.776085
vt 0.791807 0.776085
vt 0.285648 0.826162
vt 0.285648 0.825447
vt 0.284933 0.826162
vt 0.160176 0.701319
vt 0.160897 0.702039
vt 0.160897 0.701319
vt 0.926096 0.389525
vt 0.926803 0.389525
vt 0.926096 0.388817
vt 0.926096 0.461977
vt 0.926803 0.461269
vt 0.926096 0.461269
vt 0.701475 0.103662
vt 0.701475 0.102946
vt 0.700760 0.103662
vt 0.700920 0.124484
vt 0.701640 0.125204
vt 0.701640 0.124484
vt 0.019980 0.728911
vt 0.019980 0.727501
vt 0.018570 0.727501
vt 0.019980 0.040004
vt 0.019980 0.038594
vt 0.018570 0.040004
vt 0.914226 0.729832
vt 0.914226 0.728435
vt 0.912830 0.728435
vt 0.973602 0.076229
vt 0.975025 0.076229
vt 0.973602 0.074807
vt 0.977905 0.760580
vt 0.976498 0.760580
vt 0.977905 0.761987
vt 0.301480 0.710942
vt 0.300054 0.709516
vt 0.300054 0.710942
vt 0.037523 0.722675
vt 0.037523 0.721283
vt 0.036132 0.721283
vt 0.303817 0.712041
vt 0.305240 0.712041
vt 0.305240 0.710618
vt 0.989806 0.131066
vt 0.988282 0.131247
vt 0.989625 0.132590
vt 0.989625 0.146762
vt 0.988282 0.148105
vt 0.989806 0.148287
vt 0.989806 0.290061
vt 0.988282 0.290243
vt 0.989625 0.291586
vt 0.989625 0.305758
vt 0.988282 0.307101
vt 0.989806 0.307282
vt 0.989806 0.525186
vt 0.988282 0.525368
vt 0.989625 0.526711
vt 0.989625 0.540883
vt 0.988282 0.542226
vt 0.989806 0.542407
vt 0.988282 0.749528
vt 0.989625 0.750871
vt 0.989806 0.749346
vt 0.961752 0.759873
vt 0.963110 0.758515
vt 0.961569 0.758331
vt 0.961569 0.549109
vt 0.963110 0.548925
vt 0.961752 0.547567
vt 0.961752 0.533239
vt 0.963110 0.531881
vt 0.961569 0.531698
vt 0.961569 0.311389
vt 0.963110 0.311206
vt 0.961752 0.309848
vt 0.961752 0.295520
vt 0.963110 0.294162
vt 0.961569 0.293978
vt 0.961569 0.150639
vt 0.963110 0.150456
vt 0.961752 0.149098
vt 0.961752 0.134770
vt 0.963110 0.133412
vt 0.961569 0.133228
vt 0.943837 0.140891
vt 0.944020 0.142427
vt 0.945374 0.141074
vt 0.945374 0.158066
vt 0.944020 0.156712
vt 0.943837 0.158249
vt 0.943837 0.301150
vt 0.944020 0.302687
vt 0.945374 0.301333
vt 0.945374 0.318325
vt 0.944020 0.316972
vt 0.943837 0.318508
vt 0.943837 0.538145
vt 0.944020 0.539681
vt 0.945374 0.538327
vt 0.945374 0.555320
vt 0.944020 0.553966
vt 0.943837 0.555502
vt 0.943837 0.764087
vt 0.944020 0.765623
vt 0.945374 0.764270
vt 0.032319 0.716423
vt 0.033665 0.717769
vt 0.033847 0.716241
vt 0.033665 0.507289
vt 0.032319 0.508636
vt 0.033847 0.508817
vt 0.033847 0.491556
vt 0.032319 0.491738
vt 0.033665 0.493084
vt 0.033665 0.271614
vt 0.032319 0.272960
vt 0.033847 0.273142
vt 0.033847 0.255881
vt 0.032319 0.256063
vt 0.033665 0.257409
vt 0.033665 0.112247
vt 0.032319 0.113593
vt 0.033847 0.113774
vt 0.033847 0.096513
vt 0.032319 0.096695
vt 0.033665 0.098041
vt 0.942799 0.096837
vt 0.943837 0.098649
vt 0.945374 0.098466
vt 0.945649 0.099688
vt 0.321721 0.692441
vt 0.321031 0.691255
vt 0.319145 0.693126
vt 0.242650 0.692441
vt 0.245227 0.693126
vt 0.243341 0.691255
vt 0.321721 0.693810
vt 0.242650 0.693810
vt 0.321031 0.694996
vt 0.243341 0.694996
vt 0.319835 0.695681
vt 0.244536 0.695681
vt 0.318454 0.695681
vt 0.245917 0.695681
vt 0.317259 0.694996
vt 0.247113 0.694996
vt 0.316568 0.693810
vt 0.247803 0.693810
vt 0.316568 0.692441
vt 0.247803 0.692441
vt 0.317259 0.691255
vt 0.247113 0.691255
vt 0.318454 0.690571
vt 0.245917 0.690571
vt 0.319835 0.690571
vt 0.244536 0.690571
vt 0.666456 0.118018
vt 0.665765 0.116832
vt 0.663879 0.118703
vt 0.587384 0.118018
vt 0.589961 0.118703
vt 0.588075 0.116832
vt 0.666456 0.119387
vt 0.587384 0.119387
vt 0.665765 0.120573
vt 0.588075 0.120573
vt 0.664569 0.121258
vt 0.589270 0.121258
vt 0.663188 0.121258
vt 0.590651 0.121258
vt 0.661993 0.120573
vt 0.591847 0.120573
vt 0.661302 0.119387
vt 0.592538 0.119387
vt 0.661302 0.118018
vt 0.592538 0.118018
vt 0.661993 0.116832
vt 0.591847 0.116832
vt 0.663188 0.116148
vt 0.590651 0.116148
vt 0.664569 0.116148
vt 0.589270 0.116148
vt 0.584732 0.055985
vt 0.584732 0.127501
vt 0.571078 0.127501
vt 0.571078 0.055985
vt 0.317870 0.831486
vt 0.304288 0.831486
vt 0.304288 0.827593
vt 0.317870 0.827593
vt 0.626716 0.040093
vt 0.626716 0.110548
vt 0.622860 0.110548
vt 0.622860 0.040093
vt 0.280629 0.809549
vt 0.294308 0.809549
vt 0.294308 0.813470
vt 0.280629 0.813470
vt 0.456462 0.127524
vt 0.456462 0.057114
vt 0.460315 0.057114
vt 0.460315 0.127524
vt 0.304288 0.826773
vt 0.317870 0.826773
vt 0.622048 0.110548
vt 0.622048 0.040093
vt 0.294308 0.814296
vt 0.280629 0.814296
vt 0.461127 0.057114
vt 0.461127 0.127524
vt 0.456462 0.056302
vt 0.460315 0.056302
vt 0.622860 0.039281
vt 0.626716 0.039281
vt 0.279803 0.813470
vt 0.279803 0.809549
vt 0.460315 0.128336
vt 0.456462 0.128336
vt 0.570400 0.055307
vt 0.570400 0.054588
vt 0.571078 0.054514
vt 0.571078 0.055160
vt 0.569681 0.055307
vt 0.570253 0.055985
vt 0.569607 0.055985
vt 0.460315 0.055666
vt 0.318690 0.827593
vt 0.318544 0.826919
vt 0.461763 0.127524
vt 0.294987 0.814149
vt 0.294987 0.814869
vt 0.294308 0.814944
vt 0.460315 0.128972
vt 0.570253 0.127501
vt 0.571078 0.128326
vt 0.570400 0.128179
vt 0.295134 0.813470
vt 0.621485 0.039426
vt 0.622193 0.039426
vt 0.621412 0.040093
vt 0.304288 0.826130
vt 0.303468 0.827593
vt 0.302825 0.827593
vt 0.585557 0.055985
vt 0.584732 0.055160
vt 0.585410 0.055307
vt 0.280629 0.814944
vt 0.622193 0.111215
vt 0.621485 0.111215
vt 0.621412 0.110548
vt 0.279156 0.813470
vt 0.584732 0.128326
vt 0.585557 0.127501
vt 0.585410 0.128179
vt 0.622860 0.111360
vt 0.584732 0.054514
vt 0.586203 0.055985
vt 0.586203 0.127501
vt 0.584732 0.128972
vt 0.571078 0.128972
vt 0.569607 0.127501
vt 0.318690 0.831486
vt 0.319333 0.827593
vt 0.319333 0.831486
vt 0.622860 0.038644
vt 0.626716 0.038644
vt 0.303468 0.831486
vt 0.279156 0.809549
vt 0.626716 0.111360
vt 0.295134 0.809549
vt 0.295782 0.809549
vt 0.295782 0.813470
vt 0.513624 0.055985
vt 0.513624 0.127501
vt 0.499969 0.127501
vt 0.499969 0.055985
vt 0.335836 0.847904
vt 0.322254 0.847904
vt 0.322254 0.844011
vt 0.335836 0.844011
vt 0.818522 0.703582
vt 0.818522 0.774036
vt 0.814666 0.774036
vt 0.814666 0.703582
vt 0.281989 0.773882
vt 0.295668 0.773882
vt 0.295668 0.777802
vt 0.281989 0.777802
vt 0.608443 0.109912
vt 0.608443 0.039502
vt 0.612297 0.039502
vt 0.612297 0.109912
vt 0.322254 0.843191
vt 0.335836 0.843191
vt 0.813853 0.774036
vt 0.813853 0.703582
vt 0.295668 0.778629
vt 0.281989 0.778629
vt 0.613108 0.039502
vt 0.613108 0.109912
vt 0.608443 0.038690
vt 0.612297 0.038690
vt 0.814666 0.702770
vt 0.818522 0.702770
vt 0.281163 0.777802
vt 0.281163 0.773882
vt 0.612297 0.110724
vt 0.608443 0.110724
vt 0.499292 0.055307
vt 0.499292 0.054588
vt 0.499969 0.054514
vt 0.499969 0.055160
vt 0.498573 0.055307
vt 0.499145 0.055985
vt 0.498498 0.055985
vt 0.612297 0.038054
vt 0.336657 0.844011
vt 0.336510 0.843337
vt 0.613744 0.109912
vt 0.296347 0.778481
vt 0.296347 0.779202
vt 0.295668 0.779276
vt 0.612297 0.111360
vt 0.499145 0.127501
vt 0.499969 0.128326
vt 0.499292 0.128179
vt 0.296494 0.777802
vt 0.813290 0.702914
vt 0.813998 0.702914
vt 0.813217 0.703582
vt 0.322254 0.842548
vt 0.321434 0.844011
vt 0.320791 0.844011
vt 0.514448 0.055985
vt 0.513624 0.055160
vt 0.514301 0.055307
vt 0.281989 0.779276
vt 0.813998 0.774704
vt 0.813290 0.774704
vt 0.813217 0.774036
vt 0.280516 0.777802
vt 0.513624 0.128326
vt 0.514448 0.127501
vt 0.514301 0.128179
vt 0.814666 0.774849
vt 0.513624 0.054514
vt 0.515094 0.055985
vt 0.515094 0.127501
vt 0.513624 0.128972
vt 0.499969 0.128972
vt 0.498498 0.127501
vt 0.336657 0.847904
vt 0.337299 0.844011
vt 0.337299 0.847904
vt 0.814666 0.702133
vt 0.818522 0.702133
vt 0.321434 0.847904
vt 0.280516 0.773882
vt 0.818522 0.774849
vt 0.296494 0.773882
vt 0.297141 0.773882
vt 0.297141 0.777802
vt 0.277704 0.710155
vt 0.277704 0.781671
vt 0.264050 0.781671
vt 0.264050 0.710155
vt 0.733697 0.124646
vt 0.720115 0.124646
vt 0.720115 0.120753
vt 0.733697 0.120753
vt 0.183214 0.692019
vt 0.183214 0.762474
vt 0.179358 0.762474
vt 0.179358 0.692019
vt 0.684353 0.103467
vt 0.698032 0.103467
vt 0.698032 0.107387
vt 0.684353 0.107387
vt 0.601961 0.109912
vt 0.601961 0.039502
vt 0.605814 0.039502
vt 0.605814 0.109912
vt 0.720115 0.119933
vt 0.733697 0.119933
vt 0.178545 0.762474
vt 0.178545 0.692019
vt 0.698032 0.108213
vt 0.684353 0.108213
vt 0.606626 0.039502
vt 0.606626 0.109912
vt 0.601961 0.038690
vt 0.605814 0.038690
vt 0.179358 0.691207
vt 0.183214 0.691207
vt 0.683527 0.107387
vt 0.683527 0.103467
vt 0.605814 0.110724
vt 0.601961 0.110724
vt 0.263372 0.709477
vt 0.263372 0.708758
vt 0.264050 0.708684
vt 0.264050 0.709330
vt 0.262653 0.709477
vt 0.263225 0.710155
vt 0.262579 0.710155
vt 0.605814 0.038054
vt 0.734518 0.120753
vt 0.734371 0.120079
vt 0.607262 0.109912
vt 0.698711 0.108066
vt 0.698711 0.108786
vt 0.698032 0.108861
vt 0.605814 0.111360
vt 0.263225 0.781671
vt 0.264050 0.782496
vt 0.263372 0.782349
vt 0.698858 0.107387
vt 0.177982 0.691352
vt 0.178690 0.691352
vt 0.177909 0.692019
vt 0.720115 0.119290
vt 0.719295 0.120753
vt 0.718653 0.120753
vt 0.278529 0.710155
vt 0.277704 0.709330
vt 0.278382 0.709477
vt 0.684353 0.108861
vt 0.178690 0.763141
vt 0.177982 0.763141
vt 0.177909 0.762474
vt 0.682880 0.107387
vt 0.277704 0.782496
vt 0.278529 0.781671
vt 0.278382 0.782349
vt 0.179358 0.763286
vt 0.277704 0.708684
vt 0.279175 0.710155
vt 0.279175 0.781671
vt 0.277704 0.783142
vt 0.264050 0.783142
vt 0.262579 0.781671
vt 0.734518 0.124646
vt 0.735160 0.120753
vt 0.735160 0.124646
vt 0.179358 0.690571
vt 0.183214 0.690571
vt 0.719295 0.124646
vt 0.682880 0.103467
vt 0.183214 0.763286
vt 0.698858 0.103467
vt 0.699505 0.103467
vt 0.699505 0.107387
vt 0.531401 0.055985
vt 0.531401 0.127501
vt 0.517746 0.127501
vt 0.517746 0.055985
vt 0.175624 0.717899
vt 0.162042 0.717899
vt 0.162042 0.714006
vt 0.175624 0.714006
vt 0.679427 0.057705
vt 0.679427 0.128160
vt 0.675571 0.128160
vt 0.675571 0.057705
vt 0.684353 0.119884
vt 0.698032 0.119884
vt 0.698032 0.123805
vt 0.684353 0.123805
vt 0.806734 0.773991
vt 0.806734 0.703581
vt 0.810588 0.703581
vt 0.810588 0.773991
vt 0.162042 0.713185
vt 0.175624 0.713185
vt 0.674759 0.128160
vt 0.674759 0.057705
vt 0.698032 0.124631
vt 0.684353 0.124631
vt 0.811400 0.703581
vt 0.811400 0.773991
vt 0.806734 0.702769
vt 0.810588 0.702769
vt 0.675571 0.056893
vt 0.679427 0.056893
vt 0.683527 0.123805
vt 0.683527 0.119884
vt 0.810588 0.774803
vt 0.806734 0.774803
vt 0.517069 0.055307
vt 0.517069 0.054588
vt 0.517746 0.054514
vt 0.517746 0.055160
vt 0.516350 0.055307
vt 0.516922 0.055985
vt 0.516276 0.055985
vt 0.810588 0.702133
vt 0.176444 0.714006
vt 0.176298 0.713332
vt 0.812036 0.773991
vt 0.698711 0.124484
vt 0.698711 0.125204
vt 0.698032 0.125278
vt 0.810588 0.775439
vt 0.516922 0.127501
vt 0.517746 0.128326
vt 0.517069 0.128179
vt 0.698858 0.123805
vt 0.674196 0.057038
vt 0.674904 0.057038
vt 0.674123 0.057705
vt 0.162042 0.712543
vt 0.161222 0.714006
vt 0.160579 0.714006
vt 0.532225 0.055985
vt 0.531401 0.055160
vt 0.532078 0.055307
vt 0.684353 0.125278
vt 0.674904 0.128827
vt 0.674196 0.128827
vt 0.674123 0.128160
vt 0.682880 0.123805
vt 0.531401 0.128326
vt 0.532225 0.127501
vt 0.532078 0.128179
vt 0.675571 0.128972
vt 0.531401 0.054514
vt 0.532872 0.055985
vt 0.532872 0.127501
vt 0.531401 0.128972
vt 0.517746 0.128972
vt 0.516276 0.127501
vt 0.176444 0.717899
vt 0.177087 0.714006
vt 0.177087 0.717899
vt 0.675571 0.056256
vt 0.679427 0.056256
vt 0.161222 0.717899
vt 0.682880 0.119884
vt 0.679427 0.128972
vt 0.698858 0.119884
vt 0.699505 0.119884
vt 0.699505 0.123805
vt 0.535523 0.127501
vt 0.549178 0.127501
vt 0.549178 0.055985
vt 0.535523 0.055985
vt 0.497879 0.045114
vt 0.497879 0.049007
vt 0.511461 0.049007
vt 0.511461 0.045114
vt 0.629346 0.110548
vt 0.633202 0.110548
vt 0.633202 0.040093
vt 0.629346 0.040093
vt 0.336103 0.830645
vt 0.336103 0.826724
vt 0.322424 0.826724
vt 0.322424 0.830645
vt 0.804105 0.703581
vt 0.800252 0.703581
vt 0.800252 0.773991
vt 0.804105 0.773991
vt 0.511461 0.044294
vt 0.497879 0.044294
vt 0.628534 0.040093
vt 0.628534 0.110548
vt 0.322424 0.831471
vt 0.336103 0.831471
vt 0.804917 0.773991
vt 0.804917 0.703581
vt 0.804105 0.702769
vt 0.800252 0.702769
vt 0.633202 0.039281
vt 0.629346 0.039281
vt 0.321598 0.826724
vt 0.321598 0.830645
vt 0.800252 0.774803
vt 0.804105 0.774803
vt 0.535523 0.054514
vt 0.534846 0.054588
vt 0.534846 0.055307
vt 0.535523 0.055160
vt 0.534699 0.055985
vt 0.534127 0.055307
vt 0.534053 0.055985
vt 0.804105 0.702133
vt 0.512282 0.045114
vt 0.512135 0.044440
vt 0.805553 0.773991
vt 0.336103 0.832118
vt 0.336782 0.832044
vt 0.336782 0.831324
vt 0.804105 0.775439
vt 0.535523 0.128326
vt 0.534699 0.127501
vt 0.534846 0.128179
vt 0.336929 0.830645
vt 0.628679 0.039426
vt 0.627971 0.039426
vt 0.627898 0.040093
vt 0.497879 0.043651
vt 0.497059 0.045114
vt 0.496416 0.045114
vt 0.549178 0.055160
vt 0.550003 0.055985
vt 0.549855 0.055307
vt 0.322424 0.832118
vt 0.627898 0.110548
vt 0.627971 0.111215
vt 0.628679 0.111215
vt 0.320951 0.830645
vt 0.550003 0.127501
vt 0.549178 0.128326
vt 0.549855 0.128179
vt 0.629346 0.111360
vt 0.549178 0.054514
vt 0.550649 0.055985
vt 0.550649 0.127501
vt 0.549178 0.128972
vt 0.535523 0.128972
vt 0.534053 0.127501
vt 0.512924 0.045114
vt 0.512282 0.049007
vt 0.512924 0.049007
vt 0.633202 0.038644
vt 0.629346 0.038644
vt 0.497059 0.049007
vt 0.320951 0.826724
vt 0.633202 0.111360
vt 0.337576 0.826724
vt 0.336929 0.826724
vt 0.337576 0.830645
vt 0.553301 0.127501
vt 0.566955 0.127501
vt 0.566955 0.055985
vt 0.553301 0.055985
vt 0.684183 0.087918
vt 0.684183 0.091811
vt 0.697765 0.091811
vt 0.697765 0.087918
vt 0.185844 0.762474
vt 0.189699 0.762474
vt 0.189699 0.692019
vt 0.185844 0.692019
vt 0.277891 0.797053
vt 0.277891 0.793132
vt 0.264212 0.793132
vt 0.264212 0.797053
vt 0.797623 0.703581
vt 0.793769 0.703581
vt 0.793769 0.773991
vt 0.797623 0.773991
vt 0.697765 0.087098
vt 0.684183 0.087098
vt 0.185031 0.692019
vt 0.185031 0.762474
vt 0.264212 0.797879
vt 0.277891 0.797879
vt 0.798434 0.773991
vt 0.798434 0.703581
vt 0.797623 0.702769
vt 0.793769 0.702769
vt 0.189699 0.691207
vt 0.185844 0.691207
vt 0.263386 0.793132
vt 0.263386 0.797053
vt 0.793769 0.774803
vt 0.797623 0.774803
vt 0.553301 0.054514
vt 0.552623 0.054588
vt 0.552623 0.055307
vt 0.553301 0.055160
vt 0.552476 0.055985
vt 0.551904 0.055307
vt 0.551830 0.055985
vt 0.797623 0.702133
vt 0.698585 0.087918
vt 0.698439 0.087244
vt 0.799071 0.773991
vt 0.277891 0.798526
vt 0.278569 0.798452
vt 0.278569 0.797731
vt 0.797623 0.775439
vt 0.553301 0.128326
vt 0.552476 0.127501
vt 0.552623 0.128179
vt 0.278717 0.797053
vt 0.185176 0.691352
vt 0.184468 0.691352
vt 0.184395 0.692019
vt 0.684183 0.086455
vt 0.683363 0.087918
vt 0.682720 0.087918
vt 0.566955 0.055160
vt 0.567780 0.055985
vt 0.567633 0.055307
vt 0.264212 0.798526
vt 0.184395 0.762474
vt 0.184468 0.763141
vt 0.185176 0.763141
vt 0.262738 0.797053
vt 0.567780 0.127501
vt 0.566955 0.128326
vt 0.567633 0.128179
vt 0.185844 0.763286
vt 0.566955 0.054514
vt 0.568426 0.055985
vt 0.568426 0.127501
vt 0.566955 0.128972
vt 0.553301 0.128972
vt 0.551830 0.127501
vt 0.699228 0.087918
vt 0.698585 0.091811
vt 0.699228 0.091811
vt 0.189699 0.690571
vt 0.185844 0.690571
vt 0.683363 0.091811
vt 0.262738 0.793132
vt 0.189699 0.763286
vt 0.279364 0.793132
vt 0.278717 0.793132
vt 0.279364 0.797053
vt 0.464415 0.127501
vt 0.478069 0.127501
vt 0.478069 0.055985
vt 0.464415 0.055985
vt 0.286322 0.826836
vt 0.286322 0.830729
vt 0.299904 0.830729
vt 0.299904 0.826836
vt 0.669086 0.128160
vt 0.672941 0.128160
vt 0.672941 0.057705
vt 0.669086 0.057705
vt 0.175254 0.700640
vt 0.175254 0.696719
vt 0.161575 0.696719
vt 0.161575 0.700640
vt 0.791140 0.705008
vt 0.787287 0.705008
vt 0.787287 0.775418
vt 0.791140 0.775418
vt 0.299904 0.826016
vt 0.286322 0.826016
vt 0.668273 0.057705
vt 0.668273 0.128160
vt 0.161575 0.701466
vt 0.175254 0.701466
vt 0.791952 0.775418
vt 0.791952 0.705008
vt 0.791140 0.704196
vt 0.787287 0.704196
vt 0.672941 0.056893
vt 0.669086 0.056893
vt 0.160749 0.696719
vt 0.160749 0.700640
vt 0.787287 0.776230
vt 0.791140 0.776230
vt 0.464415 0.054514
vt 0.463737 0.054588
vt 0.463737 0.055307
vt 0.464415 0.055160
vt 0.463590 0.055985
vt 0.463018 0.055307
vt 0.462944 0.055985
vt 0.791140 0.703560
vt 0.300724 0.826836
vt 0.300578 0.826162
vt 0.792588 0.775418
vt 0.175254 0.702113
vt 0.175933 0.702039
vt 0.175933 0.701319
vt 0.791140 0.776866
vt 0.464415 0.128326
vt 0.463590 0.127501
vt 0.463737 0.128179
vt 0.176080 0.700640
vt 0.668418 0.057038
vt 0.667710 0.057038
vt 0.667637 0.057705
vt 0.286322 0.825373
vt 0.285502 0.826836
vt 0.284859 0.826836
vt 0.478069 0.055160
vt 0.478894 0.055985
vt 0.478747 0.055307
vt 0.161575 0.702113
vt 0.667637 0.128160
vt 0.667710 0.128827
vt 0.668418 0.128827
vt 0.160102 0.700640
vt 0.478894 0.127501
vt 0.478069 0.128326
vt 0.478747 0.128179
vt 0.669086 0.128972
vt 0.478069 0.054514
vt 0.479540 0.055985
vt 0.479540 0.127501
vt 0.478069 0.128972
vt 0.464415 0.128972
vt 0.462944 0.127501
vt 0.301367 0.826836
vt 0.300724 0.830729
vt 0.301367 0.830729
vt 0.672941 0.056256
vt 0.669086 0.056256
vt 0.285502 0.830729
vt 0.160102 0.696719
vt 0.672941 0.128972
vt 0.176728 0.696719
vt 0.176080 0.696719
vt 0.176728 0.700640
vt 0.482192 0.127501
vt 0.495847 0.127501
vt 0.495847 0.055985
vt 0.482192 0.055985
vt 0.702149 0.104336
vt 0.702149 0.108229
vt 0.715731 0.108229
vt 0.715731 0.104336
vt 0.616375 0.110548
vt 0.620230 0.110548
vt 0.620230 0.040093
vt 0.616375 0.040093
vt 0.715998 0.123805
vt 0.715998 0.119884
vt 0.702319 0.119884
vt 0.702319 0.123805
vt 0.925429 0.390192
vt 0.921575 0.390192
vt 0.921575 0.460602
vt 0.925429 0.460602
vt 0.715731 0.103515
vt 0.702149 0.103515
vt 0.615562 0.040093
vt 0.615562 0.110548
vt 0.702319 0.124631
vt 0.715998 0.124631
vt 0.926240 0.460602
vt 0.926240 0.390192
vt 0.925429 0.389380
vt 0.921575 0.389380
vt 0.620230 0.039281
vt 0.616375 0.039281
vt 0.701493 0.119884
vt 0.701493 0.123805
vt 0.921575 0.461414
vt 0.925429 0.461414
vt 0.482192 0.054514
vt 0.481515 0.054588
vt 0.481515 0.055307
vt 0.482192 0.055160
vt 0.481367 0.055985
vt 0.480796 0.055307
vt 0.480721 0.055985
vt 0.925429 0.388744
vt 0.716551 0.104336
vt 0.716405 0.103662
vt 0.926877 0.460602
vt 0.715998 0.125278
vt 0.716677 0.125204
vt 0.716677 0.124484
vt 0.925429 0.462050
vt 0.482192 0.128326
vt 0.481367 0.127501
vt 0.481515 0.128179
vt 0.716824 0.123805
vt 0.615707 0.039426
vt 0.614999 0.039426
vt 0.614926 0.040093
vt 0.702149 0.102873
vt 0.701329 0.104336
vt 0.700686 0.104336
vt 0.495847 0.055160
vt 0.496671 0.055985
vt 0.496524 0.055307
vt 0.702319 0.125278
vt 0.614926 0.110548
vt 0.614999 0.111215
vt 0.615707 0.111215
vt 0.700846 0.123805
vt 0.496671 0.127501
vt 0.495847 0.128326
vt 0.496524 0.128179
vt 0.616375 0.111360
vt 0.495847 0.054514
vt 0.497317 0.055985
vt 0.497317 0.127501
vt 0.495847 0.128972
vt 0.482192 0.128972
vt 0.480721 0.127501
vt 0.717194 0.104336
vt 0.716551 0.108229
vt 0.717194 0.108229
vt 0.620230 0.038644
vt 0.616375 0.038644
vt 0.701329 0.108229
vt 0.700846 0.119884
vt 0.620230 0.111360
vt 0.717471 0.119884
vt 0.716824 0.119884
vt 0.717471 0.123805
vt 0.930917 0.391279
vt 0.930549 0.435157
vt 0.932067 0.435157
vt 0.932067 0.392385
vt 0.654835 0.877914
vt 0.336909 0.878204
vt 0.337102 0.879823
vt 0.655929 0.879823
vt 0.962944 0.089074
vt 0.961481 0.087610
vt 0.960528 0.089040
vt 0.961569 0.090858
vt 0.963387 0.091899
vt 0.964816 0.090946
vt 0.938761 0.727120
vt 0.938761 0.717199
vt 0.915542 0.717199
vt 0.915542 0.727120
vt 0.061973 0.719972
vt 0.061973 0.710086
vt 0.038835 0.710086
vt 0.038835 0.719972
vt 0.319326 0.737051
vt 0.319326 0.713382
vt 0.306581 0.713382
vt 0.306581 0.737051
vt 0.432660 0.026761
vt 0.432660 0.003457
vt 0.420112 0.003457
vt 0.420112 0.026761
vt 0.986595 0.525099
vt 0.986595 0.307370
vt 0.979230 0.307370
vt 0.979230 0.525099
vt 0.061973 0.488380
vt 0.061973 0.273035
vt 0.038835 0.273035
vt 0.038835 0.488380
vt 0.030628 0.491468
vt 0.030628 0.273230
vt 0.021309 0.273230
vt 0.021309 0.491468
vt 0.779361 0.755537
vt 0.779361 0.723697
vt 0.773585 0.723697
vt 0.773585 0.755537
vt 0.986595 0.289974
vt 0.986595 0.148374
vt 0.979230 0.148374
vt 0.979230 0.289974
vt 0.061973 0.255829
vt 0.061973 0.115780
vt 0.038835 0.115780
vt 0.038835 0.255829
vt 0.030628 0.255793
vt 0.030628 0.113862
vt 0.021309 0.113862
vt 0.021309 0.255793
vt 0.938761 0.261349
vt 0.938761 0.120808
vt 0.915542 0.120808
vt 0.915542 0.261349
vt 0.979230 0.076015
vt 0.979230 0.089245
vt 0.986595 0.089245
vt 0.988794 0.087046
vt 0.989894 0.085946
vt 0.989894 0.076015
vt 0.337195 0.862811
vt 0.337195 0.864153
vt 0.655836 0.864153
vt 0.655836 0.862811
vt 0.061973 0.057298
vt 0.061973 0.044213
vt 0.038835 0.044213
vt 0.038835 0.057298
vt 0.032203 0.053020
vt 0.033935 0.051287
vt 0.033935 0.041333
vt 0.021309 0.041333
vt 0.030628 0.054594
vt 0.021309 0.054594
vt 0.658009 0.862811
vt 0.657076 0.864211
vt 0.954225 0.864211
vt 0.953292 0.862811
vt 0.938761 0.062121
vt 0.938761 0.048990
vt 0.915542 0.048990
vt 0.915542 0.062121
vt 0.986595 0.130978
vt 0.979230 0.130978
vt 0.061973 0.098575
vt 0.038835 0.098575
vt 0.030628 0.096426
vt 0.021309 0.096426
vt 0.938761 0.103543
vt 0.915542 0.103543
vt 0.915542 0.511981
vt 0.938761 0.511981
vt 0.938761 0.494715
vt 0.915542 0.494715
vt 0.038835 0.505585
vt 0.061973 0.505585
vt 0.915542 0.278615
vt 0.938761 0.278615
vt 0.986595 0.749259
vt 0.986595 0.542495
vt 0.979230 0.542495
vt 0.979230 0.749259
vt 0.030628 0.716153
vt 0.030628 0.508905
vt 0.021309 0.508905
vt 0.021309 0.716153
vt 0.349916 0.971774
vt 0.646576 0.971774
vt 0.646576 0.961956
vt 0.349916 0.961956
vt 0.635116 0.861629
vt 0.930293 0.861629
vt 0.930293 0.820576
vt 0.635116 0.820576
vt 0.349916 0.932440
vt 0.349916 0.943121
vt 0.646741 0.943121
vt 0.646741 0.932440
vt 0.449872 0.269447
vt 0.745050 0.269447
vt 0.745050 0.130153
vt 0.449872 0.130153
vt 0.342616 0.917558
vt 0.342616 0.928436
vt 0.644924 0.928436
vt 0.644924 0.917558
vt 0.449872 0.484811
vt 0.745050 0.484811
vt 0.745050 0.270628
vt 0.449872 0.270628
vt 0.342616 0.899800
vt 0.342616 0.910678
vt 0.644924 0.910678
vt 0.644924 0.899800
vt 0.152812 0.689389
vt 0.447989 0.689389
vt 0.447989 0.485992
vt 0.152812 0.485992
vt 0.672190 0.809617
vt 0.672190 0.816398
vt 0.976030 0.816398
vt 0.976030 0.809617
vt 0.731560 0.026761
vt 0.742183 0.026761
vt 0.742183 0.003457
vt 0.731560 0.003457
vt 0.964816 0.758243
vt 0.972262 0.758243
vt 0.972262 0.549197
vt 0.964816 0.549197
vt 0.964816 0.531609
vt 0.972262 0.531609
vt 0.972262 0.311478
vt 0.964816 0.311478
vt 0.964816 0.293890
vt 0.972262 0.293890
vt 0.972262 0.150728
vt 0.964816 0.150728
vt 0.964816 0.133140
vt 0.972262 0.133140
vt 0.972262 0.090946
vt 0.972262 0.077570
vt 0.961481 0.077570
vt 0.339944 0.881586
vt 0.339944 0.883054
vt 0.649395 0.883054
vt 0.649395 0.881586
vt 0.287906 0.735990
vt 0.298711 0.735990
vt 0.298711 0.712285
vt 0.287906 0.712285
vt 0.943749 0.095412
vt 0.945966 0.097629
vt 0.956446 0.085402
vt 0.943749 0.085402
vt 0.947074 0.098737
vt 0.956446 0.098737
vt 0.647100 0.901453
vt 0.647100 0.902946
vt 0.962009 0.902946
vt 0.962009 0.901453
vt 0.947074 0.140803
vt 0.956446 0.140803
vt 0.947074 0.301062
vt 0.956446 0.301062
vt 0.956446 0.158337
vt 0.947074 0.158337
vt 0.947074 0.538056
vt 0.956446 0.538056
vt 0.956446 0.318596
vt 0.947074 0.318596
vt 0.947074 0.763999
vt 0.956446 0.763999
vt 0.956446 0.555591
vt 0.947074 0.555591
vt 0.657076 0.870842
vt 0.954225 0.870842
vt 0.153514 0.484811
vt 0.448691 0.484811
vt 0.448691 0.281414
vt 0.153514 0.281414
vt 0.688528 0.793277
vt 0.688528 0.804155
vt 0.990836 0.804155
vt 0.990836 0.793277
vt 0.449170 0.700176
vt 0.744347 0.700176
vt 0.744347 0.485992
vt 0.449170 0.485992
vt 0.338966 0.884521
vt 0.338966 0.895727
vt 0.650374 0.895727
vt 0.650374 0.884521
vt 0.153514 0.280233
vt 0.448691 0.280233
vt 0.448691 0.140940
vt 0.153514 0.140940
vt 0.349916 0.947100
vt 0.349916 0.957781
vt 0.646741 0.957781
vt 0.646741 0.947100
vt 0.338758 0.861629
vt 0.633935 0.861629
vt 0.633935 0.820576
vt 0.338758 0.820576
vt 0.337195 0.876413
vt 0.655836 0.876413
vt 0.655836 0.865867
vt 0.337195 0.865867
vt 0.117561 0.026886
vt 0.416065 0.026886
vt 0.416065 0.003613
vt 0.117561 0.003613
vt 0.666097 0.778155
vt 0.666097 0.779767
vt 0.988671 0.779767
vt 0.988671 0.778155
vt 0.637218 0.111360
vt 0.638703 0.111360
vt 0.638703 0.070038
vt 0.637218 0.070038
vt 0.974537 0.878192
vt 0.974537 0.876608
vt 0.657588 0.876608
vt 0.657588 0.878192
vt 0.692184 0.702464
vt 0.690680 0.702464
vt 0.690680 0.744320
vt 0.692184 0.744320
vt 0.651555 0.881097
vt 0.651555 0.882681
vt 0.968503 0.882681
vt 0.968503 0.881097
vt 0.202385 0.840631
vt 0.203969 0.840631
vt 0.203969 0.691068
vt 0.202385 0.691068
vt 0.947518 0.936131
vt 0.947518 0.934636
vt 0.648392 0.934636
vt 0.648392 0.936131
vt 0.201204 0.690571
vt 0.199620 0.690571
vt 0.199620 0.840134
vt 0.201204 0.840134
vt 0.646105 0.921382
vt 0.646105 0.922965
vt 0.963001 0.922965
vt 0.963001 0.921382
vt 0.236898 0.921047
vt 0.238482 0.921047
vt 0.238482 0.691069
vt 0.236898 0.691069
vt 0.969000 0.897173
vt 0.969000 0.895589
vt 0.652053 0.895589
vt 0.652053 0.897173
vt 0.261398 0.708684
vt 0.259814 0.708684
vt 0.259814 0.938662
vt 0.261398 0.938662
vt 0.647922 0.937312
vt 0.647922 0.938807
vt 0.947048 0.938807
vt 0.947048 0.937312
vt 0.213889 0.909464
vt 0.215473 0.909464
vt 0.215473 0.691068
vt 0.213889 0.691068
vt 0.962666 0.914449
vt 0.962666 0.912865
vt 0.645770 0.912865
vt 0.645770 0.914449
vt 0.249893 0.708684
vt 0.248309 0.708684
vt 0.248309 0.927080
vt 0.249893 0.927080
vt 0.947516 0.944644
vt 0.947516 0.943149
vt 0.648392 0.943149
vt 0.648392 0.944644
vt 0.219641 0.909465
vt 0.221225 0.909465
vt 0.221225 0.691068
vt 0.219641 0.691068
vt 0.647075 0.927133
vt 0.647075 0.928717
vt 0.963971 0.928717
vt 0.963971 0.927133
vt 0.229965 0.690571
vt 0.228381 0.690571
vt 0.228381 0.908967
vt 0.229965 0.908967
vt 0.963001 0.920200
vt 0.963001 0.918617
vt 0.646105 0.918617
vt 0.646105 0.920200
vt 0.231146 0.921047
vt 0.232730 0.921047
vt 0.232730 0.691069
vt 0.231146 0.691069
vt 0.651555 0.886850
vt 0.651555 0.888434
vt 0.968503 0.888434
vt 0.968503 0.886850
vt 0.255646 0.708684
vt 0.254062 0.708684
vt 0.254062 0.938662
vt 0.255646 0.938662
vt 0.963002 0.908697
vt 0.963002 0.907114
vt 0.646105 0.907114
vt 0.646105 0.908697
vt 0.208137 0.840631
vt 0.209721 0.840631
vt 0.209721 0.691068
vt 0.208137 0.691068
vt 0.694536 0.786645
vt 0.694536 0.788121
vt 0.989713 0.788121
vt 0.989713 0.786645
vt 0.195452 0.690571
vt 0.193868 0.690571
vt 0.193868 0.840133
vt 0.195452 0.840133
vt 0.989713 0.785464
vt 0.989713 0.783989
vt 0.694536 0.783989
vt 0.694536 0.785464
vt 0.927422 0.436169
vt 0.929031 0.436169
vt 0.929031 0.391373
vt 0.927422 0.391373
vt 0.646105 0.898376
vt 0.646105 0.899959
vt 0.963004 0.899959
vt 0.963004 0.898376
vt 0.686662 0.701448
vt 0.685105 0.701448
vt 0.685105 0.744786
vt 0.686662 0.744786
vt 0.962006 0.917123
vt 0.962006 0.915630
vt 0.647100 0.915630
vt 0.647100 0.917123
vt 0.962007 0.905620
vt 0.962007 0.904127
vt 0.647100 0.904127
vt 0.647100 0.905620
vt 0.655444 0.075253
vt 0.646946 0.075253
vt 0.646946 0.076612
vt 0.655444 0.076612
vt 0.063569 0.719972
vt 0.063569 0.710086
vt 0.432660 0.001850
vt 0.420112 0.001850
vt 0.973893 0.768348
vt 0.973893 0.758243
vt 0.972262 0.768348
vt 0.977617 0.749259
vt 0.977617 0.759254
vt 0.979230 0.759254
vt 0.743790 0.026761
vt 0.743790 0.003457
vt 0.731560 0.028368
vt 0.742183 0.028368
vt 0.958072 0.774074
vt 0.958072 0.763999
vt 0.956446 0.774074
vt 0.418505 0.003457
vt 0.418505 0.026761
vt 0.061973 0.042617
vt 0.038835 0.042617
vt 0.956446 0.083776
vt 0.943749 0.083776
vt 0.033935 0.039716
vt 0.021309 0.039716
vt 0.943749 0.775700
vt 0.956446 0.775700
vt 0.943749 0.774074
vt 0.940363 0.494715
vt 0.940363 0.278615
vt 0.258320 0.709680
vt 0.258320 0.937666
vt 0.958072 0.538056
vt 0.958072 0.318596
vt 0.019691 0.273230
vt 0.019691 0.491468
vt 0.252568 0.709680
vt 0.252568 0.937666
vt 0.973893 0.531609
vt 0.973893 0.311478
vt 0.940363 0.261349
vt 0.940363 0.120808
vt 0.198126 0.691566
vt 0.198126 0.839138
vt 0.958072 0.301062
vt 0.958072 0.158337
vt 0.019691 0.113862
vt 0.019691 0.255793
vt 0.192374 0.691566
vt 0.192374 0.839138
vt 0.973893 0.293890
vt 0.973893 0.150728
vt 0.940363 0.062121
vt 0.940363 0.048990
vt 0.298711 0.710650
vt 0.287906 0.710650
vt 0.958072 0.098737
vt 0.958072 0.085402
vt 0.019691 0.041333
vt 0.019691 0.054594
vt 0.973893 0.090946
vt 0.973893 0.077570
vt 0.300346 0.735990
vt 0.300346 0.712285
vt 0.940363 0.103543
vt 0.689262 0.703410
vt 0.689262 0.743374
vt 0.958072 0.140803
vt 0.019691 0.096426
vt 0.683281 0.701357
vt 0.683637 0.743807
vt 0.973893 0.133140
vt 0.063569 0.505585
vt 0.063569 0.488380
vt 0.977617 0.525099
vt 0.977617 0.542495
vt 0.973893 0.549197
vt 0.958072 0.555591
vt 0.940363 0.717199
vt 0.940363 0.511981
vt 0.246816 0.709679
vt 0.246816 0.926084
vt 0.226887 0.691566
vt 0.226887 0.907971
vt 0.416065 0.002008
vt 0.117561 0.002008
vt 0.666003 0.781656
vt 0.987657 0.781288
vt 0.973541 0.875115
vt 0.658584 0.875115
vt 0.652551 0.884175
vt 0.967507 0.884175
vt 0.946579 0.933226
vt 0.649332 0.933226
vt 0.647100 0.924459
vt 0.962006 0.924459
vt 0.968005 0.894095
vt 0.653048 0.894095
vt 0.648862 0.940216
vt 0.946109 0.940216
vt 0.961671 0.911372
vt 0.646765 0.911372
vt 0.432660 0.028368
vt 0.961481 0.769980
vt 0.972262 0.769980
vt 0.961481 0.768348
vt 0.222719 0.908469
vt 0.222719 0.692064
vt 0.234223 0.920051
vt 0.234223 0.692064
vt 0.211214 0.839636
vt 0.211214 0.692064
vt 0.287906 0.737625
vt 0.298711 0.737625
vt 0.640103 0.110427
vt 0.640442 0.069951
vt 0.205462 0.839636
vt 0.205462 0.692064
vt 0.239976 0.920051
vt 0.239976 0.692064
vt 0.216967 0.908469
vt 0.216967 0.692064
vt 0.657076 0.872440
vt 0.954225 0.872440
vt 0.648070 0.930210
vt 0.962975 0.930210
vt 0.652551 0.889927
vt 0.967507 0.889927
vt 0.946576 0.941740
vt 0.649332 0.941740
vt 0.650374 0.881097
vt 0.338966 0.881097
vt 0.117561 0.028491
vt 0.416065 0.028491
vt 0.337195 0.879916
vt 0.655836 0.879916
vt 0.945966 0.765107
vt 0.944857 0.766216
vt 0.942799 0.765899
vt 0.942799 0.764474
vt 0.944224 0.763049
vt 0.945649 0.763049
vt 0.943749 0.767324
vt 0.180554 0.772570
vt 0.181130 0.774298
vt 0.182282 0.772570
vt 0.181023 0.772151
vt 0.063284 0.721283
vt 0.064676 0.721283
vt 0.064819 0.719972
vt 0.021309 0.727789
vt 0.021309 0.729056
vt 0.061973 0.722818
vt 0.063284 0.722675
vt 0.061973 0.721568
vt 0.021309 0.726172
vt 0.019691 0.726172
vt 0.418792 0.002137
vt 0.303670 0.737051
vt 0.303817 0.738392
vt 0.305240 0.738392
vt 0.304949 0.737051
vt 0.021309 0.038449
vt 0.018424 0.041333
vt 0.063569 0.044213
vt 0.063284 0.042902
vt 0.306581 0.738684
vt 0.912686 0.727120
vt 0.913940 0.727120
vt 0.915542 0.728721
vt 0.915542 0.729976
vt 0.972262 0.771258
vt 0.973602 0.771111
vt 0.973602 0.769689
vt 0.742183 0.001850
vt 0.743503 0.002137
vt 0.034880 0.716626
vt 0.034880 0.718043
vt 0.032832 0.718358
vt 0.031730 0.717256
vt 0.032045 0.715208
vt 0.033462 0.715208
vt 0.226887 0.909465
vt 0.226525 0.909059
vt 0.033935 0.719460
vt 0.300054 0.737333
vt 0.301480 0.737333
vt 0.301627 0.735990
vt 0.975171 0.077570
vt 0.972262 0.075938
vt 0.972262 0.074660
vt 0.913940 0.048990
vt 0.915542 0.047388
vt 0.914226 0.047674
vt 0.945966 0.302171
vt 0.944857 0.303279
vt 0.942799 0.302962
vt 0.942799 0.301537
vt 0.944224 0.300112
vt 0.945649 0.300112
vt 0.943749 0.304388
vt 0.647922 0.933226
vt 0.648305 0.932885
vt 0.743503 0.028082
vt 0.744905 0.028082
vt 0.745049 0.026761
vt 0.976353 0.759254
vt 0.979230 0.760868
vt 0.979230 0.762132
vt 0.940363 0.727120
vt 0.938761 0.728721
vt 0.940077 0.728435
vt 0.942799 0.318121
vt 0.942799 0.316696
vt 0.944857 0.316379
vt 0.945966 0.317488
vt 0.945649 0.319547
vt 0.944224 0.319547
vt 0.239976 0.690571
vt 0.240337 0.690976
vt 0.943749 0.315271
vt 0.298711 0.709369
vt 0.977617 0.076015
vt 0.977905 0.074689
vt 0.976498 0.074689
vt 0.976353 0.076015
vt 0.938761 0.047388
vt 0.940077 0.047674
vt 0.940077 0.046278
vt 0.938761 0.046134
vt 0.979230 0.074401
vt 0.945966 0.539165
vt 0.944857 0.540273
vt 0.942799 0.539957
vt 0.942799 0.538531
vt 0.944224 0.537106
vt 0.945649 0.537106
vt 0.943749 0.541382
vt 0.651555 0.894095
vt 0.651960 0.893734
vt 0.035988 0.719972
vt 0.037239 0.719972
vt 0.038835 0.721568
vt 0.038835 0.722818
vt 0.956446 0.776974
vt 0.957782 0.776828
vt 0.957782 0.775410
vt 0.420112 0.028368
vt 0.418792 0.028082
vt 0.942799 0.555116
vt 0.942799 0.553690
vt 0.944857 0.553374
vt 0.945966 0.554482
vt 0.945649 0.556541
vt 0.944224 0.556541
vt 0.216967 0.690571
vt 0.217328 0.690976
vt 0.943749 0.552265
vt 0.306581 0.710471
vt 0.306581 0.711750
vt 0.304949 0.713382
vt 0.303670 0.713382
vt 0.037239 0.044213
vt 0.037523 0.042902
vt 0.036132 0.042902
vt 0.035988 0.044213
vt 0.957782 0.084066
vt 0.988794 0.133178
vt 0.987694 0.132078
vt 0.988009 0.130036
vt 0.989423 0.130036
vt 0.990837 0.131450
vt 0.990837 0.132864
vt 0.989894 0.134278
vt 0.689262 0.744792
vt 0.688918 0.744408
vt 0.989423 0.149317
vt 0.988009 0.149317
vt 0.987694 0.147275
vt 0.988794 0.146175
vt 0.990837 0.146489
vt 0.990837 0.147903
vt 0.969000 0.884175
vt 0.968595 0.884537
vt 0.989894 0.145075
vt 0.688143 0.701357
vt 0.687844 0.703410
vt 0.987657 0.782808
vt 0.989373 0.782486
vt 0.988009 0.090188
vt 0.989240 0.088141
vt 0.990837 0.087360
vt 0.988794 0.527298
vt 0.987694 0.526198
vt 0.988009 0.524156
vt 0.989423 0.524156
vt 0.990837 0.525570
vt 0.990837 0.526984
vt 0.989894 0.528398
vt 0.258320 0.939160
vt 0.257959 0.938755
vt 0.989423 0.543437
vt 0.988009 0.543437
vt 0.987694 0.541395
vt 0.988794 0.540295
vt 0.990837 0.540609
vt 0.990837 0.542023
vt 0.947518 0.940216
vt 0.947136 0.940558
vt 0.989894 0.539195
vt 0.988794 0.292173
vt 0.987694 0.291074
vt 0.988009 0.289031
vt 0.989423 0.289031
vt 0.990837 0.290445
vt 0.990837 0.291859
vt 0.989894 0.293273
vt 0.198126 0.840631
vt 0.197765 0.840226
vt 0.989423 0.308312
vt 0.988009 0.308312
vt 0.987694 0.306270
vt 0.988794 0.305170
vt 0.990837 0.305485
vt 0.990837 0.306898
vt 0.310294 0.862386
vt 0.309718 0.860658
vt 0.308565 0.862386
vt 0.309825 0.862805
vt 0.989894 0.304071
vt 0.961957 0.757290
vt 0.963387 0.757290
vt 0.963704 0.759355
vt 0.962592 0.760467
vt 0.960528 0.760149
vt 0.960528 0.758719
vt 0.709848 0.073458
vt 0.709272 0.071730
vt 0.708120 0.073458
vt 0.709379 0.073877
vt 0.961481 0.761578
vt 0.990837 0.749730
vt 0.990837 0.751144
vt 0.988794 0.751458
vt 0.987694 0.750358
vt 0.988009 0.748316
vt 0.989423 0.748316
vt 0.246816 0.927578
vt 0.246454 0.927173
vt 0.989894 0.752558
vt 0.961957 0.292937
vt 0.963387 0.292937
vt 0.963704 0.295002
vt 0.962592 0.296114
vt 0.960528 0.295796
vt 0.960528 0.294366
vt 0.169741 0.748799
vt 0.169165 0.747070
vt 0.168012 0.748799
vt 0.169272 0.749218
vt 0.961481 0.297226
vt 0.962592 0.309254
vt 0.963704 0.310366
vt 0.963387 0.312431
vt 0.961957 0.312431
vt 0.960528 0.311001
vt 0.960528 0.309572
vt 0.961481 0.308142
vt 0.234223 0.690571
vt 0.234585 0.690976
vt 0.961957 0.530656
vt 0.963387 0.530656
vt 0.963704 0.532721
vt 0.962592 0.533833
vt 0.960528 0.533515
vt 0.960528 0.532086
vt 0.969000 0.889927
vt 0.968595 0.890289
vt 0.961481 0.534945
vt 0.962592 0.546973
vt 0.963704 0.548085
vt 0.963387 0.550150
vt 0.961957 0.550150
vt 0.960528 0.548721
vt 0.960528 0.547291
vt 0.961481 0.545861
vt 0.222719 0.690571
vt 0.223081 0.690976
vt 0.962592 0.148504
vt 0.963704 0.149616
vt 0.963387 0.151681
vt 0.961957 0.151681
vt 0.960528 0.150251
vt 0.960528 0.148822
vt 0.961481 0.147392
vt 0.211214 0.690571
vt 0.211576 0.690976
vt 0.961957 0.132187
vt 0.963387 0.132187
vt 0.963704 0.134252
vt 0.962592 0.135364
vt 0.960528 0.135046
vt 0.960528 0.133616
vt 0.727814 0.089876
vt 0.727238 0.088147
vt 0.726086 0.089876
vt 0.727345 0.090294
vt 0.961481 0.136476
vt 0.989886 0.807004
vt 0.989886 0.805580
vt 0.689478 0.805580
vt 0.689478 0.807004
vt 0.649395 0.897194
vt 0.339944 0.897194
vt 0.350848 0.945701
vt 0.645809 0.945701
vt 0.645809 0.959179
vt 0.350848 0.959179
vt 0.945966 0.141911
vt 0.944857 0.143020
vt 0.942799 0.142703
vt 0.942799 0.141278
vt 0.944224 0.139853
vt 0.945649 0.139853
vt 0.943749 0.144128
vt 0.657090 0.875115
vt 0.657496 0.874753
vt 0.942799 0.157862
vt 0.942799 0.156437
vt 0.944857 0.156120
vt 0.945966 0.157228
vt 0.945649 0.159287
vt 0.944224 0.159287
vt 0.205462 0.690571
vt 0.205824 0.690976
vt 0.943749 0.155011
vt 0.033462 0.509850
vt 0.032045 0.509850
vt 0.031730 0.507803
vt 0.032832 0.506700
vt 0.034880 0.507015
vt 0.034880 0.508433
vt 0.647922 0.941740
vt 0.648305 0.941398
vt 0.033935 0.505598
vt 0.032832 0.493673
vt 0.031730 0.492571
vt 0.032045 0.490524
vt 0.033462 0.490524
vt 0.034880 0.491941
vt 0.034880 0.493358
vt 0.033935 0.494775
vt 0.252568 0.939160
vt 0.252207 0.938755
vt 0.033462 0.274175
vt 0.032045 0.274175
vt 0.031730 0.272128
vt 0.032832 0.271025
vt 0.034880 0.271340
vt 0.034880 0.272757
vt 0.847237 0.749420
vt 0.847813 0.751148
vt 0.848965 0.749420
vt 0.847706 0.749001
vt 0.033935 0.269923
vt 0.032832 0.257998
vt 0.031730 0.256896
vt 0.032045 0.254848
vt 0.033462 0.254848
vt 0.034880 0.256266
vt 0.034880 0.257683
vt 0.033935 0.259100
vt 0.192374 0.840631
vt 0.192012 0.840226
vt 0.033462 0.114807
vt 0.032045 0.114807
vt 0.031730 0.112760
vt 0.032832 0.111658
vt 0.034880 0.111973
vt 0.034880 0.113390
vt 0.274532 0.844338
vt 0.275108 0.846067
vt 0.276260 0.844338
vt 0.275001 0.843920
vt 0.033935 0.110555
vt 0.032832 0.098630
vt 0.031730 0.097528
vt 0.032045 0.095481
vt 0.033462 0.095481
vt 0.034880 0.096898
vt 0.034880 0.098315
vt 0.033935 0.099733
vt 0.683637 0.745276
vt 0.683281 0.744877
vt 0.682027 0.701607
vt 0.682168 0.743807
vt 0.652551 0.891421
vt 0.967507 0.891421
vt 0.648621 0.064461
vt 0.646946 0.064461
vt 0.689478 0.791853
vt 0.989886 0.791853
vt 0.032896 0.054748
vt 0.032917 0.053727
vt 0.033665 0.052979
vt 0.064819 0.710086
vt 0.019691 0.716153
vt 0.432660 0.000591
vt 0.420112 0.000591
vt 0.033935 0.727789
vt 0.033935 0.726172
vt 0.975171 0.768348
vt 0.975171 0.758243
vt 0.913940 0.717199
vt 0.941618 0.717199
vt 0.941618 0.727120
vt 0.745049 0.003457
vt 0.731560 0.029628
vt 0.742183 0.029628
vt 0.989894 0.760868
vt 0.989894 0.759254
vt 0.959346 0.774074
vt 0.959346 0.763999
vt 0.037239 0.710086
vt 0.417246 0.003457
vt 0.417246 0.026761
vt 0.319326 0.711750
vt 0.319326 0.710471
vt 0.033935 0.038449
vt 0.319326 0.738684
vt 0.943749 0.776974
vt 0.941618 0.494715
vt 0.941618 0.278615
vt 0.977617 0.307370
vt 0.256827 0.709680
vt 0.256827 0.937666
vt 0.959346 0.538056
vt 0.959346 0.318596
vt 0.037239 0.488380
vt 0.037239 0.273035
vt 0.018424 0.273230
vt 0.018424 0.491468
vt 0.063569 0.273035
vt 0.251075 0.709680
vt 0.251075 0.937666
vt 0.975171 0.531609
vt 0.975171 0.311478
vt 0.913940 0.494715
vt 0.913940 0.278615
vt 0.941618 0.261349
vt 0.941618 0.120808
vt 0.977617 0.289974
vt 0.977617 0.148374
vt 0.196633 0.691566
vt 0.196633 0.839138
vt 0.959346 0.301062
vt 0.959346 0.158337
vt 0.037239 0.255829
vt 0.037239 0.115780
vt 0.018424 0.113862
vt 0.018424 0.255793
vt 0.063569 0.115780
vt 0.063569 0.255829
vt 0.190881 0.691566
vt 0.190881 0.839138
vt 0.975171 0.293890
vt 0.975171 0.150728
vt 0.913940 0.261349
vt 0.913940 0.120808
vt 0.976353 0.089245
vt 0.977617 0.089245
vt 0.979230 0.073137
vt 0.989894 0.074401
vt 0.989894 0.073137
vt 0.035988 0.057298
vt 0.037239 0.057298
vt 0.018424 0.054594
vt 0.063569 0.057298
vt 0.912686 0.062121
vt 0.913940 0.062121
vt 0.912686 0.048990
vt 0.301627 0.712285
vt 0.941618 0.103543
vt 0.941618 0.062121
vt 0.977617 0.130978
vt 0.989423 0.090188
vt 0.959346 0.140803
vt 0.959346 0.098737
vt 0.037239 0.098575
vt 0.018424 0.096426
vt 0.063569 0.098575
vt 0.033847 0.054507
vt 0.975171 0.133140
vt 0.975171 0.090946
vt 0.913940 0.103543
vt 0.018424 0.508905
vt 0.019691 0.508905
vt 0.976353 0.525099
vt 0.976353 0.542495
vt 0.975171 0.549197
vt 0.913940 0.511981
vt 0.959346 0.555591
vt 0.037239 0.505585
vt 0.976353 0.749259
vt 0.245322 0.709679
vt 0.245322 0.926084
vt 0.064819 0.505585
vt 0.225394 0.691566
vt 0.225394 0.907971
vt 0.416065 0.000751
vt 0.117561 0.000751
vt 0.349916 0.960361
vt 0.646576 0.960361
vt 0.667110 0.782808
vt 0.645644 0.973172
vt 0.350848 0.973172
vt 0.973541 0.873621
vt 0.658584 0.873621
vt 0.350848 0.931041
vt 0.645809 0.931041
vt 0.652551 0.885668
vt 0.967507 0.885668
vt 0.645809 0.944520
vt 0.350848 0.944520
vt 0.343566 0.914708
vt 0.343566 0.916133
vt 0.643974 0.916133
vt 0.643974 0.914708
vt 0.647100 0.925952
vt 0.962006 0.925952
vt 0.643974 0.929860
vt 0.343566 0.929860
vt 0.968005 0.892602
vt 0.653048 0.892602
vt 0.343566 0.898376
vt 0.643974 0.898376
vt 0.643974 0.913527
vt 0.643974 0.912103
vt 0.343566 0.912103
vt 0.343566 0.913527
vt 0.961671 0.909878
vt 0.646765 0.909878
vt 0.673145 0.808186
vt 0.975076 0.808186
vt 0.976030 0.819312
vt 0.976030 0.818032
vt 0.672190 0.818032
vt 0.672190 0.819312
vt 0.961481 0.771258
vt 0.731560 0.001850
vt 0.224212 0.908469
vt 0.224212 0.692064
vt 0.235717 0.920051
vt 0.235717 0.692064
vt 0.212708 0.839636
vt 0.212708 0.692064
vt 0.287906 0.738906
vt 0.298711 0.738906
vt 0.961481 0.075938
vt 0.206956 0.839636
vt 0.206956 0.692064
vt 0.241469 0.920051
vt 0.241469 0.692064
vt 0.218460 0.908469
vt 0.218460 0.692064
vt 0.731560 0.000591
vt 0.648070 0.931703
vt 0.962975 0.931703
vt 0.920394 0.387563
vt 0.920394 0.463565
vt 0.933909 0.387563
vt 0.933909 0.463565
vt 0.681539 0.053645
vt 0.680609 0.053645
vt 0.680609 0.128972
vt 0.681539 0.128972
vt 0.327964 0.855252
vt 0.327034 0.855252
vt 0.327034 0.868647
vt 0.327964 0.868647
vt 0.242650 0.775929
vt 0.243581 0.775929
vt 0.243581 0.700602
vt 0.242650 0.700602
vt 0.709552 0.082742
vt 0.708622 0.082742
vt 0.708622 0.096137
vt 0.709552 0.096137
vt 0.591194 0.071775
vt 0.587384 0.036032
vt 0.587384 0.111360
vt 0.591194 0.103615
vt 0.651508 0.104751
vt 0.652034 0.086798
vt 0.646806 0.086798
vt 0.647332 0.104751
vt 0.596970 0.103615
vt 0.600779 0.111360
vt 0.600779 0.036032
vt 0.596970 0.071775
vt 0.831468 0.735155
vt 0.829786 0.735155
vt 0.829786 0.766995
vt 0.831468 0.766995
vt 0.294100 0.841887
vt 0.292419 0.841887
vt 0.292419 0.847663
vt 0.294100 0.847663
vt 0.829786 0.733973
vt 0.831468 0.733973
vt 0.831468 0.702133
vt 0.829786 0.702133
vt 0.646460 0.052335
vt 0.644778 0.052335
vt 0.644778 0.058111
vt 0.646460 0.058111
vt 0.591643 0.045527
vt 0.592133 0.062280
vt 0.596521 0.045527
vt 0.596030 0.062280
vt 0.648621 0.063102
vt 0.646946 0.063102
vt 0.693133 0.071128
vt 0.690064 0.071128
vt 0.690064 0.076006
vt 0.690669 0.076006
vt 0.316568 0.702026
vt 0.296409 0.702026
vt 0.296409 0.703395
vt 0.316568 0.703395
vt 0.291740 0.702026
vt 0.272631 0.702026
vt 0.272631 0.703395
vt 0.291740 0.703395
vt 0.267963 0.702026
vt 0.247803 0.702026
vt 0.247803 0.703395
vt 0.267963 0.703395
vt 0.316568 0.700656
vt 0.296409 0.700656
vt 0.291740 0.700656
vt 0.272631 0.700656
vt 0.267963 0.700656
vt 0.247803 0.700656
vt 0.316568 0.699287
vt 0.296409 0.699287
vt 0.291740 0.699287
vt 0.272631 0.699287
vt 0.267963 0.699287
vt 0.247803 0.699287
vt 0.316568 0.697918
vt 0.296409 0.697918
vt 0.291740 0.697918
vt 0.272631 0.697918
vt 0.267963 0.697918
vt 0.247803 0.697918
vt 0.316568 0.696549
vt 0.296409 0.696549
vt 0.291740 0.696549
vt 0.272631 0.696549
vt 0.267963 0.696549
vt 0.247803 0.696549
vt 0.316568 0.695179
vt 0.296409 0.695179
vt 0.291740 0.695179
vt 0.272631 0.695179
vt 0.267963 0.695179
vt 0.247803 0.695179
vt 0.296409 0.693810
vt 0.291740 0.693810
vt 0.272631 0.693810
vt 0.267963 0.693810
vt 0.296409 0.692441
vt 0.291740 0.692441
vt 0.272631 0.692441
vt 0.267963 0.692441
vt 0.316568 0.691072
vt 0.296409 0.691072
vt 0.291740 0.691072
vt 0.272631 0.691072
vt 0.267963 0.691072
vt 0.247803 0.691072
vt 0.316568 0.706133
vt 0.296409 0.706133
vt 0.296409 0.707503
vt 0.316568 0.707503
vt 0.291740 0.706133
vt 0.272631 0.706133
vt 0.272631 0.707503
vt 0.291740 0.707503
vt 0.267963 0.706133
vt 0.247803 0.706133
vt 0.247803 0.707503
vt 0.267963 0.707503
vt 0.316568 0.704764
vt 0.296409 0.704764
vt 0.291740 0.704764
vt 0.272631 0.704764
vt 0.267963 0.704764
vt 0.247803 0.704764
vt 0.295125 0.703395
vt 0.295125 0.702026
vt 0.293025 0.702026
vt 0.293025 0.703395
vt 0.271347 0.703395
vt 0.271347 0.702026
vt 0.269247 0.702026
vt 0.269247 0.703395
vt 0.295125 0.700656
vt 0.293025 0.700656
vt 0.271347 0.700656
vt 0.269247 0.700656
vt 0.295125 0.699287
vt 0.293025 0.699287
vt 0.271347 0.699287
vt 0.269247 0.699287
vt 0.295125 0.697918
vt 0.293025 0.697918
vt 0.271347 0.697918
vt 0.269247 0.697918
vt 0.295125 0.696549
vt 0.293025 0.696549
vt 0.271347 0.696549
vt 0.269247 0.696549
vt 0.295125 0.695179
vt 0.293025 0.695179
vt 0.271347 0.695179
vt 0.269247 0.695179
vt 0.295125 0.693810
vt 0.293025 0.693810
vt 0.271347 0.693810
vt 0.269247 0.693810
vt 0.295125 0.692441
vt 0.293025 0.692441
vt 0.271347 0.692441
vt 0.269247 0.692441
vt 0.295125 0.691072
vt 0.293025 0.691072
vt 0.271347 0.691072
vt 0.269247 0.691072
vt 0.295125 0.707503
vt 0.295125 0.706133
vt 0.293025 0.706133
vt 0.293025 0.707503
vt 0.271347 0.707503
vt 0.271347 0.706133
vt 0.269247 0.706133
vt 0.269247 0.707503
vt 0.295125 0.704764
vt 0.293025 0.704764
vt 0.271347 0.704764
vt 0.269247 0.704764
vt 0.661302 0.127603
vt 0.641143 0.127603
vt 0.641143 0.128972
vt 0.661302 0.128972
vt 0.636474 0.127603
vt 0.617365 0.127603
vt 0.617365 0.128972
vt 0.636474 0.128972
vt 0.612697 0.127603
vt 0.592538 0.127603
vt 0.592538 0.128972
vt 0.612697 0.128972
vt 0.661302 0.126234
vt 0.641143 0.126234
vt 0.636474 0.126234
vt 0.617365 0.126234
vt 0.612697 0.126234
vt 0.592538 0.126234
vt 0.661302 0.124864
vt 0.641143 0.124864
vt 0.636474 0.124864
vt 0.617365 0.124864
vt 0.612697 0.124864
vt 0.592538 0.124864
vt 0.661302 0.123495
vt 0.641143 0.123495
vt 0.636474 0.123495
vt 0.617365 0.123495
vt 0.612697 0.123495
vt 0.592538 0.123495
vt 0.661302 0.122126
vt 0.641143 0.122126
vt 0.636474 0.122126
vt 0.617365 0.122126
vt 0.612697 0.122126
vt 0.592538 0.122126
vt 0.661302 0.120757
vt 0.641143 0.120757
vt 0.636474 0.120757
vt 0.617365 0.120757
vt 0.612697 0.120757
vt 0.592538 0.120757
vt 0.641143 0.119387
vt 0.636474 0.119387
vt 0.617365 0.119387
vt 0.612697 0.119387
vt 0.641143 0.118018
vt 0.636474 0.118018
vt 0.617365 0.118018
vt 0.612697 0.118018
vt 0.661302 0.116649
vt 0.641143 0.116649
vt 0.636474 0.116649
vt 0.617365 0.116649
vt 0.612697 0.116649
vt 0.592538 0.116649
vt 0.661302 0.115280
vt 0.641143 0.115280
vt 0.636474 0.115280
vt 0.617365 0.115280
vt 0.612697 0.115280
vt 0.592538 0.115280
vt 0.661302 0.113910
vt 0.641143 0.113910
vt 0.636474 0.113910
vt 0.617365 0.113910
vt 0.612697 0.113910
vt 0.592538 0.113910
vt 0.661302 0.112541
vt 0.641143 0.112541
vt 0.636474 0.112541
vt 0.617365 0.112541
vt 0.612697 0.112541
vt 0.592538 0.112541
vt 0.639859 0.128972
vt 0.639859 0.127603
vt 0.637759 0.127603
vt 0.637759 0.128972
vt 0.616081 0.128972
vt 0.616081 0.127603
vt 0.613981 0.127603
vt 0.613981 0.128972
vt 0.639859 0.126234
vt 0.637759 0.126234
vt 0.616081 0.126234
vt 0.613981 0.126234
vt 0.639859 0.124864
vt 0.637759 0.124864
vt 0.616081 0.124864
vt 0.613981 0.124864
vt 0.639859 0.123495
vt 0.637759 0.123495
vt 0.616081 0.123495
vt 0.613981 0.123495
vt 0.639859 0.122126
vt 0.637759 0.122126
vt 0.616081 0.122126
vt 0.613981 0.122126
vt 0.639859 0.120757
vt 0.637759 0.120757
vt 0.616081 0.120757
vt 0.613981 0.120757
vt 0.639859 0.119387
vt 0.637759 0.119387
vt 0.616081 0.119387
vt 0.613981 0.119387
vt 0.639859 0.118018
vt 0.637759 0.118018
vt 0.616081 0.118018
vt 0.613981 0.118018
vt 0.639859 0.116649
vt 0.637759 0.116649
vt 0.616081 0.116649
vt 0.613981 0.116649
vt 0.639859 0.115280
vt 0.637759 0.115280
vt 0.616081 0.115280
vt 0.613981 0.115280
vt 0.639859 0.113910
vt 0.637759 0.113910
vt 0.616081 0.113910
vt 0.613981 0.113910
vt 0.639859 0.112541
vt 0.637759 0.112541
vt 0.616081 0.112541
vt 0.613981 0.112541
s 1
usemtl door_old_metal
f 9/15/7 10/16/8 11/17/9
f 12/18/10 13/19/11 14/20/12
f 15/21/13 16/22/14 17/23/15
f 18/24/16 19/25/17 20/26/18
f 21/27/7 22/28/19 23/29/20
f 24/30/10 25/31/11 26/32/12
f 27/33/13 28/34/14 29/35/15
f 30/36/16 31/37/17 32/38/18
f 33/39/7 34/40/19 35/41/20
f 36/42/10 37/43/11 38/44/12
f 39/45/13 40/46/14 41/47/15
f 42/48/16 43/49/17 44/50/21
f 45/51/7 46/52/22 47/53/9
f 48/54/10 49/55/11 50/56/12
f 51/57/13 52/58/14 53/59/15
f 54/60/16 55/61/17 56/62/18
f 57/63/23 58/64/24 59/65/25
f 60/66/26 61/67/27 62/68/28
f 63/69/29 64/70/30 65/71/31
f 66/72/32 67/73/33 68/74/34
f 69/75/35 70/76/24 71/77/25
f 72/78/26 73/79/27 74/80/28
f 75/81/29 76/82/30 77/83/31
f 78/84/32 79/85/33 80/86/34
f 81/87/35 82/88/24 83/89/36
f 84/90/26 85/91/27 86/92/28
f 87/93/29 88/94/30 89/95/31
f 90/96/32 91/97/33 92/98/37
f 93/99/23 94/100/24 95/101/25
f 96/102/26 97/103/27 98/104/28
f 99/105/29 100/106/30 101/107/38
f 102/108/32 103/109/33 104/110/34
f 105/111/16 106/112/39 107/113/40
f 108/114/41 109/115/13 110/116/42
f 111/117/43 112/118/44 113/119/45
f 114/120/46 115/121/47 116/122/48
f 117/123/49 118/124/50 119/125/51
f 120/126/52 121/127/53 122/128/54
f 123/129/55 124/130/56 125/131/57
f 126/132/31 127/133/29 128/134/30
f 129/135/58 130/136/59 131/137/60
f 132/138/61 133/139/62 134/140/63
f 135/141/64 136/142/59 137/143/65
f 138/144/66 139/145/62 140/146/63
f 141/147/67 142/148/59 143/149/65
f 144/150/61 145/151/62 146/152/68
f 147/153/59 148/154/65 149/155/58
f 150/156/69 151/157/70 152/158/71
f 153/159/72 154/160/73 155/161/74
f 156/162/69 157/163/70 158/164/71
f 159/165/75 160/166/73 161/167/76
f 162/168/69 163/169/70 164/170/77
f 165/171/72 166/172/73 167/173/74
f 168/174/69 169/175/70 170/176/71
f 171/177/78 172/178/79 173/179/80
f 174/180/81 175/181/82 176/182/83
f 177/183/84 178/184/79 179/185/80
f 180/186/81 181/187/85 182/188/83
f 183/189/78 184/190/79 185/191/80
f 186/192/81 187/193/82 188/194/83
f 189/195/78 190/196/79 191/197/80
f 192/198/86 193/199/87 194/200/88
f 195/201/89 196/202/90 197/203/91
f 198/204/88 199/205/86 200/206/87
f 201/207/92 202/208/90 203/209/91
f 204/210/93 205/211/94 206/212/87
f 207/213/92 208/214/95 209/215/91
f 210/216/88 211/217/86 212/218/87
f 213/219/96 214/220/97 215/221/98
f 214/220/97 216/222/99 215/221/98
f 217/223/100 218/224/100 219/225/100
f 220/226/101 221/227/101 222/228/101
f 223/229/100 217/223/100 219/225/100
f 224/230/101 221/227/101 220/226/101
f 225/231/100 223/229/100 219/225/100
f 226/232/101 221/227/101 224/230/101
f 227/233/100 225/231/100 219/225/100
f 228/234/101 221/227/101 226/232/101
f 229/235/100 227/233/100 219/225/100
f 230/236/101 221/227/101 228/234/101
f 231/237/100 229/235/100 219/225/100
f 232/238/101 221/227/101 230/236/101
f 233/239/100 231/237/100 219/225/100
f 234/240/101 221/227/101 232/238/101
f 235/241/100 233/239/100 219/225/100
f 236/242/101 221/227/101 234/240/101
f 237/243/100 235/241/100 219/225/100
f 238/244/101 221/227/101 236/242/101
f 239/245/100 237/243/100 219/225/100
f 240/246/101 221/227/101 238/244/101
f 241/247/100 239/245/100 219/225/100
f 242/248/101 221/227/101 240/246/101
f 218/224/100 241/247/100 219/225/100
f 222/228/101 221/227/101 242/248/101
f 243/249/100 244/250/100 245/251/100
f 246/252/101 247/253/101 248/254/101
f 249/255/100 243/249/100 245/251/100
f 250/256/101 247/253/101 246/252/101
f 251/257/100 249/255/100 245/251/100
f 252/258/101 247/253/101 250/256/101
f 253/259/100 251/257/100 245/251/100
f 254/260/101 247/253/101 252/258/101
f 255/261/100 253/259/100 245/251/100
f 256/262/101 247/253/101 254/260/101
f 257/263/100 255/261/100 245/251/100
f 258/264/101 247/253/101 256/262/101
f 259/265/100 257/263/100 245/251/100
f 260/266/101 247/253/101 258/264/101
f 261/267/100 259/265/100 245/251/100
f 262/268/101 247/253/101 260/266/101
f 263/269/100 261/267/100 245/251/100
f 264/270/101 247/253/101 262/268/101
f 265/271/100 263/269/100 245/251/100
f 266/272/101 247/253/101 264/270/101
f 267/273/100 265/271/100 245/251/100
f 268/274/101 247/253/101 266/272/101
f 244/250/100 267/273/100 245/251/100
f 248/254/101 247/253/101 268/274/101
f 269/275/102 270/276/103 271/277/104
f 269/275/102 271/277/104 272/278/105
f 273/279/106 274/280/107 275/281/108
f 273/279/106 275/281/108 276/282/109
f 277/283/110 278/284/111 279/285/112
f 277/283/110 279/285/112 280/286/113
f 281/287/114 282/288/115 283/289/116
f 281/287/114 283/289/116 284/290/117
f 285/291/118 286/292/119 287/293/120
f 285/291/118 287/293/120 288/294/121
f 275/281/108 289/295/122 290/296/123
f 275/281/108 290/296/123 276/282/109
f 279/285/112 291/297/124 292/298/125
f 279/285/112 292/298/125 280/286/113
f 283/289/116 293/299/126 294/300/127
f 283/289/116 294/300/127 284/290/117
f 287/293/120 295/301/128 296/302/129
f 287/293/120 296/302/129 288/294/121
f 286/292/119 297/303/130 298/304/131
f 286/292/119 298/304/131 287/293/120
f 280/286/113 299/305/132 300/306/133
f 280/286/113 300/306/133 277/283/110
f 284/290/117 301/307/134 302/308/135
f 284/290/117 302/308/135 281/287/114
f 288/294/121 303/309/136 304/310/137
f 288/294/121 304/310/137 285/291/118
f 305/311/138 306/312/139 307/313/140
f 305/311/138 307/313/140 308/314/141
f 309/315/142 305/311/138 310/316/143
f 309/315/142 310/316/143 311/317/144
f 11/17/9 10/16/8 298/304/131
f 11/17/9 298/304/131 312/318/145
f 313/319/146 276/282/109 290/296/123
f 313/319/146 290/296/123 314/320/147
f 308/314/141 272/278/105 310/316/143
f 308/314/141 310/316/143 305/311/138
f 295/301/128 287/293/120 298/304/131
f 295/301/128 298/304/131 10/16/8
f 12/18/10 14/20/12 296/302/129
f 12/18/10 296/302/129 315/321/148
f 316/322/149 317/323/150 318/324/151
f 316/322/149 318/324/151 293/299/126
f 14/20/12 13/19/11 319/325/152
f 14/20/12 319/325/152 303/309/136
f 303/309/136 288/294/121 296/302/129
f 303/309/136 296/302/129 14/20/12
f 320/326/153 271/277/104 321/327/154
f 320/326/153 321/327/154 322/328/155
f 293/299/126 283/289/116 323/329/156
f 293/299/126 323/329/156 316/322/149
f 324/330/157 325/331/158 292/298/125
f 324/330/157 292/298/125 326/332/159
f 16/22/14 15/21/13 327/333/160
f 16/22/14 327/333/160 289/295/122
f 17/23/15 16/22/14 328/334/161
f 17/23/15 328/334/161 329/335/162
f 299/305/132 280/286/113 292/298/125
f 299/305/132 292/298/125 325/331/158
f 330/336/163 269/275/102 331/337/164
f 330/336/163 331/337/164 332/338/165
f 289/295/122 275/281/108 328/334/161
f 289/295/122 328/334/161 16/22/14
f 18/24/16 20/26/18 294/300/127
f 18/24/16 294/300/127 333/339/166
f 334/340/167 335/341/168 336/342/169
f 334/340/167 336/342/169 291/297/124
f 20/26/18 19/25/17 337/343/170
f 20/26/18 337/343/170 301/307/134
f 301/307/134 284/290/117 294/300/127
f 301/307/134 294/300/127 20/26/18
f 338/344/171 270/276/103 339/345/172
f 338/344/171 339/345/172 340/346/173
f 291/297/124 279/285/112 341/347/174
f 291/297/124 341/347/174 334/340/167
f 331/337/164 308/314/141 307/313/140
f 331/337/164 307/313/140 342/348/175
f 269/275/102 272/278/105 308/314/141
f 269/275/102 308/314/141 331/337/164
f 339/345/172 330/336/163 343/349/176
f 339/345/172 343/349/176 344/350/176
f 270/276/103 269/275/102 330/336/163
f 270/276/103 330/336/163 339/345/172
f 321/327/154 338/344/171 345/351/177
f 321/327/154 345/351/177 346/352/178
f 271/277/104 270/276/103 338/344/171
f 271/277/104 338/344/171 321/327/154
f 310/316/143 320/326/153 347/353/179
f 310/316/143 347/353/179 311/317/144
f 272/278/105 271/277/104 320/326/153
f 272/278/105 320/326/153 310/316/143
f 348/354/180 313/319/146 349/355/181
f 348/354/180 349/355/181 350/356/181
f 273/279/106 276/282/109 313/319/146
f 273/279/106 313/319/146 348/354/180
f 351/357/182 352/358/182 300/306/133
f 351/357/182 300/306/133 299/305/132
f 275/281/108 274/280/107 353/359/183
f 275/281/108 353/359/183 328/334/161
f 337/343/170 354/360/184 302/308/135
f 337/343/170 302/308/135 301/307/134
f 279/285/112 278/284/111 355/361/185
f 279/285/112 355/361/185 341/347/174
f 323/329/156 356/362/186 357/363/187
f 323/329/156 357/363/187 358/364/187
f 283/289/116 282/288/115 356/362/186
f 283/289/116 356/362/186 323/329/156
f 359/365/102 360/366/103 361/367/104
f 359/365/102 361/367/104 362/368/105
f 363/369/106 364/370/107 365/371/108
f 363/369/106 365/371/108 366/372/109
f 367/373/188 368/374/111 369/375/112
f 367/373/188 369/375/112 370/376/113
f 371/377/114 372/378/115 373/379/116
f 371/377/114 373/379/116 374/380/117
f 375/381/189 376/382/119 377/383/120
f 375/381/189 377/383/120 378/384/121
f 365/371/108 379/385/122 380/386/123
f 365/371/108 380/386/123 366/372/109
f 369/375/112 381/387/124 382/388/125
f 369/375/112 382/388/125 370/376/113
f 373/379/116 383/389/126 384/390/127
f 373/379/116 384/390/127 374/380/117
f 377/383/120 385/391/190 386/392/129
f 377/383/120 386/392/129 378/384/121
f 376/382/119 387/393/130 388/394/131
f 376/382/119 388/394/131 377/383/120
f 370/376/113 389/395/191 390/396/133
f 370/376/113 390/396/133 367/373/188
f 374/380/117 391/397/134 392/398/135
f 374/380/117 392/398/135 371/377/114
f 378/384/121 393/399/136 394/400/137
f 378/384/121 394/400/137 375/381/189
f 395/401/138 396/402/139 397/403/140
f 395/401/138 397/403/140 398/404/141
f 399/405/142 395/401/138 400/406/143
f 399/405/142 400/406/143 401/407/144
f 23/29/20 22/28/19 388/394/131
f 23/29/20 388/394/131 402/408/192
f 403/409/193 366/372/109 380/386/123
f 403/409/193 380/386/123 404/410/194
f 398/404/141 362/368/105 400/406/143
f 398/404/141 400/406/143 395/401/138
f 385/391/190 377/383/120 388/394/131
f 385/391/190 388/394/131 22/28/19
f 24/30/10 26/32/12 386/392/129
f 24/30/10 386/392/129 405/411/148
f 406/412/149 407/413/151 408/414/151
f 406/412/149 408/414/151 383/389/126
f 26/32/12 25/31/11 409/415/152
f 26/32/12 409/415/152 393/399/136
f 393/399/136 378/384/121 386/392/129
f 393/399/136 386/392/129 26/32/12
f 410/416/153 361/367/104 411/417/154
f 410/416/153 411/417/154 412/418/155
f 383/389/126 373/379/116 413/419/156
f 383/389/126 413/419/156 406/412/149
f 414/420/195 415/421/158 382/388/125
f 414/420/195 382/388/125 416/422/159
f 28/34/14 27/33/13 417/423/160
f 28/34/14 417/423/160 379/385/122
f 29/35/15 28/34/14 418/424/161
f 29/35/15 418/424/161 419/425/196
f 389/395/191 370/376/113 382/388/125
f 389/395/191 382/388/125 415/421/158
f 420/426/163 359/365/102 421/427/164
f 420/426/163 421/427/164 422/428/165
f 379/385/122 365/371/108 418/424/161
f 379/385/122 418/424/161 28/34/14
f 30/36/16 32/38/18 384/390/127
f 30/36/16 384/390/127 423/429/166
f 424/430/167 425/431/169 426/432/169
f 424/430/167 426/432/169 381/387/124
f 32/38/18 31/37/17 427/433/170
f 32/38/18 427/433/170 391/397/134
f 391/397/134 374/380/117 384/390/127
f 391/397/134 384/390/127 32/38/18
f 428/434/171 360/366/103 429/435/172
f 428/434/171 429/435/172 430/436/173
f 381/387/124 369/375/112 431/437/174
f 381/387/124 431/437/174 424/430/167
f 421/427/164 398/404/141 397/403/140
f 421/427/164 397/403/140 432/438/175
f 359/365/102 362/368/105 398/404/141
f 359/365/102 398/404/141 421/427/164
f 429/435/172 420/426/163 433/439/176
f 429/435/172 433/439/176 434/440/176
f 360/366/103 359/365/102 420/426/163
f 360/366/103 420/426/163 429/435/172
f 411/417/154 428/434/171 435/441/177
f 411/417/154 435/441/177 436/442/178
f 361/367/104 360/366/103 428/434/171
f 361/367/104 428/434/171 411/417/154
f 400/406/143 410/416/153 437/443/179
f 400/406/143 437/443/179 401/407/144
f 362/368/105 361/367/104 410/416/153
f 362/368/105 410/416/153 400/406/143
f 438/444/180 403/409/193 439/445/181
f 438/444/180 439/445/181 440/446/181
f 363/369/106 366/372/109 403/409/193
f 363/369/106 403/409/193 438/444/180
f 441/447/182 442/448/182 390/396/133
f 441/447/182 390/396/133 389/395/191
f 365/371/108 364/370/107 443/449/183
f 365/371/108 443/449/183 418/424/161
f 427/433/170 444/450/184 392/398/135
f 427/433/170 392/398/135 391/397/134
f 369/375/112 368/374/111 445/451/185
f 369/375/112 445/451/185 431/437/174
f 413/419/156 446/452/186 447/453/187
f 413/419/156 447/453/187 448/454/187
f 373/379/116 372/378/115 446/452/186
f 373/379/116 446/452/186 413/419/156
f 449/455/102 450/456/103 451/457/104
f 449/455/102 451/457/104 452/458/105
f 453/459/106 454/460/107 455/461/108
f 453/459/106 455/461/108 456/462/109
f 457/463/188 458/464/111 459/465/112
f 457/463/188 459/465/112 460/466/113
f 461/467/114 462/468/115 463/469/116
f 461/467/114 463/469/116 464/470/117
f 465/471/118 466/472/119 467/473/120
f 465/471/118 467/473/120 468/474/121
f 455/461/108 469/475/122 470/476/123
f 455/461/108 470/476/123 456/462/109
f 459/465/112 471/477/124 472/478/125
f 459/465/112 472/478/125 460/466/113
f 463/469/116 473/479/126 474/480/127
f 463/469/116 474/480/127 464/470/117
f 467/473/120 475/481/190 476/482/129
f 467/473/120 476/482/129 468/474/121
f 466/472/119 477/483/130 478/484/197
f 466/472/119 478/484/197 467/473/120
f 460/466/113 479/485/191 480/486/133
f 460/466/113 480/486/133 457/463/188
f 464/470/117 481/487/198 482/488/135
f 464/470/117 482/488/135 461/467/114
f 468/474/121 483/489/136 484/490/137
f 468/474/121 484/490/137 465/471/118
f 485/491/138 486/492/199 487/493/200
f 485/491/138 487/493/200 488/494/141
f 489/495/142 485/491/138 490/496/143
f 489/495/142 490/496/143 491/497/144
f 35/41/20 34/40/19 478/484/197
f 35/41/20 478/484/197 492/498/145
f 493/499/146 456/462/109 470/476/123
f 493/499/146 470/476/123 494/500/194
f 488/494/141 452/458/105 490/496/143
f 488/494/141 490/496/143 485/491/138
f 475/481/190 467/473/120 478/484/197
f 475/481/190 478/484/197 34/40/19
f 36/42/10 38/44/12 476/482/129
f 36/42/10 476/482/129 495/501/148
f 496/502/149 497/503/150 498/504/201
f 496/502/149 498/504/201 473/479/126
f 38/44/12 37/43/11 499/505/152
f 38/44/12 499/505/152 483/489/136
f 483/489/136 468/474/121 476/482/129
f 483/489/136 476/482/129 38/44/12
f 500/506/153 451/457/104 501/507/154
f 500/506/153 501/507/154 502/508/202
f 473/479/126 463/469/116 503/509/156
f 473/479/126 503/509/156 496/502/149
f 504/510/157 505/511/158 472/478/125
f 504/510/157 472/478/125 506/512/159
f 40/46/14 39/45/13 507/513/160
f 40/46/14 507/513/160 469/475/122
f 41/47/15 40/46/14 508/514/161
f 41/47/15 508/514/161 509/515/196
f 479/485/191 460/466/113 472/478/125
f 479/485/191 472/478/125 505/511/158
f 510/516/163 449/455/102 511/517/164
f 510/516/163 511/517/164 512/518/165
f 469/475/122 455/461/108 508/514/161
f 469/475/122 508/514/161 40/46/14
f 42/48/16 44/50/21 474/480/127
f 42/48/16 474/480/127 513/519/166
f 514/520/167 515/521/169 516/522/168
f 514/520/167 516/522/168 471/477/124
f 44/50/21 43/49/17 517/523/170
f 44/50/21 517/523/170 481/487/198
f 481/487/198 464/470/117 474/480/127
f 481/487/198 474/480/127 44/50/21
f 518/524/171 450/456/103 519/525/172
f 518/524/171 519/525/172 520/526/203
f 471/477/124 459/465/112 521/527/174
f 471/477/124 521/527/174 514/520/167
f 511/517/164 488/494/141 487/493/200
f 511/517/164 487/493/200 522/528/175
f 449/455/102 452/458/105 488/494/141
f 449/455/102 488/494/141 511/517/164
f 519/525/172 510/516/163 523/529/176
f 519/525/172 523/529/176 524/530/176
f 450/456/103 449/455/102 510/516/163
f 450/456/103 510/516/163 519/525/172
f 501/507/154 518/524/171 525/531/177
f 501/507/154 525/531/177 526/532/178
f 451/457/104 450/456/103 518/524/171
f 451/457/104 518/524/171 501/507/154
f 490/496/143 500/506/153 527/533/179
f 490/496/143 527/533/179 491/497/144
f 452/458/105 451/457/104 500/506/153
f 452/458/105 500/506/153 490/496/143
f 528/534/180 493/499/146 529/535/181
f 528/534/180 529/535/181 530/536/181
f 453/459/106 456/462/109 493/499/146
f 453/459/106 493/499/146 528/534/180
f 531/537/182 532/538/182 480/486/133
f 531/537/182 480/486/133 479/485/191
f 455/461/108 454/460/107 533/539/183
f 455/461/108 533/539/183 508/514/161
f 517/523/170 534/540/184 482/488/135
f 517/523/170 482/488/135 481/487/198
f 459/465/112 458/464/111 535/541/185
f 459/465/112 535/541/185 521/527/174
f 503/509/156 536/542/204 537/543/187
f 503/509/156 537/543/187 538/544/187
f 463/469/116 462/468/115 536/542/204
f 463/469/116 536/542/204 503/509/156
f 539/545/102 540/546/103 541/547/104
f 539/545/102 541/547/104 542/548/105
f 543/549/106 544/550/107 545/551/108
f 543/549/106 545/551/108 546/552/109
f 547/553/188 548/554/111 549/555/112
f 547/553/188 549/555/112 550/556/113
f 551/557/114 552/558/115 553/559/116
f 551/557/114 553/559/116 554/560/117
f 555/561/118 556/562/119 557/563/120
f 555/561/118 557/563/120 558/564/121
f 545/551/108 559/565/122 560/566/123
f 545/551/108 560/566/123 546/552/109
f 549/555/112 561/567/124 562/568/125
f 549/555/112 562/568/125 550/556/113
f 553/559/116 563/569/126 564/570/127
f 553/559/116 564/570/127 554/560/117
f 557/563/120 565/571/190 566/572/129
f 557/563/120 566/572/129 558/564/121
f 556/562/119 567/573/130 568/574/197
f 556/562/119 568/574/197 557/563/120
f 550/556/113 569/575/191 570/576/133
f 550/556/113 570/576/133 547/553/188
f 554/560/117 571/577/134 572/578/135
f 554/560/117 572/578/135 551/557/114
f 558/564/121 573/579/136 574/580/137
f 558/564/121 574/580/137 555/561/118
f 575/581/138 576/582/139 577/583/140
f 575/581/138 577/583/140 578/584/141
f 579/585/205 575/581/138 580/586/143
f 579/585/205 580/586/143 581/587/144
f 47/53/9 46/52/22 568/574/197
f 47/53/9 568/574/197 582/588/145
f 583/589/146 546/552/109 560/566/123
f 583/589/146 560/566/123 584/590/194
f 578/584/141 542/548/105 580/586/143
f 578/584/141 580/586/143 575/581/138
f 565/571/190 557/563/120 568/574/197
f 565/571/190 568/574/197 46/52/22
f 48/54/10 50/56/12 566/572/129
f 48/54/10 566/572/129 585/591/206
f 586/592/149 587/593/150 588/594/201
f 586/592/149 588/594/201 563/569/126
f 50/56/12 49/55/11 589/595/152
f 50/56/12 589/595/152 573/579/136
f 573/579/136 558/564/121 566/572/129
f 573/579/136 566/572/129 50/56/12
f 590/596/153 541/547/104 591/597/154
f 590/596/153 591/597/154 592/598/155
f 563/569/126 553/559/116 593/599/156
f 563/569/126 593/599/156 586/592/149
f 594/600/157 595/601/207 562/568/125
f 594/600/157 562/568/125 596/602/159
f 52/58/14 51/57/13 597/603/160
f 52/58/14 597/603/160 559/565/122
f 53/59/15 52/58/14 598/604/161
f 53/59/15 598/604/161 599/605/162
f 569/575/191 550/556/113 562/568/125
f 569/575/191 562/568/125 595/601/207
f 600/606/163 539/545/102 601/607/164
f 600/606/163 601/607/164 602/608/208
f 559/565/122 545/551/108 598/604/161
f 559/565/122 598/604/161 52/58/14
f 54/60/16 56/62/18 564/570/127
f 54/60/16 564/570/127 603/609/209
f 604/610/167 605/611/169 606/612/169
f 604/610/167 606/612/169 561/567/124
f 56/62/18 55/61/17 607/613/210
f 56/62/18 607/613/210 571/577/134
f 571/577/134 554/560/117 564/570/127
f 571/577/134 564/570/127 56/62/18
f 608/614/171 540/546/103 609/615/172
f 608/614/171 609/615/172 610/616/173
f 561/567/124 549/555/112 611/617/174
f 561/567/124 611/617/174 604/610/167
f 601/607/164 578/584/141 577/583/140
f 601/607/164 577/583/140 612/618/175
f 539/545/102 542/548/105 578/584/141
f 539/545/102 578/584/141 601/607/164
f 609/615/172 600/606/163 613/619/176
f 609/615/172 613/619/176 614/620/176
f 540/546/103 539/545/102 600/606/163
f 540/546/103 600/606/163 609/615/172
f 591/597/154 608/614/171 615/621/177
f 591/597/154 615/621/177 616/622/178
f 541/547/104 540/546/103 608/614/171
f 541/547/104 608/614/171 591/597/154
f 580/586/143 590/596/153 617/623/179
f 580/586/143 617/623/179 581/587/144
f 542/548/105 541/547/104 590/596/153
f 542/548/105 590/596/153 580/586/143
f 618/624/180 583/589/146 619/625/181
f 618/624/180 619/625/181 620/626/181
f 543/549/106 546/552/109 583/589/146
f 543/549/106 583/589/146 618/624/180
f 621/627/182 622/628/182 570/576/133
f 621/627/182 570/576/133 569/575/191
f 545/551/108 544/550/107 623/629/183
f 545/551/108 623/629/183 598/604/161
f 607/613/210 624/630/184 572/578/135
f 607/613/210 572/578/135 571/577/134
f 549/555/112 548/554/111 625/631/185
f 549/555/112 625/631/185 611/617/174
f 593/599/156 626/632/204 627/633/187
f 593/599/156 627/633/187 628/634/187
f 553/559/116 552/558/115 626/632/204
f 553/559/116 626/632/204 593/599/156
f 629/635/211 630/636/212 631/637/213
f 629/635/211 631/637/213 632/638/214
f 633/639/215 634/640/107 635/641/106
f 633/639/215 635/641/106 636/642/216
f 637/643/217 638/644/111 639/645/110
f 637/643/217 639/645/110 640/646/218
f 641/647/219 642/648/115 643/649/114
f 641/647/219 643/649/114 644/650/220
f 645/651/221 646/652/119 647/653/118
f 645/651/221 647/653/118 648/654/222
f 649/655/223 650/656/224 633/639/215
f 649/655/223 633/639/215 636/642/216
f 651/657/225 652/658/226 637/643/217
f 651/657/225 637/643/217 640/646/218
f 653/659/227 654/660/228 641/647/219
f 653/659/227 641/647/219 644/650/220
f 655/661/229 656/662/230 645/651/221
f 655/661/229 645/651/221 648/654/222
f 657/663/231 658/664/130 646/652/119
f 657/663/231 646/652/119 645/651/221
f 659/665/133 660/666/232 640/646/218
f 659/665/133 640/646/218 639/645/110
f 661/667/135 662/668/233 644/650/220
f 661/667/135 644/650/220 643/649/114
f 663/669/137 664/670/234 648/654/222
f 663/669/137 648/654/222 647/653/118
f 665/671/235 666/672/236 667/673/237
f 665/671/235 667/673/237 668/674/238
f 669/675/239 667/673/237 670/676/240
f 669/675/239 670/676/240 671/677/241
f 657/663/231 57/63/23 59/65/25
f 657/663/231 59/65/25 672/678/242
f 649/655/223 636/642/216 673/679/243
f 649/655/223 673/679/243 674/680/244
f 669/675/239 632/638/214 668/674/238
f 669/675/239 668/674/238 667/673/237
f 657/663/231 645/651/221 656/662/230
f 657/663/231 656/662/230 57/63/23
f 655/661/229 62/68/28 61/67/27
f 655/661/229 61/67/27 675/681/245
f 676/682/246 677/683/247 678/684/248
f 676/682/246 678/684/248 654/660/228
f 679/685/249 60/66/26 62/68/28
f 679/685/249 62/68/28 664/670/234
f 655/661/229 648/654/222 664/670/234
f 655/661/229 664/670/234 62/68/28
f 680/686/250 629/635/211 681/687/251
f 680/686/250 681/687/251 682/688/252
f 683/689/253 641/647/219 654/660/228
f 683/689/253 654/660/228 678/684/248
f 651/657/225 684/690/254 685/691/255
f 651/657/225 685/691/255 686/692/255
f 687/693/256 64/70/30 63/69/29
f 687/693/256 63/69/29 650/656/224
f 688/694/257 63/69/29 65/71/31
f 688/694/257 65/71/31 689/695/258
f 651/657/225 640/646/218 660/666/232
f 651/657/225 660/666/232 684/690/254
f 690/696/259 631/637/213 691/697/260
f 690/696/259 691/697/260 692/698/261
f 688/694/257 633/639/215 650/656/224
f 688/694/257 650/656/224 63/69/29
f 653/659/227 68/74/34 67/73/33
f 653/659/227 67/73/33 693/699/262
f 694/700/263 695/701/263 696/702/264
f 694/700/263 696/702/264 652/658/226
f 697/703/265 66/72/32 68/74/34
f 697/703/265 68/74/34 662/668/233
f 653/659/227 644/650/220 662/668/233
f 653/659/227 662/668/233 68/74/34
f 698/704/266 630/636/212 699/705/267
f 698/704/266 699/705/267 700/706/268
f 701/707/269 637/643/217 652/658/226
f 701/707/269 652/658/226 696/702/264
f 665/671/235 668/674/238 690/696/259
f 665/671/235 690/696/259 702/708/270
f 668/674/238 632/638/214 631/637/213
f 668/674/238 631/637/213 690/696/259
f 703/709/271 691/697/260 698/704/266
f 703/709/271 698/704/266 704/710/271
f 691/697/260 631/637/213 630/636/212
f 691/697/260 630/636/212 698/704/266
f 705/711/272 699/705/267 680/686/250
f 705/711/272 680/686/250 706/712/273
f 699/705/267 630/636/212 629/635/211
f 699/705/267 629/635/211 680/686/250
f 707/713/274 681/687/251 669/675/239
f 707/713/274 669/675/239 671/677/241
f 681/687/251 629/635/211 632/638/214
f 681/687/251 632/638/214 669/675/239
f 708/714/181 673/679/243 709/715/180
f 708/714/181 709/715/180 710/716/181
f 673/679/243 636/642/216 635/641/106
f 673/679/243 635/641/106 709/715/180
f 659/665/133 711/717/182 712/718/182
f 659/665/133 712/718/182 660/666/232
f 713/719/183 634/640/107 633/639/215
f 713/719/183 633/639/215 688/694/257
f 661/667/135 714/720/184 697/703/265
f 661/667/135 697/703/265 662/668/233
f 715/721/185 638/644/111 637/643/217
f 715/721/185 637/643/217 701/707/269
f 716/722/187 717/723/186 683/689/253
f 716/722/187 683/689/253 718/724/187
f 717/723/186 642/648/115 641/647/219
f 717/723/186 641/647/219 683/689/253
f 719/725/211 720/726/212 721/727/213
f 719/725/211 721/727/213 722/728/214
f 723/729/275 724/730/107 725/731/106
f 723/729/275 725/731/106 726/732/216
f 727/733/217 728/734/111 729/735/188
f 727/733/217 729/735/188 730/736/218
f 731/737/276 732/738/115 733/739/114
f 731/737/276 733/739/114 734/740/220
f 735/741/221 736/742/119 737/743/189
f 735/741/221 737/743/189 738/744/222
f 739/745/223 740/746/224 723/729/275
f 739/745/223 723/729/275 726/732/216
f 741/747/225 742/748/226 727/733/217
f 741/747/225 727/733/217 730/736/218
f 743/749/227 744/750/228 731/737/276
f 743/749/227 731/737/276 734/740/220
f 745/751/229 746/752/230 735/741/221
f 745/751/229 735/741/221 738/744/222
f 747/753/231 748/754/130 736/742/119
f 747/753/231 736/742/119 735/741/221
f 749/755/133 750/756/277 730/736/218
f 749/755/133 730/736/218 729/735/188
f 751/757/135 752/758/233 734/740/220
f 751/757/135 734/740/220 733/739/114
f 753/759/137 754/760/234 738/744/222
f 753/759/137 738/744/222 737/743/189
f 755/761/235 756/762/236 757/763/237
f 755/761/235 757/763/237 758/764/238
f 759/765/239 757/763/237 760/766/240
f 759/765/239 760/766/240 761/767/241
f 747/753/231 69/75/35 71/77/25
f 747/753/231 71/77/25 762/768/278
f 739/745/223 726/732/216 763/769/279
f 739/745/223 763/769/279 764/770/280
f 759/765/239 722/728/214 758/764/238
f 759/765/239 758/764/238 757/763/237
f 747/753/231 735/741/221 746/752/230
f 747/753/231 746/752/230 69/75/35
f 745/751/229 74/80/28 73/79/27
f 745/751/229 73/79/27 765/771/245
f 766/772/246 767/773/246 768/774/248
f 766/772/246 768/774/248 744/750/228
f 769/775/249 72/78/26 74/80/28
f 769/775/249 74/80/28 754/760/234
f 745/751/229 738/744/222 754/760/234
f 745/751/229 754/760/234 74/80/28
f 770/776/250 719/725/211 771/777/251
f 770/776/250 771/777/251 772/778/252
f 773/779/253 731/737/276 744/750/228
f 773/779/253 744/750/228 768/774/248
f 741/747/225 774/780/254 775/781/281
f 741/747/225 775/781/281 776/782/255
f 777/783/256 76/82/30 75/81/29
f 777/783/256 75/81/29 740/746/224
f 778/784/257 75/81/29 77/83/31
f 778/784/257 77/83/31 779/785/282
f 741/747/225 730/736/218 750/756/277
f 741/747/225 750/756/277 774/780/254
f 780/786/283 721/727/213 781/787/260
f 780/786/283 781/787/260 782/788/261
f 778/784/257 723/729/275 740/746/224
f 778/784/257 740/746/224 75/81/29
f 743/749/227 80/86/34 79/85/33
f 743/749/227 79/85/33 783/789/262
f 784/790/284 785/791/263 786/792/264
f 784/790/284 786/792/264 742/748/226
f 787/793/265 78/84/32 80/86/34
f 787/793/265 80/86/34 752/758/233
f 743/749/227 734/740/220 752/758/233
f 743/749/227 752/758/233 80/86/34
f 788/794/266 720/726/212 789/795/267
f 788/794/266 789/795/267 790/796/268
f 791/797/269 727/733/217 742/748/226
f 791/797/269 742/748/226 786/792/264
f 755/761/235 758/764/238 780/786/283
f 755/761/235 780/786/283 792/798/270
f 758/764/238 722/728/214 721/727/213
f 758/764/238 721/727/213 780/786/283
f 793/799/271 781/787/260 788/794/266
f 793/799/271 788/794/266 794/800/271
f 781/787/260 721/727/213 720/726/212
f 781/787/260 720/726/212 788/794/266
f 795/801/272 789/795/267 770/776/250
f 795/801/272 770/776/250 796/802/273
f 789/795/267 720/726/212 719/725/211
f 789/795/267 719/725/211 770/776/250
f 797/803/274 771/777/251 759/765/239
f 797/803/274 759/765/239 761/767/241
f 771/777/251 719/725/211 722/728/214
f 771/777/251 722/728/214 759/765/239
f 798/804/181 763/769/279 799/805/180
f 798/804/181 799/805/180 800/806/181
f 763/769/279 726/732/216 725/731/106
f 763/769/279 725/731/106 799/805/180
f 749/755/133 801/807/182 802/808/182
f 749/755/133 802/808/182 750/756/277
f 803/809/183 724/730/107 723/729/275
f 803/809/183 723/729/275 778/784/257
f 751/757/135 804/810/184 787/793/265
f 751/757/135 787/793/265 752/758/233
f 805/811/185 728/734/111 727/733/217
f 805/811/185 727/733/217 791/797/269
f 806/812/187 807/813/186 773/779/253
f 806/812/187 773/779/253 808/814/187
f 807/813/186 732/738/115 731/737/276
f 807/813/186 731/737/276 773/779/253
f 809/815/211 810/816/212 811/817/213
f 809/815/211 811/817/213 812/818/214
f 813/819/275 814/820/107 815/821/106
f 813/819/275 815/821/106 816/822/216
f 817/823/217 818/824/111 819/825/188
f 817/823/217 819/825/188 820/826/218
f 821/827/276 822/828/115 823/829/114
f 821/827/276 823/829/114 824/830/220
f 825/831/221 826/832/119 827/833/118
f 825/831/221 827/833/118 828/834/222
f 829/835/223 830/836/224 813/819/275
f 829/835/223 813/819/275 816/822/216
f 831/837/225 832/838/226 817/823/217
f 831/837/225 817/823/217 820/826/218
f 833/839/227 834/840/228 821/827/276
f 833/839/227 821/827/276 824/830/220
f 835/841/229 836/842/230 825/831/221
f 835/841/229 825/831/221 828/834/222
f 837/843/231 838/844/130 826/832/119
f 837/843/231 826/832/119 825/831/221
f 839/845/133 840/846/277 820/826/218
f 839/845/133 820/826/218 819/825/188
f 841/847/135 842/848/233 824/830/220
f 841/847/135 824/830/220 823/829/114
f 843/849/137 844/850/234 828/834/222
f 843/849/137 828/834/222 827/833/118
f 845/851/235 846/852/285 847/853/237
f 845/851/235 847/853/237 848/854/238
f 849/855/239 847/853/237 850/856/286
f 849/855/239 850/856/286 851/857/241
f 837/843/231 81/87/35 83/89/36
f 837/843/231 83/89/36 852/858/287
f 829/835/223 816/822/216 853/859/243
f 829/835/223 853/859/243 854/860/288
f 849/855/239 812/818/214 848/854/238
f 849/855/239 848/854/238 847/853/237
f 837/843/231 825/831/221 836/842/230
f 837/843/231 836/842/230 81/87/35
f 835/841/229 86/92/28 85/91/27
f 835/841/229 85/91/27 855/861/245
f 856/862/289 857/863/247 858/864/248
f 856/862/289 858/864/248 834/840/228
f 859/865/249 84/90/26 86/92/28
f 859/865/249 86/92/28 844/850/234
f 835/841/229 828/834/222 844/850/234
f 835/841/229 844/850/234 86/92/28
f 860/866/290 809/815/211 861/867/251
f 860/866/290 861/867/251 862/868/252
f 863/869/253 821/827/276 834/840/228
f 863/869/253 834/840/228 858/864/248
f 831/837/225 864/870/254 865/871/281
f 831/837/225 865/871/281 866/872/255
f 867/873/256 88/94/30 87/93/29
f 867/873/256 87/93/29 830/836/224
f 868/874/257 87/93/29 89/95/31
f 868/874/257 89/95/31 869/875/282
f 831/837/225 820/826/218 840/846/277
f 831/837/225 840/846/277 864/870/254
f 870/876/283 811/817/213 871/877/260
f 870/876/283 871/877/260 872/878/261
f 868/874/257 813/819/275 830/836/224
f 868/874/257 830/836/224 87/93/29
f 833/839/227 92/98/37 91/97/33
f 833/839/227 91/97/33 873/879/262
f 874/880/291 875/881/263 876/882/264
f 874/880/291 876/882/264 832/838/226
f 877/883/265 90/96/32 92/98/37
f 877/883/265 92/98/37 842/848/233
f 833/839/227 824/830/220 842/848/233
f 833/839/227 842/848/233 92/98/37
f 878/884/266 810/816/212 879/885/267
f 878/884/266 879/885/267 880/886/268
f 881/887/269 817/823/217 832/838/226
f 881/887/269 832/838/226 876/882/264
f 845/851/235 848/854/238 870/876/283
f 845/851/235 870/876/283 882/888/270
f 848/854/238 812/818/214 811/817/213
f 848/854/238 811/817/213 870/876/283
f 883/889/271 871/877/260 878/884/266
f 883/889/271 878/884/266 884/890/271
f 871/877/260 811/817/213 810/816/212
f 871/877/260 810/816/212 878/884/266
f 885/891/272 879/885/267 860/866/290
f 885/891/272 860/866/290 886/892/273
f 879/885/267 810/816/212 809/815/211
f 879/885/267 809/815/211 860/866/290
f 887/893/274 861/867/251 849/855/239
f 887/893/274 849/855/239 851/857/241
f 861/867/251 809/815/211 812/818/214
f 861/867/251 812/818/214 849/855/239
f 888/894/181 853/859/243 889/895/180
f 888/894/181 889/895/180 890/896/181
f 853/859/243 816/822/216 815/821/106
f 853/859/243 815/821/106 889/895/180
f 839/845/133 891/897/182 892/898/182
f 839/845/133 892/898/182 840/846/277
f 893/899/183 814/820/107 813/819/275
f 893/899/183 813/819/275 868/874/257
f 841/847/135 894/900/184 877/883/265
f 841/847/135 877/883/265 842/848/233
f 895/901/185 818/824/111 817/823/217
f 895/901/185 817/823/217 881/887/269
f 896/902/187 897/903/204 863/869/253
f 896/902/187 863/869/253 898/904/187
f 897/903/204 822/828/115 821/827/276
f 897/903/204 821/827/276 863/869/253
f 899/905/211 900/906/212 901/907/213
f 899/905/211 901/907/213 902/908/214
f 903/909/215 904/910/107 905/911/106
f 903/909/215 905/911/106 906/912/216
f 907/913/217 908/914/111 909/915/188
f 907/913/217 909/915/188 910/916/218
f 911/917/219 912/918/115 913/919/114
f 911/917/219 913/919/114 914/920/220
f 915/921/221 916/922/119 917/923/118
f 915/921/221 917/923/118 918/924/222
f 919/925/223 920/926/224 903/909/215
f 919/925/223 903/909/215 906/912/216
f 921/927/225 922/928/226 907/913/217
f 921/927/225 907/913/217 910/916/218
f 923/929/227 924/930/228 911/917/219
f 923/929/227 911/917/219 914/920/220
f 925/931/229 926/932/230 915/921/221
f 925/931/229 915/921/221 918/924/222
f 927/933/231 928/934/130 916/922/119
f 927/933/231 916/922/119 915/921/221
f 929/935/133 930/936/277 910/916/218
f 929/935/133 910/916/218 909/915/188
f 931/937/135 932/938/233 914/920/220
f 931/937/135 914/920/220 913/919/114
f 933/939/137 934/940/234 918/924/222
f 933/939/137 918/924/222 917/923/118
f 935/941/235 936/942/236 937/943/292
f 935/941/235 937/943/292 938/944/238
f 939/945/239 937/943/292 940/946/293
f 939/945/239 940/946/293 941/947/241
f 927/933/231 93/99/23 95/101/25
f 927/933/231 95/101/25 942/948/242
f 919/925/223 906/912/216 943/949/243
f 919/925/223 943/949/243 944/950/294
f 939/945/239 902/908/214 938/944/238
f 939/945/239 938/944/238 937/943/292
f 927/933/231 915/921/221 926/932/230
f 927/933/231 926/932/230 93/99/23
f 925/931/229 98/104/28 97/103/27
f 925/931/229 97/103/27 945/951/295
f 946/952/289 947/953/247 948/954/248
f 946/952/289 948/954/248 924/930/228
f 949/955/296 96/102/26 98/104/28
f 949/955/296 98/104/28 934/940/234
f 925/931/229 918/924/222 934/940/234
f 925/931/229 934/940/234 98/104/28
f 950/956/290 899/905/211 951/957/251
f 950/956/290 951/957/251 952/958/252
f 953/959/253 911/917/219 924/930/228
f 953/959/253 924/930/228 948/954/248
f 921/927/225 954/960/254 955/961/255
f 921/927/225 955/961/255 956/962/255
f 957/963/256 100/106/30 99/105/29
f 957/963/256 99/105/29 920/926/224
f 958/964/257 99/105/29 101/107/38
f 958/964/257 101/107/38 959/965/258
f 921/927/225 910/916/218 930/936/277
f 921/927/225 930/936/277 954/960/254
f 960/966/259 901/907/213 961/967/260
f 960/966/259 961/967/260 962/968/297
f 958/964/257 903/909/215 920/926/224
f 958/964/257 920/926/224 99/105/29
f 923/929/227 104/110/34 103/109/33
f 923/929/227 103/109/33 963/969/298
f 964/970/263 965/971/263 966/972/264
f 964/970/263 966/972/264 922/928/226
f 967/973/265 102/108/32 104/110/34
f 967/973/265 104/110/34 932/938/233
f 923/929/227 914/920/220 932/938/233
f 923/929/227 932/938/233 104/110/34
f 968/974/266 900/906/212 969/975/267
f 968/974/266 969/975/267 970/976/299
f 971/977/269 907/913/217 922/928/226
f 971/977/269 922/928/226 966/972/264
f 935/941/235 938/944/238 960/966/259
f 935/941/235 960/966/259 972/978/270
f 938/944/238 902/908/214 901/907/213
f 938/944/238 901/907/213 960/966/259
f 973/979/271 961/967/260 968/974/266
f 973/979/271 968/974/266 974/980/271
f 961/967/260 901/907/213 900/906/212
f 961/967/260 900/906/212 968/974/266
f 975/981/272 969/975/267 950/956/290
f 975/981/272 950/956/290 976/982/273
f 969/975/267 900/906/212 899/905/211
f 969/975/267 899/905/211 950/956/290
f 977/983/274 951/957/251 939/945/239
f 977/983/274 939/945/239 941/947/241
f 951/957/251 899/905/211 902/908/214
f 951/957/251 902/908/214 939/945/239
f 978/984/181 943/949/243 979/985/180
f 978/984/181 979/985/180 980/986/181
f 943/949/243 906/912/216 905/911/106
f 943/949/243 905/911/106 979/985/180
f 929/935/133 981/987/182 982/988/182
f 929/935/133 982/988/182 930/936/277
f 983/989/183 904/910/107 903/909/215
f 983/989/183 903/909/215 958/964/257
f 931/937/135 984/990/184 967/973/265
f 931/937/135 967/973/265 932/938/233
f 985/991/185 908/914/111 907/913/217
f 985/991/185 907/913/217 971/977/269
f 986/992/187 987/993/204 953/959/253
f 986/992/187 953/959/253 988/994/187
f 987/993/204 912/918/115 911/917/219
f 987/993/204 911/917/219 953/959/253
f 989/995/300 990/996/301 991/997/302
f 989/995/300 991/997/302 992/998/303
f 993/999/304 994/1000/305 995/1001/306
f 993/999/304 995/1001/306 996/1002/307
f 997/1003/308 998/1004/309 999/1005/310
f 997/1003/308 999/1005/310 1000/1006/311
f 1000/1006/311 1001/1007/312 1002/1008/313
f 1000/1006/311 1002/1008/313 997/1003/308
f 1003/1009/314 1004/1010/314 1005/1011/314
f 1003/1009/314 1005/1011/314 1006/1012/314
f 1007/1013/315 1008/1014/315 1009/1015/315
f 1007/1013/315 1009/1015/315 1010/1016/315
f 1011/1017/101 1012/1018/101 1013/1019/101
f 1011/1017/101 1013/1019/101 1014/1020/101
f 1015/1021/100 1016/1022/100 1017/1023/100
f 1015/1021/100 1017/1023/100 1018/1024/100
f 1019/1025/316 1020/1026/316 1021/1027/316
f 1019/1025/316 1021/1027/316 1022/1028/316
f 1023/1029/315 1024/1030/315 1025/1031/315
f 1023/1029/315 1025/1031/315 1026/1032/315
f 1027/1033/317 1028/1034/317 1029/1035/317
f 1027/1033/317 1029/1035/317 1030/1036/317
f 1031/1037/314 1032/1038/314 1033/1039/314
f 1031/1037/314 1033/1039/314 1034/1040/314
f 1035/1041/316 1036/1042/316 1037/1043/316
f 1035/1041/316 1037/1043/316 1038/1044/316
f 1039/1045/315 1040/1046/315 1041/1047/315
f 1039/1045/315 1041/1047/315 1042/1048/315
f 1043/1049/317 1044/1050/317 1045/1051/317
f 1043/1049/317 1045/1051/317 1046/1052/317
f 1047/1053/314 1048/1054/314 1049/1055/314
f 1047/1053/314 1049/1055/314 1050/1056/314
f 1051/1057/316 1052/1058/316 1053/1059/316
f 1051/1057/316 1053/1059/316 1054/1060/316
f 1054/1060/316 1055/1061/316 1056/1062/316
f 1054/1060/316 1056/1062/316 1051/1057/316
f 1057/1063/318 1058/1064/319 1059/1065/320
f 1057/1063/318 1059/1065/320 1060/1066/318
f 1061/1067/315 1062/1068/315 1063/1069/315
f 1061/1067/315 1063/1069/315 1064/1070/315
f 1065/1071/321 1066/1072/322 1067/1073/317
f 1065/1071/321 1067/1073/317 1068/1074/317
f 1069/1075/323 1065/1071/321 1068/1074/317
f 1069/1075/323 1068/1074/317 1070/1076/317
f 1071/1077/324 1072/1078/324 1073/1079/324
f 1071/1077/324 1073/1079/324 1074/1080/324
f 1075/1081/314 1076/1082/314 1077/1083/314
f 1075/1081/314 1077/1083/314 1078/1084/314
f 1079/1085/316 1053/1059/316 1052/1058/316
f 1079/1085/316 1052/1058/316 1080/1086/316
f 1081/1087/315 1061/1067/315 1064/1070/315
f 1081/1087/315 1064/1070/315 1082/1088/315
f 1083/1089/317 1069/1075/323 1070/1076/317
f 1083/1089/317 1070/1076/317 1084/1090/317
f 1085/1091/314 1075/1081/314 1078/1084/314
f 1085/1091/314 1078/1084/314 1086/1092/314
f 1087/1093/314 1088/1094/314 1089/1095/314
f 1087/1093/314 1089/1095/314 1090/1096/314
f 1091/1097/315 1092/1098/315 1023/1029/315
f 1091/1097/315 1023/1029/315 1026/1032/315
f 1025/1031/315 1024/1030/315 1039/1045/315
f 1025/1031/315 1039/1045/315 1042/1048/315
f 1093/1099/314 1094/1100/314 1047/1053/314
f 1093/1099/314 1047/1053/314 1050/1056/314
f 1041/1047/315 1040/1046/315 1081/1087/315
f 1041/1047/315 1081/1087/315 1082/1088/315
f 1049/1055/314 1048/1054/314 1085/1091/314
f 1049/1055/314 1085/1091/314 1086/1092/314
f 1095/1101/316 1096/1102/316 1097/1103/316
f 1095/1101/316 1097/1103/316 1098/1104/316
f 1004/1010/314 1088/1094/314 1087/1093/314
f 1004/1010/314 1087/1093/314 1005/1011/314
f 1099/1105/317 1100/1106/317 1101/1107/317
f 1099/1105/317 1101/1107/317 1102/1108/317
f 1008/1014/315 1092/1098/315 1091/1097/315
f 1008/1014/315 1091/1097/315 1009/1015/315
f 1103/1109/316 1104/1110/325 1105/1111/316
f 1103/1109/316 1105/1111/316 1106/1112/316
f 1107/1113/316 1108/1114/316 1109/1115/316
f 1107/1113/316 1109/1115/316 1110/1116/316
f 1111/1117/316 1112/1118/316 1113/1119/316
f 1111/1117/316 1113/1119/316 1114/1120/316
f 1115/1121/316 1116/1122/316 1117/1123/316
f 1115/1121/316 1117/1123/316 1118/1124/316
f 1119/1125/316 1120/1126/316 1121/1127/316
f 1119/1125/316 1121/1127/316 1122/1128/316
f 1123/1129/316 1124/1130/316 1125/1131/316
f 1123/1129/316 1125/1131/316 1126/1132/316
f 1127/1133/316 1128/1134/316 1129/1135/316
f 1127/1133/316 1129/1135/316 1130/1136/316
f 1131/1137/316 1132/1138/316 1133/1139/316
f 1131/1137/316 1133/1139/316 1134/1140/316
f 1135/1141/316 1136/1142/316 1137/1143/316
f 1135/1141/316 1137/1143/316 1138/1144/316
f 1139/1145/100 1140/1146/100 1141/1147/100
f 1139/1145/100 1141/1147/100 1142/1148/100
f 1143/1149/317 1144/1150/317 1145/1151/317
f 1143/1149/317 1145/1151/317 1146/1152/317
f 1147/1153/317 1148/1154/317 1149/1155/317
f 1147/1153/317 1149/1155/317 1150/1156/317
f 1151/1157/317 1152/1158/317 1153/1159/317
f 1151/1157/317 1153/1159/317 1154/1160/317
f 1155/1161/317 1156/1162/317 1157/1163/317
f 1155/1161/317 1157/1163/317 1002/1008/313
f 998/1004/309 997/1003/308 1158/1164/317
f 998/1004/309 1158/1164/317 1159/1165/317
f 997/1003/308 1002/1008/313 1157/1163/317
f 997/1003/308 1157/1163/317 1158/1164/317
f 1160/1166/326 1161/1167/327 1162/1168/328
f 1160/1166/326 1162/1168/328 1163/1169/329
f 1164/1170/101 1165/1171/101 1166/1172/101
f 1164/1170/101 1166/1172/101 1167/1173/101
f 1168/1174/330 1169/1175/331 1170/1176/316
f 1168/1174/330 1170/1176/316 1171/1177/316
f 1169/1175/331 1172/1178/316 1173/1179/316
f 1169/1175/331 1173/1179/316 1170/1176/316
f 1174/1180/326 1175/1181/318 1176/1182/318
f 1174/1180/326 1176/1182/318 1177/1183/329
f 1178/1184/316 1179/1185/316 1173/1179/316
f 1178/1184/316 1173/1179/316 1172/1178/316
f 1180/1186/316 1181/1187/316 1182/1188/316
f 1180/1186/316 1182/1188/316 1183/1189/316
f 1184/1190/316 1185/1191/316 1186/1192/316
f 1184/1190/316 1186/1192/316 1187/1193/316
f 1188/1194/316 1189/1195/316 1190/1196/316
f 1188/1194/316 1190/1196/316 1191/1197/316
f 1015/1021/100 1139/1145/100 1142/1148/100
f 1015/1021/100 1142/1148/100 1016/1022/100
f 1192/1078/317 1193/1198/317 1194/1199/317
f 1192/1078/317 1194/1199/317 1195/1079/317
f 1196/1200/317 1197/1201/317 1198/1202/317
f 1196/1200/317 1198/1202/317 1199/1203/317
f 1200/1204/317 1201/1205/317 1202/1206/317
f 1200/1204/317 1202/1206/317 1203/1207/317
f 1204/1208/317 1205/1209/317 1206/1210/317
f 1204/1208/317 1206/1210/317 1207/1211/317
f 1208/1212/317 1209/1213/317 1210/1214/317
f 1208/1212/317 1210/1214/317 1211/1215/317
f 1212/1216/317 1213/1217/317 1214/1218/317
f 1212/1216/317 1214/1218/317 1215/1219/317
f 1216/1220/317 1217/1221/317 1218/1222/317
f 1216/1220/317 1218/1222/317 1219/1223/317
f 1220/1224/317 1221/1225/317 1222/1226/317
f 1220/1224/317 1222/1226/317 1223/1227/317
f 1224/1228/332 1225/1229/333 1226/1230/317
f 1224/1228/332 1226/1230/317 1227/1231/317
f 1228/1232/101 1229/1233/101 1230/1234/101
f 1228/1232/101 1230/1234/101 1231/1235/101
f 1232/1236/100 1233/1237/100 1234/1238/100
f 1232/1236/100 1234/1238/100 1235/1239/100
f 1236/1240/314 1237/1241/314 1238/1242/314
f 1236/1240/314 1238/1242/314 1239/1243/314
f 1240/1244/101 1241/1245/101 1242/1246/101
f 1240/1244/101 1242/1246/101 1243/1247/101
f 1244/1248/315 1245/1249/315 1246/1250/315
f 1244/1248/315 1246/1250/315 1247/1251/315
f 1248/1252/100 1249/1253/100 1250/1254/100
f 1248/1252/100 1250/1254/100 1251/1255/100
f 1252/1256/314 1253/1257/314 1254/1258/314
f 1252/1256/314 1254/1258/314 1255/1259/314
f 1256/1260/101 1257/1261/101 1258/1262/101
f 1256/1260/101 1258/1262/101 1259/1263/101
f 1260/1264/315 1261/1265/315 1262/1266/315
f 1260/1264/315 1262/1266/315 1263/1267/315
f 1264/1268/100 1265/1269/100 1266/1270/100
f 1264/1268/100 1266/1270/100 1267/1271/100
f 1268/1272/314 1269/1273/314 1270/1274/314
f 1268/1272/314 1270/1274/314 1271/1275/314
f 1272/1276/101 1273/1277/101 1274/1278/101
f 1272/1276/101 1274/1278/101 1275/1279/101
f 1276/1280/315 1277/1281/315 1278/1282/315
f 1276/1280/315 1278/1282/315 1279/1283/315
f 1280/1284/100 1281/1285/100 1282/1286/100
f 1280/1284/100 1282/1286/100 1283/1287/100
f 1284/1288/314 1285/1289/314 1286/1290/314
f 1284/1288/314 1286/1290/314 1287/1291/314
f 1288/1292/101 1289/1293/101 1290/1294/101
f 1288/1292/101 1290/1294/101 1291/1295/101
f 1292/1296/315 1293/1297/315 1294/1298/315
f 1292/1296/315 1294/1298/315 1295/1299/315
f 1296/1300/100 1297/1301/100 1298/1302/100
f 1296/1300/100 1298/1302/100 1299/1303/100
f 1300/1304/315 1301/1305/315 1302/1306/315
f 1300/1304/315 1302/1306/315 1303/1307/315
f 1304/1308/101 1305/1309/101 1306/1310/101
f 1304/1308/101 1306/1310/101 1307/1311/101
f 1308/1312/314 1309/1313/314 1310/1314/314
f 1308/1312/314 1310/1314/314 1311/1315/314
f 1312/1316/100 1313/1317/100 1314/1318/100
f 1312/1316/100 1314/1318/100 1315/1319/100
f 1316/1320/315 1317/1321/315 1318/1322/315
f 1316/1320/315 1318/1322/315 1319/1323/315
f 1320/1324/101 1321/1325/101 1322/1326/101
f 1320/1324/101 1322/1326/101 1323/1327/101
f 1324/1328/314 1325/1329/314 1326/1330/314
f 1324/1328/314 1326/1330/314 1327/1331/314
f 1328/1332/100 1329/1333/100 1330/1334/100
f 1328/1332/100 1330/1334/100 1331/1335/100
f 1332/1336/315 1333/1337/315 1334/1338/315
f 1332/1336/315 1334/1338/315 1335/1339/315
f 1336/1340/101 1337/1341/101 1338/1342/101
f 1336/1340/101 1338/1342/101 1339/1343/101
f 1340/1344/314 1341/1345/314 1342/1346/314
f 1340/1344/314 1342/1346/314 1343/1347/314
f 1344/1348/100 1345/1349/100 1346/1350/100
f 1344/1348/100 1346/1350/100 1347/1351/100
f 1348/1352/315 1349/1353/315 1350/1354/315
f 1348/1352/315 1350/1354/315 1351/1355/315
f 1352/1356/101 1353/1357/101 1354/1358/101
f 1352/1356/101 1354/1358/101 1355/1359/101
f 1356/1360/314 1357/1361/314 1358/1362/314
f 1356/1360/314 1358/1362/314 1359/1363/314
f 1058/1064/319 1360/1231/334 1361/1230/334
f 1058/1064/319 1361/1230/334 1059/1065/320
f 1362/1364/335 1363/1365/336 1364/1366/336
f 1362/1364/335 1364/1366/336 1365/1367/337
f 1366/1368/335 1367/1369/336 1368/1370/336
f 1366/1368/335 1368/1370/336 1369/1371/337
f 1370/1372/338 1371/1373/338 1372/1374/338
f 1370/1372/338 1372/1374/338 1373/1375/338
f 1374/1376/339 1375/1377/340 1376/1014/341
f 1374/1376/339 1376/1014/341 1377/1013/342
f 1378/1378/343 1379/1379/344 1380/1023/345
f 1378/1378/343 1380/1023/345 1381/1022/346
f 1382/1380/347 1383/1381/348 1384/1150/349
f 1382/1380/347 1384/1150/349 1385/1382/350
f 1386/1383/351 1387/1384/352 1388/1385/353
f 1386/1383/351 1388/1385/353 1389/1104/354
f 1390/1386/355 1391/1387/356 1392/1147/357
f 1390/1386/355 1392/1147/357 1393/1146/358
f 1394/1388/359 1395/1389/360 1393/1146/358
f 1394/1388/359 1393/1146/358 1396/1145/361
f 1397/1390/362 1398/1391/363 1399/1195/364
f 1397/1390/362 1399/1195/364 1400/1392/365
f 1401/1393/366 1402/1394/367 1403/1024/368
f 1401/1393/366 1403/1024/368 1380/1023/345
f 1404/1395/369 1405/1396/370 1406/1069/371
f 1404/1395/369 1406/1069/371 1407/1068/372
f 1408/1397/373 1409/1398/374 1410/1177/374
f 1408/1397/373 1410/1177/374 1411/1176/375
f 1412/1399/376 1413/1400/377 1414/1074/378
f 1412/1399/376 1414/1074/378 1415/1073/334
f 1416/1401/379 1417/1402/380 1400/1392/365
f 1416/1401/379 1400/1392/365 1418/1403/381
f 1419/1404/382 1420/1405/383 1421/1100/384
f 1419/1404/382 1421/1100/384 1422/1095/384
f 1423/1406/385 1424/1407/386 1425/1282/387
f 1423/1406/385 1425/1282/387 1426/1281/387
f 1427/1408/363 1428/1409/388 1429/1192/364
f 1427/1408/363 1429/1192/364 1430/1191/364
f 1431/1410/389 1432/1411/390 1433/1036/391
f 1431/1410/389 1433/1036/391 1434/1035/391
f 1435/1412/392 1436/1413/393 1437/1330/394
f 1435/1412/392 1437/1330/394 1438/1329/394
f 1439/1414/348 1440/1415/395 1441/1155/349
f 1439/1414/348 1441/1155/349 1442/1154/349
f 1443/1416/383 1444/1417/396 1445/1054/384
f 1443/1416/383 1445/1054/384 1446/1053/384
f 1447/1418/397 1448/1419/386 1449/1266/387
f 1447/1418/397 1449/1266/387 1450/1265/387
f 1451/1420/363 1452/1421/388 1453/1188/364
f 1451/1420/363 1453/1188/364 1454/1187/364
f 1455/1422/398 1456/1423/398 1457/1052/391
f 1455/1422/398 1457/1052/391 1458/1051/391
f 1459/1424/399 1460/1425/393 1461/1346/394
f 1459/1424/399 1461/1346/394 1462/1345/394
f 1463/1426/348 1464/1427/395 1465/1159/349
f 1463/1426/348 1465/1159/349 1466/1158/349
f 1467/1428/400 1468/1429/401 1469/1082/402
f 1467/1428/400 1469/1082/402 1470/1081/384
f 1471/1430/403 1472/1431/404 1473/1173/404
f 1471/1430/403 1473/1173/404 1474/1172/405
f 1475/1432/406 1476/1433/407 1411/1176/375
f 1475/1432/406 1411/1176/375 1477/1179/364
f 1478/1434/408 1479/1435/398 1480/1076/391
f 1478/1434/408 1480/1076/391 1414/1074/378
f 1481/1436/409 1482/1437/410 1483/1164/411
f 1481/1436/409 1483/1164/411 1484/1163/349
f 1485/1438/412 1486/1439/413 1474/1172/405
f 1485/1438/412 1474/1172/405 1487/1171/414
f 1488/1440/383 1467/1428/400 1470/1081/384
f 1488/1440/383 1470/1081/384 1489/1091/384
f 1490/1441/415 1491/1442/387 1492/1250/387
f 1490/1441/415 1492/1250/387 1493/1249/416
f 1494/1443/363 1475/1432/406 1477/1179/364
f 1494/1443/363 1477/1179/364 1495/1185/364
f 1479/1435/398 1496/1444/398 1497/1090/391
f 1479/1435/398 1497/1090/391 1480/1076/391
f 1498/1445/417 1499/1446/418 1500/1362/419
f 1498/1445/417 1500/1362/419 1501/1361/420
f 1502/1447/421 1481/1436/409 1484/1163/349
f 1502/1447/421 1484/1163/349 1503/1162/349
f 1504/1448/422 1505/1449/341 1506/1029/341
f 1504/1448/422 1506/1029/341 1507/1098/341
f 1508/1450/423 1509/1451/424 1510/1103/354
f 1508/1450/423 1510/1103/354 1511/1028/354
f 1512/1452/395 1439/1414/348 1442/1154/349
f 1512/1452/395 1442/1154/349 1513/1151/349
f 1514/1453/363 1427/1408/363 1430/1191/364
f 1514/1453/363 1430/1191/364 1515/1196/364
f 1420/1405/383 1443/1416/383 1446/1053/384
f 1420/1405/383 1446/1053/384 1421/1100/384
f 1456/1423/398 1431/1410/389 1434/1035/391
f 1456/1423/398 1434/1035/391 1457/1052/391
f 1428/1409/388 1451/1420/363 1454/1187/364
f 1428/1409/388 1454/1187/364 1429/1192/364
f 1440/1415/395 1463/1426/348 1466/1158/349
f 1440/1415/395 1466/1158/349 1441/1155/349
f 1444/1417/396 1488/1440/383 1489/1091/384
f 1444/1417/396 1489/1091/384 1445/1054/384
f 1496/1444/398 1455/1422/398 1458/1051/391
f 1496/1444/398 1458/1051/391 1497/1090/391
f 1452/1421/388 1494/1443/363 1495/1185/364
f 1452/1421/388 1495/1185/364 1453/1188/364
f 1464/1427/395 1502/1447/421 1503/1162/349
f 1464/1427/395 1503/1162/349 1465/1159/349
f 1516/1454/425 1517/1455/384 1518/1094/384
f 1516/1454/425 1518/1094/384 1519/1010/384
f 1520/1456/426 1521/1457/386 1522/1298/387
f 1520/1456/426 1522/1298/387 1523/1297/387
f 1383/1381/348 1512/1452/395 1513/1151/349
f 1383/1381/348 1513/1151/349 1384/1150/349
f 1375/1377/340 1504/1448/422 1507/1098/341
f 1375/1377/340 1507/1098/341 1376/1014/341
f 1524/1458/427 1525/1459/393 1526/1314/394
f 1524/1458/427 1526/1314/394 1527/1313/394
f 1398/1391/363 1514/1453/363 1515/1196/364
f 1398/1391/363 1515/1196/364 1399/1195/364
f 1528/1460/428 1529/1461/429 1530/1235/430
f 1528/1460/428 1530/1235/430 1531/1234/430
f 1532/1462/431 1533/1463/432 1534/1238/433
f 1532/1462/431 1534/1238/433 1535/1237/434
f 1536/1464/435 1537/1465/436 1538/1246/437
f 1536/1464/435 1538/1246/437 1539/1245/438
f 1540/1466/439 1541/1467/440 1542/1254/441
f 1540/1466/439 1542/1254/441 1543/1253/441
f 1544/1468/438 1545/1469/438 1546/1262/438
f 1544/1468/438 1546/1262/438 1547/1261/438
f 1548/1470/439 1549/1471/440 1550/1270/441
f 1548/1470/439 1550/1270/441 1551/1269/442
f 1552/1472/435 1553/1473/443 1554/1278/438
f 1552/1472/435 1554/1278/438 1555/1277/438
f 1556/1474/441 1557/1475/441 1558/1286/441
f 1556/1474/441 1558/1286/441 1559/1285/441
f 1560/1476/435 1561/1477/443 1562/1294/438
f 1560/1476/435 1562/1294/438 1563/1293/438
f 1564/1478/361 1394/1388/359 1396/1145/361
f 1564/1478/361 1396/1145/361 1565/1021/361
f 1566/1479/444 1567/1480/445 1385/1382/350
f 1566/1479/444 1385/1382/350 1568/1481/446
f 1569/1482/447 1570/1483/448 1571/1306/449
f 1569/1482/447 1571/1306/449 1572/1305/449
f 1573/1484/450 1574/1485/448 1575/1322/449
f 1573/1484/450 1575/1322/449 1576/1321/449
f 1577/1486/451 1578/1487/448 1579/1338/449
f 1577/1486/451 1579/1338/449 1580/1337/449
f 1581/996/452 1582/995/453 1583/1354/454
f 1581/996/452 1583/1354/454 1584/1353/449
f 1585/1488/455 1586/1489/456 1487/1171/414
f 1585/1488/455 1487/1171/414 1587/1170/457
f 1588/1490/458 1589/1491/459 1590/1242/460
f 1588/1490/458 1590/1242/460 1591/1241/461
f 1592/1492/462 1593/1493/463 1594/1258/461
f 1592/1492/462 1594/1258/461 1595/1257/461
f 1596/1494/464 1597/1495/463 1598/1274/461
f 1596/1494/464 1598/1274/461 1599/1273/461
f 1600/1496/465 1601/1497/463 1602/1290/461
f 1600/1496/465 1602/1290/461 1603/1289/461
f 1604/1498/446 1605/1499/446 1606/1199/446
f 1604/1498/446 1606/1199/446 1607/1198/446
f 1608/1500/326 1609/1501/466 1610/1310/467
f 1608/1500/326 1610/1310/467 1611/1309/467
f 1612/1502/326 1613/1503/466 1614/1326/467
f 1612/1502/326 1614/1326/467 1615/1325/467
f 1616/1504/468 1617/1505/468 1618/1302/468
f 1616/1504/468 1618/1302/468 1619/1301/468
f 1160/1166/326 1163/1169/329 1620/1506/467
f 1160/1166/326 1620/1506/467 1621/1507/467
f 1362/1364/335 1365/1367/337 1622/1318/468
f 1362/1364/335 1622/1318/468 1623/1317/469
f 1174/1180/326 1177/1183/329 1624/1358/470
f 1174/1180/326 1624/1358/470 1625/1357/467
f 1366/1368/335 1369/1371/337 1626/1334/468
f 1366/1368/335 1626/1334/468 1627/1333/468
f 1628/1508/457 1629/1509/457 1630/1233/457
f 1628/1508/457 1630/1233/457 1631/1232/457
f 1632/1002/471 1633/1001/472 1634/1510/472
f 1632/1002/471 1634/1510/472 1635/1511/471
f 1636/1512/473 191/197/80 190/196/79
f 1636/1512/473 190/196/79 1637/1513/474
f 1638/1514/475 190/196/79 189/195/78
f 1638/1514/475 189/195/78 1639/1515/476
f 1640/1516/477 189/195/78 191/197/80
f 1640/1516/477 191/197/80 1641/1517/478
f 1636/1512/473 1642/1194/479 1641/1517/478
f 1636/1512/473 1641/1517/478 191/197/80
f 1638/1514/475 1643/1518/480 1637/1513/474
f 1638/1514/475 1637/1513/474 190/196/79
f 1644/1519/481 1645/1520/482 1646/1521/481
f 1644/1519/481 1646/1521/481 1647/1522/483
f 1374/1376/339 1648/1523/484 1649/1524/168
f 1374/1376/339 1649/1524/168 1650/1525/485
f 1651/1526/486 106/112/39 105/111/16
f 1651/1526/486 105/111/16 1652/1527/487
f 1653/1528/488 1654/1529/488 1648/1523/484
f 1653/1528/488 1648/1523/484 1655/1530/489
f 1374/1376/339 1377/1013/342 1655/1530/489
f 1374/1376/339 1655/1530/489 1648/1523/484
f 1651/1526/486 1656/1531/490 1657/1532/491
f 1651/1526/486 1657/1532/491 106/112/39
f 1401/1393/366 1380/1023/345 1379/1379/344
f 1401/1393/366 1379/1379/344 1658/1533/492
f 1659/1534/493 1660/1535/494 1661/1536/495
f 1659/1534/493 1661/1536/495 1662/1537/496
f 1663/1538/497 109/115/13 108/114/41
f 1663/1538/497 108/114/41 1413/1400/377
f 1478/1434/408 108/114/41 110/116/42
f 1478/1434/408 110/116/42 1664/1539/498
f 1404/1395/369 1407/1068/372 1665/1540/499
f 1404/1395/369 1665/1540/499 1666/1541/500
f 1667/1542/501 1668/1020/502 1662/1537/496
f 1667/1542/501 1662/1537/496 1661/1536/495
f 1478/1434/408 1414/1074/378 1413/1400/377
f 1478/1434/408 1413/1400/377 108/114/41
f 1669/1543/503 113/119/45 112/118/44
f 1669/1543/503 112/118/44 1670/1544/504
f 1671/1545/505 112/118/44 111/117/43
f 1671/1545/505 111/117/43 1672/1546/152
f 1673/1547/506 1674/1548/150 1675/1549/507
f 1673/1547/506 1675/1549/507 1567/1480/445
f 1382/1380/347 1385/1382/350 1567/1480/445
f 1382/1380/347 1567/1480/445 1675/1549/507
f 1671/1545/505 1676/1012/508 1670/1544/504
f 1671/1545/505 1670/1544/504 112/118/44
f 1677/1550/509 1392/1147/357 1391/1387/356
f 1677/1550/509 1391/1387/356 1678/1551/510
f 1679/1552/511 194/200/88 193/199/87
f 1679/1552/511 193/199/87 1680/1553/512
f 1681/1554/513 193/199/87 192/198/86
f 1681/1554/513 192/198/86 1682/1555/514
f 1683/1556/515 192/198/86 194/200/88
f 1683/1556/515 194/200/88 1684/1557/516
f 1685/1558/517 1686/1314/518 1687/1459/519
f 1685/1558/517 1687/1459/519 1688/1559/520
f 1681/1554/513 1689/1560/521 1680/1553/512
f 1681/1554/513 1680/1553/512 193/199/87
f 1683/1556/515 1690/1105/522 1682/1555/514
f 1683/1556/515 1682/1555/514 192/198/86
f 1485/1438/412 1691/1561/523 1692/1562/524
f 1485/1438/412 1692/1562/524 1693/1563/525
f 1694/1564/142 115/121/47 114/120/46
f 1694/1564/142 114/120/46 1482/1437/410
f 1695/1565/526 114/120/46 116/122/48
f 1695/1565/526 116/122/48 1696/1566/139
f 1485/1438/412 1487/1171/414 1586/1489/456
f 1485/1438/412 1586/1489/456 1691/1561/523
f 1697/1567/527 1698/1083/528 1699/1568/529
f 1697/1567/527 1699/1568/529 1700/1569/530
f 1695/1565/526 1483/1164/411 1482/1437/410
f 1695/1565/526 1482/1437/410 114/120/46
f 1701/1570/531 179/185/80 178/184/79
f 1701/1570/531 178/184/79 1702/1571/532
f 1703/1572/475 178/184/79 177/183/84
f 1703/1572/475 177/183/84 1704/1573/533
f 1705/1574/477 177/183/84 179/185/80
f 1705/1574/477 179/185/80 1706/1575/534
f 1701/1570/531 1707/1186/535 1706/1575/534
f 1701/1570/531 1706/1575/534 179/185/80
f 1703/1572/475 1708/1576/480 1702/1571/532
f 1703/1572/475 1702/1571/532 178/184/79
f 1709/1577/536 1710/1262/482 1711/1469/481
f 1709/1577/536 1711/1469/481 1712/1578/483
f 1390/1386/355 1713/1579/537 1714/1580/249
f 1390/1386/355 1714/1580/249 1715/1581/538
f 1716/1582/245 118/124/50 117/123/49
f 1716/1582/245 117/123/49 1387/1384/352
f 1717/1583/539 117/123/49 119/125/51
f 1717/1583/539 119/125/51 1718/1584/247
f 1390/1386/355 1393/1146/358 1395/1389/360
f 1390/1386/355 1395/1389/360 1713/1579/537
f 1719/1585/540 1720/1009/541 1721/1586/542
f 1719/1585/540 1721/1586/542 1722/1587/543
f 1717/1583/539 1388/1385/353 1387/1384/352
f 1717/1583/539 1387/1384/352 117/123/49
f 1723/1588/544 182/188/83 181/187/85
f 1723/1588/544 181/187/85 1724/1589/545
f 1725/1590/546 181/187/85 180/186/81
f 1725/1590/546 180/186/81 1726/1591/547
f 1727/1592/548 180/186/81 182/188/83
f 1727/1592/548 182/188/83 1728/1593/549
f 1729/1594/550 1730/1274/551 1731/1495/552
f 1729/1594/550 1731/1495/552 1732/1595/553
f 1725/1590/546 1733/1596/554 1724/1589/545
f 1725/1590/546 1724/1589/545 181/187/85
f 1727/1592/548 1734/1193/555 1726/1591/547
f 1727/1592/548 1726/1591/547 180/186/81
f 1471/1430/403 122/128/54 121/127/53
f 1471/1430/403 121/127/53 1735/1597/236
f 1736/1598/556 1737/1599/557 1738/1600/240
f 1736/1598/556 1738/1600/240 1739/1601/558
f 1740/1602/559 1741/1603/560 1742/1604/561
f 1740/1602/559 1742/1604/561 1743/1605/242
f 1471/1430/403 1474/1172/405 1486/1439/413
f 1471/1430/403 1486/1439/413 122/128/54
f 1736/1598/556 1744/1057/562 1745/1606/563
f 1736/1598/556 1745/1606/563 1737/1599/557
f 1740/1602/559 1469/1082/402 1468/1429/401
f 1740/1602/559 1468/1429/401 1741/1603/560
f 1746/1607/531 185/191/80 184/190/79
f 1746/1607/531 184/190/79 1747/1608/474
f 1748/1609/475 184/190/79 183/189/78
f 1748/1609/475 183/189/78 1749/1610/564
f 1750/1611/477 183/189/78 185/191/80
f 1750/1611/477 185/191/80 1751/1612/565
f 1746/1607/531 1752/1190/566 1751/1612/565
f 1746/1607/531 1751/1612/565 185/191/80
f 1748/1609/475 1753/1613/480 1747/1608/474
f 1748/1609/475 1747/1608/474 184/190/79
f 1754/1614/481 1755/1278/482 1756/1473/481
f 1754/1614/481 1756/1473/481 1757/1615/483
f 1758/1616/263 125/131/57 124/130/56
f 1758/1616/263 124/130/56 1759/1617/567
f 1760/1618/568 124/130/56 123/129/55
f 1760/1618/568 123/129/55 1761/1619/569
f 1762/1620/570 1763/1621/571 1764/1622/572
f 1762/1620/570 1764/1622/572 1417/1402/380
f 1397/1390/362 1400/1392/365 1417/1402/380
f 1397/1390/362 1417/1402/380 1764/1622/572
f 1760/1618/568 1765/1016/573 1759/1617/567
f 1760/1618/568 1759/1617/567 124/130/56
f 1766/1623/574 1403/1024/368 1402/1394/367
f 1766/1623/574 1402/1394/367 1767/1624/575
f 1768/1625/544 188/194/83 187/193/82
f 1768/1625/544 187/193/82 1769/1626/545
f 1770/1627/546 187/193/82 186/192/81
f 1770/1627/546 186/192/81 1771/1628/547
f 1772/1629/576 186/192/81 188/194/83
f 1772/1629/576 188/194/83 1773/1630/577
f 1774/1631/552 1775/1290/578 1776/1497/579
f 1774/1631/552 1776/1497/579 1777/1632/580
f 1770/1627/546 1778/1633/581 1769/1626/545
f 1770/1627/546 1769/1626/545 187/193/82
f 1772/1629/576 1779/1197/582 1771/1628/547
f 1772/1629/576 1771/1628/547 186/192/81
f 1780/1634/583 128/134/30 127/133/29
f 1780/1634/583 127/133/29 1781/1635/584
f 1782/1636/585 127/133/29 126/132/31
f 1782/1636/585 126/132/31 1783/1637/586
f 1784/1638/587 1785/1639/254 1786/1640/281
f 1784/1638/587 1786/1640/281 1787/1641/588
f 1408/1397/373 1411/1176/375 1476/1433/407
f 1408/1397/373 1476/1433/407 1788/1642/261
f 1782/1636/585 1789/1019/589 1781/1635/584
f 1782/1636/585 1781/1635/584 127/133/29
f 1784/1638/587 1406/1069/371 1405/1396/370
f 1784/1638/587 1405/1396/370 1785/1639/254
f 1790/1643/590 131/137/60 130/136/59
f 1790/1643/590 130/136/59 1791/1644/591
f 1792/1645/592 130/136/59 129/135/58
f 1792/1645/592 129/135/58 1793/1646/593
f 1794/1647/594 129/135/58 131/137/60
f 1794/1647/594 131/137/60 1795/1648/595
f 1790/1643/590 1796/1649/596 1795/1648/595
f 1790/1643/590 1795/1648/595 131/137/60
f 1792/1645/592 1797/1085/597 1791/1644/591
f 1792/1645/592 1791/1644/591 130/136/59
f 1798/1650/598 1799/1250/599 1800/1442/600
f 1798/1650/598 1800/1442/600 1801/1651/601
f 1802/1652/602 134/140/63 133/139/62
f 1802/1652/602 133/139/62 1803/1653/603
f 1804/1654/604 133/139/62 132/138/61
f 1804/1654/604 132/138/61 1805/1655/605
f 1806/1656/606 132/138/61 134/140/63
f 1806/1656/606 134/140/63 1807/1657/607
f 1808/1658/608 1809/1254/609 1810/1467/610
f 1808/1658/608 1810/1467/610 1811/1659/611
f 1804/1654/604 1812/1042/612 1803/1653/603
f 1804/1654/604 1803/1653/603 133/139/62
f 1806/1656/606 1813/1660/613 1805/1655/605
f 1806/1656/606 1805/1655/605 132/138/61
f 1814/1661/614 1815/1662/615 1490/1441/415
f 1814/1661/614 1490/1441/415 1493/1249/416
f 1816/1663/616 1817/1664/617 1534/1238/433
f 1816/1663/616 1534/1238/433 1533/1463/432
f 993/999/304 1225/1229/333 1224/1228/332
f 993/999/304 1224/1228/332 994/1000/305
f 1818/1060/618 1819/1059/619 1820/1665/620
f 1818/1060/618 1820/1665/620 1821/1666/621
f 1822/1667/622 1823/1061/623 1818/1060/618
f 1822/1667/622 1818/1060/618 1821/1666/621
f 1824/1668/624 143/149/65 142/148/59
f 1824/1668/624 142/148/59 1825/1669/591
f 1826/1670/625 142/148/59 141/147/67
f 1826/1670/625 141/147/67 1827/1671/626
f 1828/1672/594 141/147/67 143/149/65
f 1828/1672/594 143/149/65 1829/1673/595
f 1824/1668/624 1830/1674/596 1829/1673/595
f 1824/1668/624 1829/1673/595 143/149/65
f 1826/1670/625 1831/1025/627 1825/1669/591
f 1826/1670/625 1825/1669/591 142/148/59
f 1832/1675/598 1833/1282/599 1834/1407/598
f 1832/1675/598 1834/1407/598 1835/1676/628
f 1836/1677/602 146/152/68 145/151/62
f 1836/1677/602 145/151/62 1837/1678/629
f 1838/1679/630 145/151/62 144/150/61
f 1838/1679/630 144/150/61 1839/1680/605
f 1840/1681/606 144/150/61 146/152/68
f 1840/1681/606 146/152/68 1841/1682/607
f 1842/1683/610 1843/1286/631 1844/1475/632
f 1842/1683/610 1844/1475/632 1845/1684/611
f 1838/1679/630 1846/1102/633 1837/1678/629
f 1838/1679/630 1837/1678/629 145/151/62
f 1840/1681/606 1847/1685/613 1839/1680/605
f 1840/1681/606 1839/1680/605 144/150/61
f 1848/1686/624 137/143/65 136/142/59
f 1848/1686/624 136/142/59 1849/1687/591
f 1850/1688/634 136/142/59 135/141/64
f 1850/1688/634 135/141/64 1851/1689/635
f 1852/1690/594 135/141/64 137/143/65
f 1852/1690/594 137/143/65 1853/1691/595
f 1848/1686/624 1854/1692/596 1853/1691/595
f 1848/1686/624 1853/1691/595 137/143/65
f 1850/1688/634 1855/1041/636 1849/1687/591
f 1850/1688/634 1849/1687/591 136/142/59
f 1856/1693/598 1857/1266/599 1858/1419/600
f 1856/1693/598 1858/1419/600 1859/1694/628
f 1860/1695/602 140/146/63 139/145/62
f 1860/1695/602 139/145/62 1861/1696/637
f 1862/1697/604 139/145/62 138/144/66
f 1862/1697/604 138/144/66 1863/1698/605
f 1864/1699/606 138/144/66 140/146/63
f 1864/1699/606 140/146/63 1865/1700/638
f 1866/1701/610 1867/1702/639 1868/1703/632
f 1866/1701/610 1868/1703/632 1869/1704/611
f 1862/1697/604 1870/1026/640 1861/1696/637
f 1862/1697/604 1861/1696/637 139/145/62
f 1864/1699/606 1871/1705/623 1863/1698/605
f 1864/1699/606 1863/1698/605 138/144/66
f 1872/1706/641 152/158/71 151/157/70
f 1872/1706/641 151/157/70 1873/1707/642
f 1874/1708/643 151/157/70 150/156/69
f 1874/1708/643 150/156/69 1875/1709/644
f 1876/1710/645 150/156/69 152/158/71
f 1876/1710/645 152/158/71 1877/1711/646
f 1878/1712/647 1879/1713/648 1880/1714/649
f 1878/1712/647 1880/1714/649 1881/1715/650
f 1874/1708/643 1882/1149/651 1873/1707/642
f 1874/1708/643 1873/1707/642 151/157/70
f 1876/1710/645 1883/1716/652 1875/1709/644
f 1876/1710/645 1875/1709/644 150/156/69
f 1884/1717/594 149/155/58 148/154/65
f 1884/1717/594 148/154/65 1885/1718/595
f 1886/1719/624 148/154/65 147/153/59
f 1886/1719/624 147/153/59 1887/1720/591
f 1888/1721/653 147/153/59 149/155/58
f 1888/1721/653 149/155/58 1889/1722/626
f 1890/1723/598 1891/1298/599 1892/1457/598
f 1890/1723/598 1892/1457/598 1893/1724/628
f 1886/1719/624 1894/1725/596 1885/1718/595
f 1886/1719/624 1885/1718/595 148/154/65
f 1888/1721/653 1895/1101/654 1887/1720/591
f 1888/1721/653 1887/1720/591 147/153/59
f 1896/1726/641 164/170/77 163/169/70
f 1896/1726/641 163/169/70 1897/1727/655
f 1898/1728/656 163/169/70 162/168/69
f 1898/1728/656 162/168/69 1899/1729/644
f 1900/1730/645 162/168/69 164/170/77
f 1900/1730/645 164/170/77 1901/1731/646
f 1902/1732/657 1903/1733/648 1904/1734/647
f 1902/1732/657 1904/1734/647 1905/1735/650
f 1898/1728/656 1906/1157/658 1897/1727/655
f 1898/1728/656 1897/1727/655 163/169/70
f 1900/1730/645 1907/1736/652 1899/1729/644
f 1900/1730/645 1899/1729/644 162/168/69
f 1908/1737/659 161/167/76 160/166/73
f 1908/1737/659 160/166/73 1909/1738/660
f 1910/1739/661 160/166/73 159/165/75
f 1910/1739/661 159/165/75 1911/1740/662
f 1912/1741/663 159/165/75 161/167/76
f 1912/1741/663 161/167/76 1913/1742/664
f 1908/1737/659 1914/1743/665 1913/1742/664
f 1908/1737/659 1913/1742/664 161/167/76
f 1910/1739/661 1915/1156/666 1909/1738/660
f 1910/1739/661 1909/1738/660 160/166/73
f 1916/1744/667 1917/1322/668 1918/1485/669
f 1916/1744/667 1918/1485/669 1919/1745/670
f 1920/1746/641 158/164/71 157/163/70
f 1920/1746/641 157/163/70 1921/1747/671
f 1922/1748/643 157/163/70 156/162/69
f 1922/1748/643 156/162/69 1923/1749/644
f 1924/1750/645 156/162/69 158/164/71
f 1924/1750/645 158/164/71 1925/1751/672
f 1926/1752/647 1927/1326/648 1928/1503/647
f 1926/1752/647 1928/1503/647 1929/1753/650
f 1922/1748/643 1930/1153/673 1921/1747/671
f 1922/1748/643 1921/1747/671 157/163/70
f 1924/1750/645 1931/1754/652 1923/1749/644
f 1924/1750/645 1923/1749/644 156/162/69
f 1932/1755/674 155/161/74 154/160/73
f 1932/1755/674 154/160/73 1933/1756/660
f 1934/1757/675 154/160/73 153/159/72
f 1934/1757/675 153/159/72 1935/1758/676
f 1936/1759/663 153/159/72 155/161/74
f 1936/1759/663 155/161/74 1937/1760/664
f 1932/1755/674 1938/1761/677 1937/1760/664
f 1932/1755/674 1937/1760/664 155/161/74
f 1934/1757/675 1939/1152/678 1933/1756/660
f 1934/1757/675 1933/1756/660 154/160/73
f 1940/1762/669 1941/1306/679 1942/1483/669
f 1940/1762/669 1942/1483/669 1943/1763/680
f 1944/1764/674 167/173/74 166/172/73
f 1944/1764/674 166/172/73 1945/1765/660
f 1946/1766/681 166/172/73 165/171/72
f 1946/1766/681 165/171/72 1947/1767/662
f 1948/1768/663 165/171/72 167/173/74
f 1948/1768/663 167/173/74 1949/1769/664
f 1944/1764/674 1950/1770/677 1949/1769/664
f 1944/1764/674 1949/1769/664 167/173/74
f 1946/1766/681 1951/1160/682 1945/1765/660
f 1946/1766/681 1945/1765/660 166/172/73
f 1952/1771/669 1953/1338/683 1954/1487/684
f 1952/1771/669 1954/1487/684 1955/1772/670
f 1956/1773/641 170/176/71 169/175/70
f 1956/1773/641 169/175/70 1957/1774/685
f 1958/1775/686 169/175/70 168/174/69
f 1958/1775/686 168/174/69 1959/1776/644
f 1960/1777/645 168/174/69 170/176/71
f 1960/1777/645 170/176/71 1961/1778/672
f 1962/1779/657 1963/1780/687 1964/1781/647
f 1962/1779/657 1964/1781/647 1965/1782/688
f 1958/1775/686 1966/1161/689 1957/1774/685
f 1958/1775/686 1957/1774/685 169/175/70
f 1960/1777/645 1967/1783/652 1959/1776/644
f 1960/1777/645 1959/1776/644 168/174/69
f 1161/1167/327 1968/1212/324 1969/1215/324
f 1161/1167/327 1969/1215/324 1162/1168/328
f 1970/1784/336 1971/1785/690 1972/1786/691
f 1970/1784/336 1972/1786/691 1973/1787/336
f 1971/1785/690 1974/1206/692 1975/1205/692
f 1971/1785/690 1975/1205/692 1972/1786/691
f 1976/1788/692 1977/1214/692 1978/1213/692
f 1976/1788/692 1978/1213/692 1979/1789/692
f 1980/1790/324 1981/1220/324 1982/1223/324
f 1980/1790/324 1982/1223/324 1983/1791/324
f 1984/1792/692 1985/1222/692 1986/1221/692
f 1984/1792/692 1986/1221/692 1987/1793/692
f 1169/1175/331 1168/1174/330 213/219/96
f 1169/1175/331 213/219/96 215/221/98
f 216/222/99 1988/1178/693 1169/1175/331
f 216/222/99 1169/1175/331 215/221/98
f 1989/1794/473 173/179/80 172/178/79
f 1989/1794/473 172/178/79 1990/1795/532
f 1991/1796/475 172/178/79 171/177/78
f 1991/1796/475 171/177/78 1992/1797/476
f 1993/1798/694 171/177/78 173/179/80
f 1993/1798/694 173/179/80 1994/1799/695
f 1989/1794/473 1995/1184/696 1994/1799/695
f 1989/1794/473 1994/1799/695 173/179/80
f 1991/1796/475 1996/1800/480 1990/1795/532
f 1991/1796/475 1990/1795/532 172/178/79
f 1997/1801/536 1998/1246/697 1999/1465/481
f 1997/1801/536 1999/1465/481 2000/1802/698
f 2001/1803/544 176/182/83 175/181/82
f 2001/1803/544 175/181/82 2002/1804/545
f 2003/1805/699 175/181/82 174/180/81
f 2003/1805/699 174/180/81 2004/1806/547
f 2005/1807/700 174/180/81 176/182/83
f 2005/1807/700 176/182/83 2006/1808/577
f 2007/1809/579 2008/1258/701 2009/1493/579
f 2007/1809/579 2009/1493/579 2010/1810/702
f 2003/1805/699 2011/1811/581 2002/1804/545
f 2003/1805/699 2002/1804/545 175/181/82
f 2005/1807/700 2012/1189/703 2004/1806/547
f 2005/1807/700 2004/1806/547 174/180/81
f 2013/1812/704 197/203/91 196/202/90
f 2013/1812/704 196/202/90 2014/1813/705
f 2015/1814/706 196/202/90 195/201/89
f 2015/1814/706 195/201/89 2016/1815/707
f 2017/1816/708 195/201/89 197/203/91
f 2017/1816/708 197/203/91 2018/1817/709
f 2019/1818/710 2020/1302/711 2021/1505/712
f 2019/1818/710 2021/1505/712 2022/1819/713
f 2015/1814/706 2023/1106/714 2014/1813/705
f 2015/1814/706 2014/1813/705 196/202/90
f 2017/1816/708 2024/1820/715 2016/1815/707
f 2017/1816/708 2016/1815/707 195/201/89
f 2025/1821/513 200/206/87 199/205/86
f 2025/1821/513 199/205/86 2026/1822/716
f 2027/1823/717 199/205/86 198/204/88
f 2027/1823/717 198/204/88 2028/1824/516
f 2029/1825/511 198/204/88 200/206/87
f 2029/1825/511 200/206/87 2030/1826/512
f 2025/1821/513 2031/1827/521 2030/1826/512
f 2025/1821/513 2030/1826/512 200/206/87
f 2027/1823/717 2032/1033/718 2026/1822/716
f 2027/1823/717 2026/1822/716 199/205/86
f 2033/1828/517 2034/1330/518 2035/1413/519
f 2033/1828/517 2035/1413/519 2036/1829/520
f 2037/1830/704 203/209/91 202/208/90
f 2037/1830/704 202/208/90 2038/1831/719
f 2039/1832/706 202/208/90 201/207/92
f 2039/1832/706 201/207/92 2040/1833/707
f 2041/1834/708 201/207/92 203/209/91
f 2041/1834/708 203/209/91 2042/1835/720
f 2043/1836/712 2044/1837/721 2045/1838/722
f 2043/1836/712 2045/1838/722 2046/1839/713
f 2039/1832/706 2047/1034/723 2038/1831/719
f 2039/1832/706 2038/1831/719 202/208/90
f 2041/1834/708 2048/1840/724 2040/1833/707
f 2041/1834/708 2040/1833/707 201/207/92
f 2049/1841/513 206/212/87 205/211/94
f 2049/1841/513 205/211/94 2050/1842/514
f 2051/1843/725 205/211/94 204/210/93
f 2051/1843/725 204/210/93 2052/1844/726
f 2053/1845/511 204/210/93 206/212/87
f 2053/1845/511 206/212/87 2054/1846/512
f 2049/1841/513 2055/1847/521 2054/1846/512
f 2049/1841/513 2054/1846/512 206/212/87
f 2051/1843/725 2056/1049/727 2050/1842/514
f 2051/1843/725 2050/1842/514 205/211/94
f 2057/1848/519 2058/1346/518 2059/1425/519
f 2057/1848/519 2059/1425/519 2060/1849/520
f 2061/1850/704 209/215/91 208/214/95
f 2061/1850/704 208/214/95 2062/1851/728
f 2063/1852/729 208/214/95 207/213/92
f 2063/1852/729 207/213/92 2064/1853/707
f 2065/1854/708 207/213/92 209/215/91
f 2065/1854/708 209/215/91 2066/1855/709
f 2067/1856/730 2068/1857/731 2069/1858/710
f 2067/1856/730 2069/1858/710 2070/1859/732
f 2063/1852/729 2071/1050/733 2062/1851/728
f 2063/1852/729 2062/1851/728 208/214/95
f 2065/1854/708 2072/1860/715 2064/1853/707
f 2065/1854/708 2064/1853/707 207/213/92
f 2073/1861/734 212/218/87 211/217/86
f 2073/1861/734 211/217/86 2074/1862/514
f 2075/1863/735 211/217/86 210/216/88
f 2075/1863/735 210/216/88 2076/1864/516
f 2077/1865/511 210/216/88 212/218/87
f 2077/1865/511 212/218/87 2078/1866/512
f 2073/1861/734 2079/1867/521 2078/1866/512
f 2073/1861/734 2078/1866/512 212/218/87
f 2075/1863/735 2080/1089/736 2074/1862/514
f 2075/1863/735 2074/1862/514 211/217/86
f 2081/1868/519 2082/1362/518 2083/1446/519
f 2081/1868/519 2083/1446/519 2084/1869/737
f 2085/1870/738 2086/1871/739 1499/1446/418
f 2085/1870/738 1499/1446/418 1498/1445/417
f 1612/1502/326 2087/1872/318 2088/1873/318
f 1612/1502/326 2088/1873/318 1613/1503/466
f 2089/1874/100 2090/1875/100 2091/1373/100
f 2089/1874/100 2091/1373/100 2092/1372/100
f 2093/1876/324 2094/1204/324 2095/1207/324
f 2093/1876/324 2095/1207/324 2096/1877/324
f 1069/1075/323 2080/1089/736 2075/1863/735
f 1069/1075/323 2075/1863/735 2097/1878/740
f 1065/1071/321 2098/1879/741 2099/1880/742
f 1065/1071/321 2099/1880/742 1066/1072/322
f 1374/1376/339 1650/1525/485 2100/1881/176
f 1374/1376/339 2100/1881/176 1375/1377/340
f 1657/1532/491 1656/1531/490 2101/1108/391
f 1657/1532/491 2101/1108/391 2102/1882/391
f 1378/1378/343 2103/1883/336 2104/1884/336
f 1378/1378/343 2104/1884/336 1379/1379/344
f 2105/1885/446 2106/1886/446 1656/1531/490
f 2105/1885/446 1656/1531/490 1651/1526/486
f 1382/1380/347 2107/1887/179 2108/1888/179
f 1382/1380/347 2108/1888/179 1383/1381/348
f 1670/1544/504 1676/1012/508 2109/1011/743
f 1670/1544/504 2109/1011/743 2110/1889/743
f 2111/1890/274 1516/1454/425 1719/1585/540
f 2111/1890/274 1719/1585/540 2112/1891/274
f 1516/1454/425 1519/1010/384 1720/1009/541
f 1516/1454/425 1720/1009/541 1719/1585/540
f 1390/1386/355 1715/1581/538 2113/1892/187
f 1390/1386/355 2113/1892/187 1391/1387/356
f 1721/1586/542 1720/1009/541 1676/1012/508
f 1721/1586/542 1676/1012/508 1671/1545/505
f 1394/1388/359 2114/1893/744 2115/1894/744
f 1394/1388/359 2115/1894/744 1395/1389/360
f 2116/1895/381 2117/1896/381 1388/1385/353
f 2116/1895/381 1388/1385/353 1717/1583/539
f 1397/1390/362 2118/1897/271 2119/1898/271
f 1397/1390/362 2119/1898/271 1398/1391/363
f 1759/1617/567 1765/1016/573 2120/1015/745
f 1759/1617/567 2120/1015/745 2121/1899/745
f 1401/1393/366 2122/1900/184 2123/1901/184
f 1401/1393/366 2123/1901/184 1402/1394/367
f 1655/1530/489 1377/1013/342 1765/1016/573
f 1655/1530/489 1765/1016/573 1760/1618/568
f 1659/1534/493 1662/1537/496 1782/1636/585
f 1659/1534/493 1782/1636/585 1783/1637/586
f 1662/1537/496 1668/1020/502 1789/1019/589
f 1662/1537/496 1789/1019/589 1782/1636/585
f 1780/1634/583 1781/1635/584 2124/1902/746
f 1780/1634/583 2124/1902/746 2125/1903/747
f 1781/1635/584 1789/1019/589 2126/1018/430
f 1781/1635/584 2126/1018/430 2124/1902/746
f 1412/1399/376 2127/1904/318 1663/1538/497
f 1412/1399/376 1663/1538/497 1413/1400/377
f 2128/1905/457 2129/1017/457 1668/1020/502
f 2128/1905/457 1668/1020/502 1667/1542/501
f 1416/1401/379 2130/1906/744 1762/1620/570
f 1416/1401/379 1762/1620/570 1417/1402/380
f 1564/1478/361 1565/1021/361 1403/1024/368
f 1564/1478/361 1403/1024/368 1766/1623/574
f 1419/1404/382 2131/1907/274 2132/1908/274
f 1419/1404/382 2132/1908/274 1420/1405/383
f 1508/1450/423 1511/1028/354 2133/1027/354
f 1508/1450/423 2133/1027/354 2134/1909/354
f 1423/1406/385 2135/1910/271 2136/1911/271
f 1423/1406/385 2136/1911/271 1424/1407/386
f 1861/1696/637 1870/1026/640 1831/1025/627
f 1861/1696/637 1831/1025/627 1826/1670/625
f 1427/1408/363 2137/1912/271 2138/1913/271
f 1427/1408/363 2138/1913/271 1428/1409/388
f 2139/1914/745 2140/1032/745 2141/1031/745
f 2139/1914/745 2141/1031/745 2142/1915/745
f 1431/1410/389 2143/1916/176 2144/1917/176
f 1431/1410/389 2144/1917/176 1432/1411/390
f 2145/1918/341 2146/1030/341 1506/1029/341
f 2145/1918/341 1506/1029/341 1505/1449/341
f 1435/1412/392 2147/1919/179 2148/1920/179
f 1435/1412/392 2148/1920/179 1436/1413/393
f 2038/1831/719 2047/1034/723 2032/1033/718
f 2038/1831/719 2032/1033/718 2027/1823/717
f 1439/1414/348 2149/1921/179 2150/1922/179
f 1439/1414/348 2150/1922/179 1440/1415/395
f 2151/1923/743 2152/1096/743 2153/1099/743
f 2151/1923/743 2153/1099/743 2154/1924/743
f 1443/1416/383 2155/1925/274 2156/1926/274
f 1443/1416/383 2156/1926/274 1444/1417/396
f 2157/1927/354 2158/1044/354 2159/1043/354
f 2157/1927/354 2159/1043/354 2160/1928/354
f 1447/1418/397 2161/1929/271 2162/1930/271
f 1447/1418/397 2162/1930/271 1448/1419/386
f 1803/1653/603 1812/1042/612 1855/1041/636
f 1803/1653/603 1855/1041/636 1850/1688/634
f 1451/1420/363 2163/1931/271 2164/1932/271
f 1451/1420/363 2164/1932/271 1452/1421/388
f 2165/1933/745 2166/1048/745 2167/1047/745
f 2165/1933/745 2167/1047/745 2168/1934/745
f 1455/1422/398 2169/1935/176 2170/1936/176
f 1455/1422/398 2170/1936/176 1456/1423/398
f 2171/1937/341 2172/1046/341 2173/1045/341
f 2171/1937/341 2173/1045/341 2174/1938/341
f 1459/1424/399 2175/1939/179 2176/1940/179
f 1459/1424/399 2176/1940/179 1460/1425/393
f 2062/1851/728 2071/1050/733 2056/1049/727
f 2062/1851/728 2056/1049/727 2051/1843/725
f 1463/1426/348 2177/1941/179 2178/1942/179
f 1463/1426/348 2178/1942/179 1464/1427/395
f 2179/1943/743 2180/1056/743 2181/1055/743
f 2179/1943/743 2181/1055/743 2182/1944/743
f 2183/1945/274 2184/1946/748 1736/1598/556
f 2183/1945/274 1736/1598/556 1739/1601/558
f 2184/1946/748 2185/1058/354 1744/1057/562
f 2184/1946/748 1744/1057/562 1736/1598/556
f 2186/1947/747 1745/1606/563 2187/1948/749
f 2186/1947/747 2187/1948/749 2188/1949/747
f 1745/1606/563 1744/1057/562 2189/1062/374
f 1745/1606/563 2189/1062/374 2187/1948/749
f 2190/1950/271 2191/1951/750 1784/1638/587
f 2190/1950/271 1784/1638/587 1787/1641/588
f 2191/1951/750 2192/1070/745 1406/1069/371
f 2191/1951/750 1406/1069/371 1784/1638/587
f 1478/1434/408 1664/1539/498 2193/1952/176
f 1478/1434/408 2193/1952/176 1479/1435/398
f 1665/1540/499 1407/1068/372 2194/1067/341
f 1665/1540/499 2194/1067/341 2195/1953/341
f 2196/1954/179 2197/1955/751 1697/1567/527
f 2196/1954/179 1697/1567/527 2198/1956/179
f 2197/1955/751 2199/1084/743 1698/1083/528
f 2197/1955/751 1698/1083/528 1697/1567/527
f 1485/1438/412 1693/1563/525 2200/1957/181
f 1485/1438/412 2200/1957/181 1486/1439/413
f 1699/1568/529 1698/1083/528 1469/1082/402
f 1699/1568/529 1469/1082/402 1740/1602/559
f 1488/1440/383 2201/1958/274 2202/1959/274
f 1488/1440/383 2202/1959/274 1467/1428/400
f 2203/1960/354 2204/1086/354 2185/1058/354
f 2203/1960/354 2185/1058/354 2184/1946/748
f 2205/1961/271 1820/1665/620 1792/1645/592
f 2205/1961/271 1792/1645/592 1793/1646/593
f 1820/1665/620 1819/1059/619 1797/1085/597
f 1820/1665/620 1797/1085/597 1792/1645/592
f 1494/1443/363 2206/1962/271 2207/1963/271
f 1494/1443/363 2207/1963/271 1475/1432/406
f 2208/1964/745 2209/1088/745 2192/1070/745
f 2208/1964/745 2192/1070/745 2191/1951/750
f 1479/1435/398 2193/1952/176 2210/1965/176
f 1479/1435/398 2210/1965/176 1496/1444/398
f 2195/1953/341 2194/1067/341 2211/1087/341
f 2195/1953/341 2211/1087/341 2212/1966/341
f 2213/1967/752 2099/1880/742 2098/1879/741
f 2213/1967/752 2098/1879/741 2097/1878/740
f 2097/1878/740 2098/1879/741 1065/1071/321
f 2097/1878/740 1065/1071/321 1069/1075/323
f 1502/1447/421 2214/1968/179 2215/1969/179
f 1502/1447/421 2215/1969/179 1481/1436/409
f 2216/1970/743 2217/1092/743 2199/1084/743
f 2216/1970/743 2199/1084/743 2197/1955/751
f 2218/1971/176 2219/1972/753 1432/1411/390
f 2218/1971/176 1432/1411/390 2144/1917/176
f 2219/1972/753 2220/1107/391 1433/1036/391
f 2219/1972/753 1433/1036/391 1432/1411/390
f 1508/1450/423 2221/1973/274 2222/1974/274
f 1508/1450/423 2222/1974/274 1509/1451/424
f 1419/1404/382 1422/1095/384 1518/1094/384
f 1419/1404/382 1518/1094/384 1517/1455/384
f 1512/1452/395 2223/1975/179 2149/1921/179
f 1512/1452/395 2149/1921/179 1439/1414/348
f 2224/1976/743 2225/1093/743 2152/1096/743
f 2224/1976/743 2152/1096/743 2151/1923/743
f 1514/1453/363 2226/1977/271 2137/1912/271
f 1514/1453/363 2137/1912/271 1427/1408/363
f 2227/1978/745 2228/1097/745 2140/1032/745
f 2227/1978/745 2140/1032/745 2139/1914/745
f 1420/1405/383 2132/1908/274 2155/1925/274
f 1420/1405/383 2155/1925/274 1443/1416/383
f 2134/1909/354 2133/1027/354 2158/1044/354
f 2134/1909/354 2158/1044/354 2157/1927/354
f 1456/1423/398 2170/1936/176 2143/1916/176
f 1456/1423/398 2143/1916/176 1431/1410/389
f 2174/1938/341 2173/1045/341 2146/1030/341
f 2174/1938/341 2146/1030/341 2145/1918/341
f 1428/1409/388 2138/1913/271 2163/1931/271
f 1428/1409/388 2163/1931/271 1451/1420/363
f 2142/1915/745 2141/1031/745 2166/1048/745
f 2142/1915/745 2166/1048/745 2165/1933/745
f 1440/1415/395 2150/1922/179 2177/1941/179
f 1440/1415/395 2177/1941/179 1463/1426/348
f 2154/1924/743 2153/1099/743 2180/1056/743
f 2154/1924/743 2180/1056/743 2179/1943/743
f 1444/1417/396 2156/1926/274 2201/1958/274
f 1444/1417/396 2201/1958/274 1488/1440/383
f 2160/1928/354 2159/1043/354 2204/1086/354
f 2160/1928/354 2204/1086/354 2203/1960/354
f 1496/1444/398 2210/1965/176 2169/1935/176
f 1496/1444/398 2169/1935/176 1455/1422/398
f 2212/1966/341 2211/1087/341 2172/1046/341
f 2212/1966/341 2172/1046/341 2171/1937/341
f 1452/1421/388 2164/1932/271 2206/1962/271
f 1452/1421/388 2206/1962/271 1494/1443/363
f 2168/1934/745 2167/1047/745 2209/1088/745
f 2168/1934/745 2209/1088/745 2208/1964/745
f 1464/1427/395 2178/1942/179 2214/1968/179
f 1464/1427/395 2214/1968/179 1502/1447/421
f 2182/1944/743 2181/1055/743 2217/1092/743
f 2182/1944/743 2217/1092/743 2216/1970/743
f 2229/1979/274 1386/1383/351 1509/1451/424
f 2229/1979/274 1509/1451/424 2222/1974/274
f 1386/1383/351 1389/1104/354 1510/1103/354
f 1386/1383/351 1510/1103/354 1509/1451/424
f 1520/1456/426 2230/1980/271 2231/1981/271
f 1520/1456/426 2231/1981/271 1521/1457/386
f 1837/1678/629 1846/1102/633 1895/1101/654
f 1837/1678/629 1895/1101/654 1888/1721/653
f 1383/1381/348 2108/1888/179 2223/1975/179
f 1383/1381/348 2223/1975/179 1512/1452/395
f 2110/1889/743 2109/1011/743 2225/1093/743
f 2110/1889/743 2225/1093/743 2224/1976/743
f 1375/1377/340 2100/1881/176 2232/1982/176
f 1375/1377/340 2232/1982/176 1504/1448/422
f 2102/1882/391 2101/1108/391 2220/1107/391
f 2102/1882/391 2220/1107/391 2219/1972/753
f 1524/1458/427 2233/1983/179 2234/1984/179
f 1524/1458/427 2234/1984/179 1525/1459/393
f 2014/1813/705 2023/1106/714 1690/1105/522
f 2014/1813/705 1690/1105/522 1683/1556/515
f 1398/1391/363 2119/1898/271 2226/1977/271
f 1398/1391/363 2226/1977/271 1514/1453/363
f 2121/1899/745 2120/1015/745 2228/1097/745
f 2121/1899/745 2228/1097/745 2227/1978/745
f 1528/1460/428 2235/1985/747 2236/1986/747
f 1528/1460/428 2236/1986/747 1529/1461/429
f 2237/1987/374 2238/1112/374 2239/1111/374
f 2237/1987/374 2239/1111/374 2240/1988/374
f 2241/1462/754 2242/1989/755 1816/1663/616
f 2241/1462/754 1816/1663/616 1533/1463/432
f 2243/1990/756 1104/1110/757 2244/1109/756
f 2243/1990/756 2244/1109/756 2245/1991/756
f 1536/1464/435 2246/1992/747 2247/1993/747
f 1536/1464/435 2247/1993/747 1537/1465/436
f 2248/1994/758 2249/1117/758 2250/1120/758
f 2248/1994/758 2250/1120/758 2251/1995/758
f 1540/1466/439 2252/1996/744 2253/1997/744
f 1540/1466/439 2253/1997/744 1541/1467/440
f 2254/1998/756 2255/1119/756 2256/1118/756
f 2254/1998/756 2256/1118/756 2257/1999/756
f 2258/2000/747 2259/2001/759 2260/2002/760
f 2258/2000/747 2260/2002/760 2261/2003/747
f 2259/2001/759 2262/1125/758 2263/1128/758
f 2259/2001/759 2263/1128/758 2260/2002/760
f 1548/1470/439 2264/2004/744 2265/2005/744
f 1548/1470/439 2265/2005/744 1549/1471/440
f 2266/2006/756 2267/1127/756 2268/1126/756
f 2266/2006/756 2268/1126/756 2269/2007/756
f 1552/1472/435 2270/2008/747 2271/2009/747
f 1552/1472/435 2271/2009/747 1553/1473/443
f 2272/2010/758 2273/1133/758 2274/1136/758
f 2272/2010/758 2274/1136/758 2275/2011/758
f 2276/2012/744 2277/2013/761 2278/2014/762
f 2276/2012/744 2278/2014/762 2279/2015/744
f 2277/2013/761 2280/1135/756 2281/1134/756
f 2277/2013/761 2281/1134/756 2278/2014/762
f 1560/1476/435 2282/2016/747 2283/2017/747
f 1560/1476/435 2283/2017/747 1561/1477/443
f 2284/2018/758 2285/1141/758 2286/1144/758
f 2284/2018/758 2286/1144/758 2287/2019/758
f 2288/2020/744 2289/2021/763 2290/2022/764
f 2288/2020/744 2290/2022/764 2291/2023/744
f 2289/2021/763 2292/1143/381 2293/1142/381
f 2289/2021/763 2293/1142/381 2290/2022/764
f 1566/1479/444 2294/2024/336 1673/1547/506
f 1566/1479/444 1673/1547/506 1567/1480/445
f 2295/2025/765 2296/1148/346 1392/1147/357
f 2295/2025/765 1392/1147/357 1677/1550/509
f 1569/1482/447 2297/2026/176 2298/2027/176
f 1569/1482/447 2298/2027/176 1570/1483/448
f 1873/1707/642 1882/1149/651 1939/1152/678
f 1873/1707/642 1939/1152/678 1934/1757/675
f 1573/1484/450 2299/2028/176 2300/2029/176
f 1573/1484/450 2300/2029/176 1574/1485/448
f 1921/1747/671 1930/1153/673 1915/1156/666
f 1921/1747/671 1915/1156/666 1910/1739/661
f 1577/1486/451 2301/2030/176 2302/2031/176
f 1577/1486/451 2302/2031/176 1578/1487/448
f 1897/1727/655 1906/1157/658 1951/1160/682
f 1897/1727/655 1951/1160/682 1946/1766/681
f 1957/1774/685 1966/1161/689 1002/1008/313
f 1957/1774/685 1002/1008/313 1001/1007/312
f 1585/1488/455 2303/2032/318 2304/2033/318
f 1585/1488/455 2304/2033/318 1586/1489/456
f 2305/2034/334 2306/1165/334 1483/1164/411
f 2305/2034/334 1483/1164/411 1695/1565/526
f 1993/1798/694 1994/1799/695 216/222/99
f 1993/1798/694 216/222/99 214/220/97
f 1994/1799/695 1995/1184/696 1988/1178/693
f 1994/1799/695 1988/1178/693 216/222/99
f 1592/1492/462 2307/2035/274 2308/2036/274
f 1592/1492/462 2308/2036/274 1593/1493/463
f 1706/1575/534 1707/1186/535 2012/1189/703
f 1706/1575/534 2012/1189/703 2005/1807/700
f 1596/1494/464 2309/2037/274 2310/2038/274
f 1596/1494/464 2310/2038/274 1597/1495/463
f 1751/1612/565 1752/1190/566 1734/1193/555
f 1751/1612/565 1734/1193/555 1727/1592/548
f 1600/1496/465 2311/2039/274 2312/2040/274
f 1600/1496/465 2312/2040/274 1601/1497/463
f 1641/1517/478 1642/1194/479 1779/1197/582
f 1641/1517/478 1779/1197/582 1772/1629/576
f 2103/1883/336 1378/1378/343 2295/2025/765
f 2103/1883/336 2295/2025/765 2313/2041/336
f 1378/1378/343 1381/1022/346 2296/1148/346
f 1378/1378/343 2296/1148/346 2295/2025/765
f 1608/1500/326 2314/2042/318 2315/2043/318
f 1608/1500/326 2315/2043/318 1609/1501/466
f 2316/2044/314 1093/1099/314 1090/1096/314
f 2316/2044/314 1090/1096/314 2317/2045/314
f 2318/2046/314 1094/1100/314 1093/1099/314
f 2318/2046/314 1093/1099/314 2316/2044/314
f 2319/2047/314 1089/1095/314 1094/1100/314
f 2319/2047/314 1094/1100/314 2318/2046/314
f 2317/2045/314 1090/1096/314 1089/1095/314
f 2317/2045/314 1089/1095/314 2319/2047/314
f 2320/2048/317 2321/2049/317 2322/2050/317
f 2320/2048/317 2322/2050/317 2323/2051/317
f 2324/2052/101 2325/2053/101 2326/2054/101
f 2324/2052/101 2326/2054/101 2327/2055/101
f 2328/2056/316 2329/2057/316 2330/2058/316
f 2328/2056/316 2330/2058/316 2331/2059/316
f 2332/2060/100 2333/2061/100 2334/2062/100
f 2332/2060/100 2334/2062/100 2335/2063/100
f 2336/2064/314 2337/2065/314 2338/2066/314
f 2336/2064/314 2338/2066/314 2339/2067/314
f 2340/2068/766 2341/2069/767 2342/2070/766
f 2340/2068/766 2342/2070/766 2343/2071/768
f 2344/2072/314 2345/2073/314 2346/2074/314
f 2344/2072/314 2346/2074/314 2347/2075/314
f 2339/2067/314 2338/2066/314 2345/2073/314
f 2339/2067/314 2345/2073/314 2344/2072/314
f 2348/2076/317 2349/2077/317 2350/2078/317
f 2348/2076/317 2350/2078/317 2351/2079/317
f 2352/2080/101 2353/2081/101 2354/2082/101
f 2352/2080/101 2354/2082/101 2355/2083/101
f 2356/2084/316 2357/2085/316 2358/2086/316
f 2356/2084/316 2358/2086/316 2359/2087/316
f 2360/2088/100 2361/2089/100 2362/2090/100
f 2360/2088/100 2362/2090/100 2363/2091/100
f 2364/2092/314 2337/2065/314 2336/2064/314
f 2364/2092/314 2336/2064/314 2365/2093/314
f 2366/2094/314 2346/2074/314 2337/2065/314
f 2366/2094/314 2337/2065/314 2364/2092/314
f 2367/2095/314 2347/2075/314 2346/2074/314
f 2367/2095/314 2346/2074/314 2366/2094/314
f 2365/2093/314 2336/2064/314 2347/2075/314
f 2365/2093/314 2347/2075/314 2367/2095/314
f 2368/2096/769 2369/2097/769 2370/1875/769
f 2368/2096/769 2370/1875/769 2371/1874/769
f 2372/2098/101 2373/2099/101 2374/2100/101
f 2372/2098/101 2374/2100/101 2375/2101/101
f 2376/2102/770 2377/2103/771 2378/2104/772
f 2376/2102/770 2378/2104/772 2379/2105/773
f 2380/2106/770 2381/2107/774 2382/2108/775
f 2380/2106/770 2382/2108/775 2383/2109/776
f 2384/2110/770 2385/2111/771 2386/2112/772
f 2384/2110/770 2386/2112/772 2387/2113/773
f 2388/2114/777 2389/2115/778 2377/2103/771
f 2388/2114/777 2377/2103/771 2376/2102/770
f 2390/2116/779 2391/2117/778 2381/2107/774
f 2390/2116/779 2381/2107/774 2380/2106/770
f 2392/2118/779 2393/2119/778 2385/2111/771
f 2392/2118/779 2385/2111/771 2384/2110/770
f 2394/2120/780 2395/2121/781 2389/2115/778
f 2394/2120/780 2389/2115/778 2388/2114/777
f 2396/2122/782 2397/2123/783 2391/2117/778
f 2396/2122/782 2391/2117/778 2390/2116/779
f 2398/2124/780 2399/2125/781 2393/2119/778
f 2398/2124/780 2393/2119/778 2392/2118/779
f 2400/2126/784 2401/2127/785 2395/2121/781
f 2400/2126/784 2395/2121/781 2394/2120/780
f 2402/2128/784 2403/2129/785 2397/2123/783
f 2402/2128/784 2397/2123/783 2396/2122/782
f 2404/2130/784 2405/2131/786 2399/2125/781
f 2404/2130/784 2399/2125/781 2398/2124/780
f 2406/2132/787 2407/2133/788 2401/2127/785
f 2406/2132/787 2401/2127/785 2400/2126/784
f 2408/2134/789 2409/2135/788 2403/2129/785
f 2408/2134/789 2403/2129/785 2402/2128/784
f 2410/2136/787 2411/2137/788 2405/2131/786
f 2410/2136/787 2405/2131/786 2404/2130/784
f 2412/2138/790 2413/2139/791 2407/2133/788
f 2412/2138/790 2407/2133/788 2406/2132/787
f 2414/2140/792 2415/2141/793 2409/2135/788
f 2414/2140/792 2409/2135/788 2408/2134/789
f 2416/2142/790 2417/2143/791 2411/2137/788
f 2416/2142/790 2411/2137/788 2410/2136/787
f 2418/239/794 2419/2144/795 2413/2139/791
f 2418/239/794 2413/2139/791 2412/2138/790
f 2420/2145/794 2421/2146/796 2415/2141/793
f 2420/2145/794 2415/2141/793 2414/2140/792
f 2422/2147/794 2423/240/795 2417/2143/791
f 2422/2147/794 2417/2143/791 2416/2142/790
f 2424/241/797 2425/2148/798 2419/2144/795
f 2424/241/797 2419/2144/795 2418/239/794
f 2426/2149/799 2427/2150/798 2421/2146/796
f 2426/2149/799 2421/2146/796 2420/2145/794
f 2428/2151/799 2429/242/798 2423/240/795
f 2428/2151/799 2423/240/795 2422/2147/794
f 2430/2152/800 2431/2153/800 2425/2148/798
f 2430/2152/800 2425/2148/798 2424/241/797
f 2432/2154/800 2433/2155/800 2427/2150/798
f 2432/2154/800 2427/2150/798 2426/2149/799
f 2434/2156/800 2435/2157/800 2429/242/798
f 2434/2156/800 2429/242/798 2428/2151/799
f 2436/2158/801 2437/2159/802 2438/2160/803
f 2436/2158/801 2438/2160/803 2439/2161/803
f 2440/2162/801 2441/2163/802 2442/2164/803
f 2440/2162/801 2442/2164/803 2443/2165/803
f 2444/2166/801 2445/2167/804 2446/2168/803
f 2444/2166/801 2446/2168/803 2447/2169/803
f 2448/2170/805 2449/2171/806 2437/2159/802
f 2448/2170/805 2437/2159/802 2436/2158/801
f 2450/2172/807 2451/2173/806 2441/2163/802
f 2450/2172/807 2441/2163/802 2440/2162/801
f 2452/2174/805 2453/2175/806 2445/2167/804
f 2452/2174/805 2445/2167/804 2444/2166/801
f 2379/2105/773 2378/2104/772 2449/2171/806
f 2379/2105/773 2449/2171/806 2448/2170/805
f 2383/2109/776 2382/2108/775 2451/2173/806
f 2383/2109/776 2451/2173/806 2450/2172/807
f 2387/2113/773 2386/2112/772 2453/2175/806
f 2387/2113/773 2453/2175/806 2452/2174/805
f 2454/2176/772 2455/2177/771 2456/2178/770
f 2454/2176/772 2456/2178/770 2457/2179/773
f 2458/2180/772 2459/2181/771 2460/2182/770
f 2458/2180/772 2460/2182/770 2461/2183/773
f 2455/2177/771 2462/2184/778 2463/2185/777
f 2455/2177/771 2463/2185/777 2456/2178/770
f 2459/2181/771 2464/2186/778 2465/2187/777
f 2459/2181/771 2465/2187/777 2460/2182/770
f 2462/2184/778 2466/2188/781 2467/2189/780
f 2462/2184/778 2467/2189/780 2463/2185/777
f 2464/2186/778 2468/2190/781 2469/2191/780
f 2464/2186/778 2469/2191/780 2465/2187/777
f 2466/2188/781 2470/2192/786 2471/2193/784
f 2466/2188/781 2471/2193/784 2467/2189/780
f 2468/2190/781 2472/2194/786 2473/2195/784
f 2468/2190/781 2473/2195/784 2469/2191/780
f 2470/2192/786 2474/2196/788 2475/2197/787
f 2470/2192/786 2475/2197/787 2471/2193/784
f 2472/2194/786 2476/2198/788 2477/2199/787
f 2472/2194/786 2477/2199/787 2473/2195/784
f 2474/2196/788 2478/2200/791 2479/2201/790
f 2474/2196/788 2479/2201/790 2475/2197/787
f 2476/2198/788 2480/2202/791 2481/2203/790
f 2476/2198/788 2481/2203/790 2477/2199/787
f 2478/2200/791 2482/2204/795 2483/2205/794
f 2478/2200/791 2483/2205/794 2479/2201/790
f 2480/2202/791 2484/2206/795 2485/2207/794
f 2480/2202/791 2485/2207/794 2481/2203/790
f 2482/2204/795 2486/2208/798 2487/2209/797
f 2482/2204/795 2487/2209/797 2483/2205/794
f 2484/2206/795 2488/2210/798 2489/2211/797
f 2484/2206/795 2489/2211/797 2485/2207/794
f 2486/2208/798 2490/2212/800 2491/2213/800
f 2486/2208/798 2491/2213/800 2487/2209/797
f 2488/2210/798 2492/2214/800 2493/2215/800
f 2488/2210/798 2493/2215/800 2489/2211/797
f 2494/2216/803 2495/2217/804 2496/2218/801
f 2494/2216/803 2496/2218/801 2497/2219/803
f 2498/2220/803 2499/2221/804 2500/2222/801
f 2498/2220/803 2500/2222/801 2501/2223/803
f 2495/2217/804 2502/2224/806 2503/2225/805
f 2495/2217/804 2503/2225/805 2496/2218/801
f 2499/2221/804 2504/2226/806 2505/2227/805
f 2499/2221/804 2505/2227/805 2500/2222/801
f 2502/2224/806 2454/2176/772 2457/2179/773
f 2502/2224/806 2457/2179/773 2503/2225/805
f 2504/2226/806 2458/2180/772 2461/2183/773
f 2504/2226/806 2461/2183/773 2505/2227/805
f 2506/2178/100 2507/2106/100 2508/2109/100
f 2506/2178/100 2508/2109/100 2509/2179/100
f 2510/2176/101 2511/2104/101 2512/2103/101
f 2510/2176/101 2512/2103/101 2513/2177/101
f 2514/2185/100 2515/2116/100 2507/2106/100
f 2514/2185/100 2507/2106/100 2506/2178/100
f 2513/2177/101 2512/2103/101 2516/2115/101
f 2513/2177/101 2516/2115/101 2517/2184/101
f 2518/2189/100 2519/2122/100 2515/2116/100
f 2518/2189/100 2515/2116/100 2514/2185/100
f 2517/2184/101 2516/2115/101 2520/2121/101
f 2517/2184/101 2520/2121/101 2521/2188/101
f 2522/2193/100 2523/2128/100 2519/2122/100
f 2522/2193/100 2519/2122/100 2518/2189/100
f 2521/2188/101 2520/2121/101 2524/2127/101
f 2521/2188/101 2524/2127/101 2525/2192/101
f 2526/2197/100 2527/2134/100 2523/2128/100
f 2526/2197/100 2523/2128/100 2522/2193/100
f 2525/2192/101 2524/2127/101 2528/2133/101
f 2525/2192/101 2528/2133/101 2529/2196/101
f 2530/2201/100 2531/2140/100 2527/2134/100
f 2530/2201/100 2527/2134/100 2526/2197/100
f 2529/2196/101 2528/2133/101 2532/2139/101
f 2529/2196/101 2532/2139/101 2533/2200/101
f 2534/2205/100 2535/2145/100 2531/2140/100
f 2534/2205/100 2531/2140/100 2530/2201/100
f 2533/2200/101 2532/2139/101 2536/2144/101
f 2533/2200/101 2536/2144/101 2537/2204/101
f 2538/2209/100 2539/2149/100 2535/2145/100
f 2538/2209/100 2535/2145/100 2534/2205/100
f 2537/2204/101 2536/2144/101 2540/2148/101
f 2537/2204/101 2540/2148/101 2541/2208/101
f 2542/2213/100 2543/2154/100 2539/2149/100
f 2542/2213/100 2539/2149/100 2538/2209/100
f 2541/2208/101 2540/2148/101 2544/2153/101
f 2541/2208/101 2544/2153/101 2545/2212/101
f 2546/2218/100 2547/2162/100 2548/2165/100
f 2546/2218/100 2548/2165/100 2549/2219/100
f 2550/2216/101 2551/2160/101 2552/2159/101
f 2550/2216/101 2552/2159/101 2553/2217/101
f 2554/2225/100 2555/2172/100 2547/2162/100
f 2554/2225/100 2547/2162/100 2546/2218/100
f 2553/2217/101 2552/2159/101 2556/2171/101
f 2553/2217/101 2556/2171/101 2557/2224/101
f 2509/2179/100 2508/2109/100 2555/2172/100
f 2509/2179/100 2555/2172/100 2554/2225/100
f 2557/2224/101 2556/2171/101 2511/2104/101
f 2557/2224/101 2511/2104/101 2510/2176/101
f 2558/2182/100 2559/2110/100 2560/2113/100
f 2558/2182/100 2560/2113/100 2561/2183/100
f 2562/2180/101 2563/2108/101 2564/2107/101
f 2562/2180/101 2564/2107/101 2565/2181/101
f 2566/2187/100 2567/2118/100 2559/2110/100
f 2566/2187/100 2559/2110/100 2558/2182/100
f 2565/2181/101 2564/2107/101 2568/2117/101
f 2565/2181/101 2568/2117/101 2569/2186/101
f 2570/2191/100 2571/2124/100 2567/2118/100
f 2570/2191/100 2567/2118/100 2566/2187/100
f 2569/2186/101 2568/2117/101 2572/2123/101
f 2569/2186/101 2572/2123/101 2573/2190/101
f 2574/2195/100 2575/2130/100 2571/2124/100
f 2574/2195/100 2571/2124/100 2570/2191/100
f 2573/2190/101 2572/2123/101 2576/2129/101
f 2573/2190/101 2576/2129/101 2577/2194/101
f 2578/2199/100 2579/2136/100 2575/2130/100
f 2578/2199/100 2575/2130/100 2574/2195/100
f 2577/2194/101 2576/2129/101 2580/2135/101
f 2577/2194/101 2580/2135/101 2581/2198/101
f 2582/2203/100 2583/2142/100 2579/2136/100
f 2582/2203/100 2579/2136/100 2578/2199/100
f 2581/2198/101 2580/2135/101 2584/2141/101
f 2581/2198/101 2584/2141/101 2585/2202/101
f 2586/2207/100 2587/2147/100 2583/2142/100
f 2586/2207/100 2583/2142/100 2582/2203/100
f 2585/2202/101 2584/2141/101 2588/2146/101
f 2585/2202/101 2588/2146/101 2589/2206/101
f 2590/2211/100 2591/2151/100 2587/2147/100
f 2590/2211/100 2587/2147/100 2586/2207/100
f 2589/2206/101 2588/2146/101 2592/2150/101
f 2589/2206/101 2592/2150/101 2593/2210/101
f 2594/2215/100 2595/2156/100 2591/2151/100
f 2594/2215/100 2591/2151/100 2590/2211/100
f 2593/2210/101 2592/2150/101 2596/2155/101
f 2593/2210/101 2596/2155/101 2597/2214/101
f 2598/2222/100 2599/2166/100 2600/2169/100
f 2598/2222/100 2600/2169/100 2601/2223/100
f 2602/2220/101 2603/2164/101 2604/2163/101
f 2602/2220/101 2604/2163/101 2605/2221/101
f 2606/2227/100 2607/2174/100 2599/2166/100
f 2606/2227/100 2599/2166/100 2598/2222/100
f 2605/2221/101 2604/2163/101 2608/2173/101
f 2605/2221/101 2608/2173/101 2609/2226/101
f 2561/2183/100 2560/2113/100 2607/2174/100
f 2561/2183/100 2607/2174/100 2606/2227/100
f 2609/2226/101 2608/2173/101 2563/2108/101
f 2609/2226/101 2563/2108/101 2562/2180/101
f 2610/2228/770 2611/2229/771 2612/2230/808
f 2610/2228/770 2612/2230/808 2613/2231/808
f 2614/2232/770 2615/2233/774 2616/2234/808
f 2614/2232/770 2616/2234/808 2617/2235/808
f 2618/2236/770 2619/2237/774 2620/2238/808
f 2618/2236/770 2620/2238/808 2621/2239/808
f 2622/2240/779 2623/2241/778 2611/2229/771
f 2622/2240/779 2611/2229/771 2610/2228/770
f 2624/2242/779 2625/2243/778 2615/2233/774
f 2624/2242/779 2615/2233/774 2614/2232/770
f 2626/2244/779 2627/2245/778 2619/2237/774
f 2626/2244/779 2619/2237/774 2618/2236/770
f 2628/2246/780 2629/2247/781 2623/2241/778
f 2628/2246/780 2623/2241/778 2622/2240/779
f 2630/2248/782 2631/2249/783 2625/2243/778
f 2630/2248/782 2625/2243/778 2624/2242/779
f 2632/2250/780 2633/2251/781 2627/2245/778
f 2632/2250/780 2627/2245/778 2626/2244/779
f 2634/2252/784 2635/2253/786 2629/2247/781
f 2634/2252/784 2629/2247/781 2628/2246/780
f 2636/2254/784 2637/2255/785 2631/2249/783
f 2636/2254/784 2631/2249/783 2630/2248/782
f 2638/2256/784 2639/2257/786 2633/2251/781
f 2638/2256/784 2633/2251/781 2632/2250/780
f 2640/2258/787 2641/2259/788 2635/2253/786
f 2640/2258/787 2635/2253/786 2634/2252/784
f 2642/2260/789 2643/2261/788 2637/2255/785
f 2642/2260/789 2637/2255/785 2636/2254/784
f 2644/2262/787 2645/2263/788 2639/2257/786
f 2644/2262/787 2639/2257/786 2638/2256/784
f 2646/2264/790 2647/2265/791 2641/2259/788
f 2646/2264/790 2641/2259/788 2640/2258/787
f 2648/2266/792 2649/2267/793 2643/2261/788
f 2648/2266/792 2643/2261/788 2642/2260/789
f 2650/2268/790 2651/2269/791 2645/2263/788
f 2650/2268/790 2645/2263/788 2644/2262/787
f 2652/265/794 2653/2270/795 2647/2265/791
f 2652/265/794 2647/2265/791 2646/2264/790
f 2654/2271/794 2655/2272/796 2649/2267/793
f 2654/2271/794 2649/2267/793 2648/2266/792
f 2656/2273/794 2657/266/796 2651/2269/791
f 2656/2273/794 2651/2269/791 2650/2268/790
f 2658/267/799 2659/2274/798 2653/2270/795
f 2658/267/799 2653/2270/795 2652/265/794
f 2660/2275/799 2661/2276/798 2655/2272/796
f 2660/2275/799 2655/2272/796 2654/2271/794
f 2662/2277/799 2663/268/798 2657/266/796
f 2662/2277/799 2657/266/796 2656/2273/794
f 2664/2278/809 2665/2279/810 2659/2274/798
f 2664/2278/809 2659/2274/798 2658/267/799
f 2666/2280/811 2667/2281/812 2661/2276/798
f 2666/2280/811 2661/2276/798 2660/2275/799
f 2668/2282/809 2669/2283/810 2663/268/798
f 2668/2282/809 2663/268/798 2662/2277/799
f 2670/2284/801 2671/2285/802 2665/2279/810
f 2670/2284/801 2665/2279/810 2664/2278/809
f 2672/2286/801 2673/2287/802 2667/2281/812
f 2672/2286/801 2667/2281/812 2666/2280/811
f 2674/2288/801 2675/2289/804 2669/2283/810
f 2674/2288/801 2669/2283/810 2668/2282/809
f 2676/2290/805 2677/2291/806 2671/2285/802
f 2676/2290/805 2671/2285/802 2670/2284/801
f 2678/2292/807 2679/2293/806 2673/2287/802
f 2678/2292/807 2673/2287/802 2672/2286/801
f 2680/2294/805 2681/2295/806 2675/2289/804
f 2680/2294/805 2675/2289/804 2674/2288/801
f 2682/2296/813 2683/2297/813 2677/2291/806
f 2682/2296/813 2677/2291/806 2676/2290/805
f 2684/2298/813 2685/2299/813 2679/2293/806
f 2684/2298/813 2679/2293/806 2678/2292/807
f 2686/2300/813 2687/2301/813 2681/2295/806
f 2686/2300/813 2681/2295/806 2680/2294/805
f 2688/2302/808 2689/2303/771 2690/2304/770
f 2688/2302/808 2690/2304/770 2691/2305/808
f 2692/2306/808 2693/2307/771 2694/2308/770
f 2692/2306/808 2694/2308/770 2695/2309/808
f 2689/2303/771 2696/2310/778 2697/2311/779
f 2689/2303/771 2697/2311/779 2690/2304/770
f 2693/2307/771 2698/2312/778 2699/2313/777
f 2693/2307/771 2699/2313/777 2694/2308/770
f 2696/2310/778 2700/2314/781 2701/2315/780
f 2696/2310/778 2701/2315/780 2697/2311/779
f 2698/2312/778 2702/2316/781 2703/2317/780
f 2698/2312/778 2703/2317/780 2699/2313/777
f 2700/2314/781 2704/2318/786 2705/2319/784
f 2700/2314/781 2705/2319/784 2701/2315/780
f 2702/2316/781 2706/2320/785 2707/2321/784
f 2702/2316/781 2707/2321/784 2703/2317/780
f 2704/2318/786 2708/2322/788 2709/2323/787
f 2704/2318/786 2709/2323/787 2705/2319/784
f 2706/2320/785 2710/2324/788 2711/2325/787
f 2706/2320/785 2711/2325/787 2707/2321/784
f 2708/2322/788 2712/2326/791 2713/2327/790
f 2708/2322/788 2713/2327/790 2709/2323/787
f 2710/2324/788 2714/2328/791 2715/2329/790
f 2710/2324/788 2715/2329/790 2711/2325/787
f 2712/2326/791 2716/2330/795 2717/2331/794
f 2712/2326/791 2717/2331/794 2713/2327/790
f 2714/2328/791 2718/2332/795 2719/2333/794
f 2714/2328/791 2719/2333/794 2715/2329/790
f 2716/2330/795 2720/2334/798 2721/2335/799
f 2716/2330/795 2721/2335/799 2717/2331/794
f 2718/2332/795 2722/2336/798 2723/2337/797
f 2718/2332/795 2723/2337/797 2719/2333/794
f 2720/2334/798 2724/2338/810 2725/2339/809
f 2720/2334/798 2725/2339/809 2721/2335/799
f 2722/2336/798 2726/2340/810 2727/2341/809
f 2722/2336/798 2727/2341/809 2723/2337/797
f 2724/2338/810 2728/2342/804 2729/2343/801
f 2724/2338/810 2729/2343/801 2725/2339/809
f 2726/2340/810 2730/2344/802 2731/2345/801
f 2726/2340/810 2731/2345/801 2727/2341/809
f 2728/2342/804 2732/2346/806 2733/2347/805
f 2728/2342/804 2733/2347/805 2729/2343/801
f 2730/2344/802 2734/2348/806 2735/2349/805
f 2730/2344/802 2735/2349/805 2731/2345/801
f 2732/2346/806 2736/2350/813 2737/2351/813
f 2732/2346/806 2737/2351/813 2733/2347/805
f 2734/2348/806 2738/2352/813 2739/2353/813
f 2734/2348/806 2739/2353/813 2735/2349/805
f 2740/2304/814 2741/2232/100 2742/2235/100
f 2740/2304/814 2742/2235/100 2743/2305/814
f 2744/2302/101 2745/2230/101 2746/2229/101
f 2744/2302/101 2746/2229/101 2747/2303/101
f 2748/2311/100 2749/2242/100 2741/2232/100
f 2748/2311/100 2741/2232/100 2740/2304/814
f 2747/2303/101 2746/2229/101 2750/2241/101
f 2747/2303/101 2750/2241/101 2751/2310/101
f 2752/2315/100 2753/2248/100 2749/2242/100
f 2752/2315/100 2749/2242/100 2748/2311/100
f 2751/2310/101 2750/2241/101 2754/2247/101
f 2751/2310/101 2754/2247/101 2755/2314/101
f 2756/2319/100 2757/2254/100 2753/2248/100
f 2756/2319/100 2753/2248/100 2752/2315/100
f 2755/2314/101 2754/2247/101 2758/2253/101
f 2755/2314/101 2758/2253/101 2759/2318/101
f 2760/2323/100 2761/2260/100 2757/2254/100
f 2760/2323/100 2757/2254/100 2756/2319/100
f 2759/2318/101 2758/2253/101 2762/2259/101
f 2759/2318/101 2762/2259/101 2763/2322/101
f 2764/2327/100 2765/2266/100 2761/2260/100
f 2764/2327/100 2761/2260/100 2760/2323/100
f 2763/2322/101 2762/2259/101 2766/2265/101
f 2763/2322/101 2766/2265/101 2767/2326/101
f 2768/2331/815 2769/2271/100 2765/2266/100
f 2768/2331/815 2765/2266/100 2764/2327/100
f 2767/2326/101 2766/2265/101 2770/2270/101
f 2767/2326/101 2770/2270/101 2771/2330/101
f 2772/2335/100 2773/2275/100 2769/2271/100
f 2772/2335/100 2769/2271/100 2768/2331/815
f 2771/2330/101 2770/2270/101 2774/2274/101
f 2771/2330/101 2774/2274/101 2775/2334/101
f 2776/2339/100 2777/2280/100 2773/2275/100
f 2776/2339/100 2773/2275/100 2772/2335/100
f 2775/2334/101 2774/2274/101 2778/2279/101
f 2775/2334/101 2778/2279/101 2779/2338/101
f 2780/2343/100 2781/2286/100 2777/2280/100
f 2780/2343/100 2777/2280/100 2776/2339/100
f 2779/2338/101 2778/2279/101 2782/2285/101
f 2779/2338/101 2782/2285/101 2783/2342/101
f 2784/2347/100 2785/2292/100 2781/2286/100
f 2784/2347/100 2781/2286/100 2780/2343/100
f 2783/2342/101 2782/2285/101 2786/2291/101
f 2783/2342/101 2786/2291/101 2787/2346/101
f 2788/2351/100 2789/2298/100 2785/2292/100
f 2788/2351/100 2785/2292/100 2784/2347/100
f 2787/2346/101 2786/2291/101 2790/2297/101
f 2787/2346/101 2790/2297/101 2791/2350/101
f 2792/2308/100 2793/2236/100 2794/2239/100
f 2792/2308/100 2794/2239/100 2795/2309/100
f 2796/2306/101 2797/2234/101 2798/2233/101
f 2796/2306/101 2798/2233/101 2799/2307/101
f 2800/2313/100 2801/2244/100 2793/2236/100
f 2800/2313/100 2793/2236/100 2792/2308/100
f 2799/2307/101 2798/2233/101 2802/2243/101
f 2799/2307/101 2802/2243/101 2803/2312/101
f 2804/2317/100 2805/2250/100 2801/2244/100
f 2804/2317/100 2801/2244/100 2800/2313/100
f 2803/2312/101 2802/2243/101 2806/2249/101
f 2803/2312/101 2806/2249/101 2807/2316/101
f 2808/2321/100 2809/2256/100 2805/2250/100
f 2808/2321/100 2805/2250/100 2804/2317/100
f 2807/2316/101 2806/2249/101 2810/2255/101
f 2807/2316/101 2810/2255/101 2811/2320/101
f 2812/2325/100 2813/2262/100 2809/2256/100
f 2812/2325/100 2809/2256/100 2808/2321/100
f 2811/2320/101 2810/2255/101 2814/2261/101
f 2811/2320/101 2814/2261/101 2815/2324/101
f 2816/2329/100 2817/2268/100 2813/2262/100
f 2816/2329/100 2813/2262/100 2812/2325/100
f 2815/2324/101 2814/2261/101 2818/2267/101
f 2815/2324/101 2818/2267/101 2819/2328/101
f 2820/2333/100 2821/2273/100 2817/2268/100
f 2820/2333/100 2817/2268/100 2816/2329/100
f 2819/2328/101 2818/2267/101 2822/2272/101
f 2819/2328/101 2822/2272/101 2823/2332/101
f 2824/2337/100 2825/2277/100 2821/2273/100
f 2824/2337/100 2821/2273/100 2820/2333/100
f 2823/2332/101 2822/2272/101 2826/2276/101
f 2823/2332/101 2826/2276/101 2827/2336/101
f 2828/2341/100 2829/2282/100 2825/2277/100
f 2828/2341/100 2825/2277/100 2824/2337/100
f 2827/2336/101 2826/2276/101 2830/2281/101
f 2827/2336/101 2830/2281/101 2831/2340/101
f 2832/2345/100 2833/2288/100 2829/2282/100
f 2832/2345/100 2829/2282/100 2828/2341/100
f 2831/2340/101 2830/2281/101 2834/2287/101
f 2831/2340/101 2834/2287/101 2835/2344/101
f 2836/2349/100 2837/2294/100 2833/2288/100
f 2836/2349/100 2833/2288/100 2832/2345/100
f 2835/2344/101 2834/2287/101 2838/2293/101
f 2835/2344/101 2838/2293/101 2839/2348/101
f 2840/2353/100 2841/2300/100 2837/2294/100
f 2840/2353/100 2837/2294/100 2836/2349/100
f 2839/2348/101 2838/2293/101 2842/2299/101
f 2839/2348/101 2842/2299/101 2843/2352/101
f 2844/1886/317 1102/1108/317 2845/1531/317
f 1102/1108/317 2844/1886/317 1099/1105/317
f 1099/1105/317 2844/1886/317 2846/1555/317
f 2846/1555/317 2844/1886/317 2847/1554/317
f 2847/1554/317 2844/1886/317 2848/1560/317
f 2849/1719/316 2850/1896/316 2851/1725/316
f 2850/1896/316 2849/1719/316 2852/1385/316
f 2852/1385/316 2849/1719/316 2853/1720/316
f 2852/1385/316 2853/1720/316 1095/1101/316
f 2852/1385/316 1095/1101/316 1098/1104/316
f 1188/1194/316 2854/1392/316 1189/1195/316
f 2854/1392/316 1188/1194/316 2855/1403/316
f 2855/1403/316 1188/1194/316 2856/1512/316
f 2855/1403/316 2856/1512/316 2857/1513/316
f 2855/1403/316 2857/1513/316 2858/1518/316
f 1178/1184/316 1182/1188/316 1179/1185/316
f 1182/1188/316 1178/1184/316 1183/1189/316
f 1183/1189/316 1178/1184/316 2859/1794/316
f 1183/1189/316 2859/1794/316 2860/1806/316
f 2860/1806/316 2859/1794/316 2861/1795/316
f 2860/1806/316 2861/1795/316 2862/1805/316
f 2862/1805/316 2861/1795/316 2863/1800/316
f 2862/1805/316 2863/1800/316 2864/1811/316
f 1100/1106/317 1030/1036/317 1101/1107/317
f 1030/1036/317 1100/1106/317 1027/1033/317
f 1027/1033/317 1100/1106/317 2865/1814/317
f 1027/1033/317 2865/1814/317 2866/1822/317
f 2866/1822/317 2865/1814/317 2867/1815/317
f 2866/1822/317 2867/1815/317 2868/1821/317
f 2868/1821/317 2867/1815/317 2869/1820/317
f 2868/1821/317 2869/1820/317 2870/1827/317
f 2871/1668/316 2872/1685/316 2873/1674/316
f 2872/1685/316 2871/1668/316 2874/1680/316
f 2874/1680/316 2871/1668/316 2875/1669/316
f 2874/1680/316 2875/1669/316 2876/1679/316
f 2876/1679/316 2875/1669/316 1019/1025/316
f 2876/1679/316 1019/1025/316 1096/1102/316
f 1096/1102/316 1019/1025/316 1022/1028/316
f 1096/1102/316 1022/1028/316 1097/1103/316
f 2877/1686/316 2878/1705/316 2879/1692/316
f 2878/1705/316 2877/1686/316 2880/1698/316
f 2880/1698/316 2877/1686/316 2881/1687/316
f 2880/1698/316 2881/1687/316 2882/1697/316
f 2882/1697/316 2881/1687/316 1035/1041/316
f 2882/1697/316 1035/1041/316 1020/1026/316
f 1020/1026/316 1035/1041/316 1038/1044/316
f 1020/1026/316 1038/1044/316 1021/1027/316
f 1028/1034/317 1046/1052/317 1029/1035/317
f 1046/1052/317 1028/1034/317 1043/1049/317
f 1043/1049/317 1028/1034/317 2883/1832/317
f 1043/1049/317 2883/1832/317 2884/1842/317
f 2884/1842/317 2883/1832/317 2885/1833/317
f 2884/1842/317 2885/1833/317 2886/1841/317
f 2886/1841/317 2885/1833/317 2887/1840/317
f 2886/1841/317 2887/1840/317 2888/1847/317
f 2889/1643/316 2890/1660/316 2891/1649/316
f 2890/1660/316 2889/1643/316 2892/1655/316
f 2892/1655/316 2889/1643/316 2893/1644/316
f 2892/1655/316 2893/1644/316 2894/1654/316
f 2894/1654/316 2893/1644/316 1079/1085/316
f 2894/1654/316 1079/1085/316 1036/1042/316
f 1036/1042/316 1079/1085/316 1080/1086/316
f 1036/1042/316 1080/1086/316 1037/1043/316
f 1044/1050/317 1084/1090/317 1045/1051/317
f 1084/1090/317 1044/1050/317 1083/1089/317
f 1083/1089/317 1044/1050/317 2895/1852/317
f 1083/1089/317 2895/1852/317 2896/1862/317
f 2896/1862/317 2895/1852/317 2897/1853/317
f 2896/1862/317 2897/1853/317 2898/1861/317
f 2898/1861/317 2897/1853/317 2899/1860/317
f 2898/1861/317 2899/1860/317 2900/1867/317
f 2901/1382/317 2902/1716/317 2903/1481/317
f 2902/1716/317 2901/1382/317 2904/1709/317
f 2904/1709/317 2901/1382/317 2905/1708/317
f 2905/1708/317 2901/1382/317 1143/1149/317
f 1143/1149/317 2901/1382/317 1144/1150/317
f 2906/1755/317 2907/1754/317 2908/1761/317
f 2907/1754/317 2906/1755/317 2909/1749/317
f 2909/1749/317 2906/1755/317 2910/1756/317
f 2909/1749/317 2910/1756/317 2911/1748/317
f 2911/1748/317 2910/1756/317 1146/1152/317
f 2911/1748/317 1146/1152/317 1147/1153/317
f 1147/1153/317 1146/1152/317 1145/1151/317
f 1147/1153/317 1145/1151/317 1148/1154/317
f 2912/1737/317 2913/1736/317 2914/1743/317
f 2913/1736/317 2912/1737/317 2915/1729/317
f 2915/1729/317 2912/1737/317 2916/1738/317
f 2915/1729/317 2916/1738/317 2917/1728/317
f 2917/1728/317 2916/1738/317 1150/1156/317
f 2917/1728/317 1150/1156/317 1151/1157/317
f 1151/1157/317 1150/1156/317 1149/1155/317
f 1151/1157/317 1149/1155/317 1152/1158/317
f 2918/1764/317 2919/1783/317 2920/1770/317
f 2919/1783/317 2918/1764/317 2921/1776/317
f 2921/1776/317 2918/1764/317 2922/1765/317
f 2921/1776/317 2922/1765/317 2923/1775/317
f 2923/1775/317 2922/1765/317 1154/1160/317
f 2923/1775/317 1154/1160/317 1155/1161/317
f 1155/1161/317 1154/1160/317 1153/1159/317
f 1155/1161/317 1153/1159/317 1156/1162/317
f 1180/1186/316 1186/1192/316 1181/1187/316
f 1186/1192/316 1180/1186/316 1187/1193/316
f 1187/1193/316 1180/1186/316 2924/1570/316
f 1187/1193/316 2924/1570/316 2925/1591/316
f 2925/1591/316 2924/1570/316 2926/1571/316
f 2925/1591/316 2926/1571/316 2927/1590/316
f 2927/1590/316 2926/1571/316 2928/1576/316
f 2927/1590/316 2928/1576/316 2929/1596/316
f 1184/1190/316 1190/1196/316 1185/1191/316
f 1190/1196/316 1184/1190/316 1191/1197/316
f 1191/1197/316 1184/1190/316 2930/1607/316
f 1191/1197/316 2930/1607/316 2931/1628/316
f 2931/1628/316 2930/1607/316 2932/1608/316
f 2931/1628/316 2932/1608/316 2933/1627/316
f 2933/1627/316 2932/1608/316 2934/1613/316
f 2933/1627/316 2934/1613/316 2935/1633/316
o f_2_door_old_metal_0_1
v -67.267601 283.132263 -8.385687
v 67.324005 283.132263 -8.385687
v 67.324005 283.132263 9.229031
v -67.267601 283.132263 9.229031
v 67.324005 283.132263 9.229031
v 67.324005 283.132263 -8.385687
v 67.324005 5.102251 -8.385666
v 67.324005 5.102252 9.229052
v -67.267601 283.132263 -8.385687
v -67.267601 283.132263 9.229031
v -67.267601 5.102252 9.229052
v -67.267601 5.102251 -8.385666
v -70.086922 285.951569 12.048349
v -84.135323 300.000000 12.048348
v -84.135323 5.102252 12.048371
v -70.086922 5.102252 12.048371
v 70.143318 285.951569 12.048349
v 84.191719 300.000000 12.048348
v -84.135323 300.000000 12.048348
v -70.086922 285.951569 12.048349
v 70.143318 5.102252 12.048371
v 84.191719 5.102252 12.048371
v 84.191719 300.000000 12.048348
v 70.143318 285.951569 12.048349
v 70.986702 286.794952 -12.048392
v 84.191719 300.000000 -12.048393
v 84.191719 5.102251 -12.048370
v 70.986702 5.102251 -12.048370
v -70.930305 286.794952 -12.048392
v -84.135323 300.000000 -12.048393
v 84.191719 300.000000 -12.048393
v 70.986702 286.794952 -12.048392
v -70.930305 5.102251 -12.048370
v -84.135323 5.102251 -12.048370
v -84.135323 300.000000 -12.048393
v -70.930305 286.794952 -12.048392
v 69.539070 285.347321 -9.833326
v -69.482674 285.347321 -9.833326
v -70.197311 286.061951 -11.558619
v 70.253693 286.061951 -11.558619
v 70.253693 5.102251 -11.558597
v 69.539070 5.102251 -9.833304
v 69.539070 285.347321 -9.833326
v 70.253693 286.061951 -11.558619
v -69.482674 285.347321 -9.833326
v -69.482674 5.102251 -9.833304
v -70.197311 5.102251 -11.558597
v -70.197311 286.061951 -11.558619
v 69.539070 285.347321 -9.833326
v 67.813766 283.622040 -9.118687
v -67.757378 283.622040 -9.118687
v -69.482674 285.347321 -9.833326
v 69.539070 5.102251 -9.833304
v 67.813766 5.102251 -9.118666
v 67.813766 283.622040 -9.118687
v 69.539070 285.347321 -9.833326
v -69.482674 285.347321 -9.833326
v -67.757378 283.622040 -9.118687
v -67.757378 5.102251 -9.118666
v -69.482674 5.102251 -9.833304
v -68.886307 284.750977 10.429646
v 68.942696 284.750977 10.429646
v 69.410316 285.218567 11.558574
v -69.353920 285.218567 11.558574
v 68.942696 284.750977 10.429646
v 68.942696 5.102252 10.429668
v 69.410316 5.102252 11.558596
v 69.410316 285.218567 11.558574
v -69.353920 5.102252 11.558596
v -68.886307 5.102252 10.429668
v -68.886307 284.750977 10.429646
v -69.353920 285.218567 11.558574
v -68.886307 284.750977 10.429646
v -67.757378 283.622040 9.962031
v 67.813766 283.622040 9.962031
v 68.942696 284.750977 10.429646
v 68.942696 284.750977 10.429646
v 67.813766 283.622040 9.962031
v 67.813766 5.102252 9.962052
v 68.942696 5.102252 10.429668
v -68.886307 5.102252 10.429668
v -67.757378 5.102252 9.962052
v -67.757378 283.622040 9.962031
v -68.886307 284.750977 10.429646
v -67.506477 283.371124 9.793465
v 67.562866 283.371124 9.793465
v 67.813766 283.622040 9.962031
v -67.757378 283.622040 9.962031
v 67.562866 283.371124 -8.950122
v -67.506477 283.371124 -8.950122
v -67.757378 283.622040 -9.118687
v 67.813766 283.622040 -9.118687
v 67.559303 5.102251 -8.949587
v 67.562866 283.371124 -8.950122
v 67.813766 283.622040 -9.118687
v 67.813766 5.102251 -9.118666
v 67.562866 283.371124 9.793465
v 67.559303 5.102252 9.792974
v 67.813766 5.102252 9.962052
v 67.813766 283.622040 9.962031
v -67.502907 5.102252 9.792974
v -67.506477 283.371124 9.793465
v -67.757378 283.622040 9.962031
v -67.757378 5.102252 9.962052
v -67.506477 283.371124 -8.950122
v -67.502907 5.102251 -8.949587
v -67.757378 5.102251 -9.118666
v -67.757378 283.622040 -9.118687
v -69.523575 285.388214 11.817061
v -69.523003 5.102252 11.813068
v -69.353920 5.102252 11.558596
v -69.353920 285.218567 11.558574
v 69.579971 285.388214 11.817061
v -69.523575 285.388214 11.817061
v -69.353920 285.218567 11.558574
v 69.410316 285.218567 11.558574
v 69.579391 5.102252 11.813068
v 69.579971 285.388214 11.817061
v 69.410316 285.218567 11.558574
v 69.410316 5.102252 11.558596
v 70.423363 286.231628 -11.817105
v 70.422775 5.102251 -11.813068
v 70.253693 5.102251 -11.558597
v 70.253693 286.061951 -11.558619
v -70.366966 286.231628 -11.817105
v 70.423363 286.231628 -11.817105
v 70.253693 286.061951 -11.558619
v -70.197311 286.061951 -11.558619
v -70.366386 5.102251 -11.813068
v -70.366966 286.231628 -11.817105
v -70.197311 286.061951 -11.558619
v -70.197311 5.102251 -11.558597
v -67.506477 283.371124 9.793465
v -67.327324 283.191986 9.525340
v 67.383713 283.191986 9.525340
v 67.562866 283.371124 9.793465
v -67.267601 283.132263 9.229031
v 67.324005 283.132263 9.229031
v 67.562866 283.371124 -8.950122
v 67.383713 283.191986 -8.681995
v -67.327324 283.191986 -8.681995
v -67.506477 283.371124 -8.950122
v 67.324005 283.132263 -8.385687
v -67.267601 283.132263 -8.385687
v 67.559303 5.102251 -8.949587
v 67.382820 5.102251 -8.685472
v 67.383713 283.191986 -8.681995
v 67.562866 283.371124 -8.950122
v 67.324005 5.102251 -8.385666
v 67.324005 283.132263 -8.385687
v 67.562866 283.371124 9.793465
v 67.383713 283.191986 9.525340
v 67.382820 5.102252 9.528857
v 67.559303 5.102252 9.792974
v 67.324005 283.132263 9.229031
v 67.324005 5.102252 9.229052
v -67.502907 5.102252 9.792974
v -67.326431 5.102252 9.528857
v -67.327324 283.191986 9.525340
v -67.506477 283.371124 9.793465
v -67.267601 5.102252 9.229052
v -67.267601 283.132263 9.229031
v -67.506477 283.371124 -8.950122
v -67.327324 283.191986 -8.681995
v -67.326431 5.102251 -8.685472
v -67.502907 5.102251 -8.949587
v -67.267601 283.132263 -8.385687
v -67.267601 5.102251 -8.385666
v -69.523575 285.388214 11.817061
v -69.783188 285.647858 11.990527
v -69.787117 5.102252 11.989546
v -69.523003 5.102252 11.813068
v -70.086922 285.951569 12.048349
v -70.086922 5.102252 12.048371
v 69.579971 285.388214 11.817061
v 69.839577 285.647858 11.990527
v -69.783188 285.647858 11.990527
v -69.523575 285.388214 11.817061
v 70.143318 285.951569 12.048349
v -70.086922 285.951569 12.048349
v 69.579391 5.102252 11.813068
v 69.843513 5.102252 11.989546
v 69.839577 285.647858 11.990527
v 69.579971 285.388214 11.817061
v 70.143318 5.102252 12.048371
v 70.143318 285.951569 12.048349
v 70.423363 286.231628 -11.817105
v 70.682968 286.491241 -11.990570
v 70.686905 5.102251 -11.989546
v 70.422775 5.102251 -11.813068
v 70.986702 286.794952 -12.048392
v 70.986702 5.102251 -12.048370
v -70.366966 286.231628 -11.817105
v -70.626572 286.491241 -11.990570
v 70.682968 286.491241 -11.990570
v 70.423363 286.231628 -11.817105
v -70.930305 286.794952 -12.048392
v 70.986702 286.794952 -12.048392
v -70.366386 5.102251 -11.813068
v -70.630501 5.102251 -11.989546
v -70.626572 286.491241 -11.990570
v -70.366966 286.231628 -11.817105
v -70.930305 5.102251 -12.048370
v -70.930305 286.794952 -12.048392
v -79.889290 3.801028 14.646564
v -79.889290 0.000001 14.646566
v 75.480110 0.000001 14.646566
v 75.480110 3.801028 14.646564
v 77.753426 3.801026 -15.558170
v 77.753426 -0.000001 -15.558170
v -82.162613 -0.000001 -15.558170
v -82.162605 3.801026 -15.558170
v -82.162605 4.437379 -15.391952
v 77.753426 4.437379 -15.391952
v 77.753426 3.801026 -15.558170
v -82.162605 3.801026 -15.558170
v 75.646324 4.437381 14.646563
v -80.055504 4.437381 14.646563
v -82.162605 4.936032 -14.893299
v 77.753426 4.936032 -14.893299
v -82.162605 5.102251 -14.256947
v 77.753426 5.102251 -14.256947
v 76.144981 4.936034 14.646563
v -80.554161 4.936034 14.646563
v 76.781334 5.102252 14.646563
v -81.190514 5.102252 14.646563
v -82.162605 5.102252 14.646563
v 77.753426 5.102251 -14.256947
v -82.162605 5.102251 -14.256947
v 77.753426 5.102252 14.646563
vn -0.0000 -1.0000 -0.0000
vn -1.0000 -0.0000 -0.0000
vn 1.0000 -0.0000 -0.0000
vn -0.0000 -0.0000 1.0000
vn -0.0000 -0.0000 -1.0000
vn -0.0000 -0.9239 -0.3826
vn -0.0000 -0.9239 -0.3827
vn -0.9239 -0.0000 -0.3827
vn 0.9239 -0.0000 -0.3827
vn -0.0000 -0.3827 -0.9239
vn -0.3827 -0.0000 -0.9239
vn 0.3827 -0.0000 -0.9239
vn -0.0000 -0.9239 0.3827
vn -0.9239 -0.0000 0.3827
vn 0.9239 -0.0000 0.3827
vn -0.0000 -0.3827 0.9239
vn -0.3827 -0.0000 0.9239
vn 0.3827 -0.0000 0.9239
vn -0.0000 -0.5578 0.8300
vn -0.0000 -0.5576 0.8301
vn -0.0000 -0.5577 -0.8300
vn -0.0000 -0.5576 -0.8301
vn -0.5555 -0.0000 -0.8315
vn -0.5577 -0.0000 -0.8301
vn -0.5556 -0.0000 -0.8315
vn -0.5534 -0.0000 -0.8329
vn -0.5556 -0.0000 0.8315
vn -0.5534 -0.0000 0.8329
vn -0.5555 -0.0000 0.8315
vn -0.5577 -0.0000 0.8301
vn 0.5555 -0.0000 0.8315
vn 0.5577 -0.0000 0.8301
vn 0.5534 -0.0000 0.8329
vn 0.5555 -0.0000 -0.8315
vn 0.5534 -0.0000 -0.8329
vn 0.5577 -0.0000 -0.8301
vn 0.8345 -0.0000 0.5510
vn 0.8329 -0.0000 0.5534
vn 0.8345 -0.0000 0.5511
vn 0.8360 -0.0000 0.5487
vn -0.0000 -0.8361 0.5485
vn -0.0000 -0.8360 0.5487
vn -0.0000 -0.8359 0.5489
vn -0.8345 -0.0000 0.5510
vn -0.8360 -0.0000 0.5487
vn -0.8329 -0.0000 0.5534
vn -0.8345 -0.0000 -0.5511
vn -0.8329 -0.0000 -0.5534
vn -0.8344 -0.0000 -0.5511
vn -0.8360 -0.0000 -0.5487
vn -0.0000 -0.8359 -0.5488
vn -0.0000 -0.8360 -0.5487
vn 0.8345 -0.0000 -0.5511
vn 0.8360 -0.0000 -0.5487
vn 0.8345 -0.0000 -0.5510
vn 0.8329 -0.0000 -0.5534
vn -0.0000 -0.8313 0.5558
vn -0.0000 -0.9448 0.3278
vn -0.0000 -0.8936 0.4488
vn -0.0000 -0.9803 0.1976
vn -0.0000 -0.9803 0.1974
vn -0.0000 -0.8313 -0.5558
vn -0.0000 -0.9447 -0.3278
vn -0.0000 -0.8936 -0.4488
vn -0.0000 -0.8316 -0.5554
vn -0.0000 -0.9803 -0.1977
vn -0.0000 -0.9803 -0.1976
vn -0.8315 -0.0000 -0.5556
vn -0.9459 -0.0000 -0.3244
vn -0.8940 -0.0000 -0.4481
vn -0.9813 -0.0000 -0.1925
vn -0.9808 -0.0000 -0.1950
vn -0.8315 -0.0000 0.5556
vn -0.9455 -0.0000 0.3257
vn -0.8951 -0.0000 0.4459
vn -0.9803 -0.0000 0.1975
vn -0.9808 -0.0000 0.1951
vn 0.8315 -0.0000 0.5556
vn 0.9459 -0.0000 0.3244
vn 0.8940 -0.0000 0.4482
vn 0.9813 -0.0000 0.1926
vn 0.9808 -0.0000 0.1950
vn 0.8315 -0.0000 -0.5556
vn 0.9455 -0.0000 -0.3257
vn 0.8951 -0.0000 -0.4459
vn 0.9803 -0.0000 -0.1976
vn 0.9808 -0.0000 -0.1951
vn 0.5556 -0.0000 0.8315
vn 0.3185 -0.0000 0.9479
vn 0.4445 -0.0000 0.8958
vn 0.1870 -0.0000 0.9824
vn 0.1898 -0.0000 0.9818
vn -0.0000 -0.5555 0.8315
vn -0.0000 -0.3161 0.9487
vn -0.0000 -0.4411 0.8974
vn -0.0000 -0.1870 0.9824
vn -0.3200 -0.0000 0.9474
vn -0.4419 -0.0000 0.8970
vn -0.1925 -0.0000 0.9813
vn -0.1897 -0.0000 0.9818
vn -0.3185 -0.0000 -0.9479
vn -0.4446 -0.0000 -0.8957
vn -0.1870 -0.0000 -0.9824
vn -0.1898 -0.0000 -0.9818
vn -0.0000 -0.5555 -0.8315
vn -0.0000 -0.3161 -0.9487
vn -0.0000 -0.4412 -0.8974
vn -0.0000 -0.1870 -0.9824
vn 0.5556 -0.0000 -0.8315
vn 0.3200 -0.0000 -0.9474
vn 0.4419 -0.0000 -0.8970
vn 0.1925 -0.0000 -0.9813
vn 0.1897 -0.0000 -0.9818
vn -0.0000 0.5055 -0.8628
vn -0.0000 0.5054 -0.8629
vn -0.0000 0.2527 -0.9675
vn -0.0000 0.9053 -0.4248
vn -0.0000 0.8145 -0.5801
vn -0.0000 0.9675 -0.2527
vn -0.0000 1.0000 -0.0000
vt 0.321094 0.746018
vt 0.651748 0.746018
vt 0.651748 0.702743
vt 0.321094 0.702743
vt 0.838116 0.017932
vt 0.794843 0.017932
vt 0.794843 0.700952
vt 0.838116 0.700952
vt 0.790890 0.019359
vt 0.747617 0.019359
vt 0.747617 0.702379
vt 0.790890 0.702379
vt 0.100470 0.051157
vt 0.066000 0.016688
vt 0.066000 0.740257
vt 0.100470 0.740257
vt 0.658840 0.783050
vt 0.693304 0.748586
vt 0.280356 0.748586
vt 0.314820 0.783050
vt 0.842066 0.740137
vt 0.876536 0.740137
vt 0.876536 0.016567
vt 0.842066 0.051037
vt 0.135438 0.172420
vt 0.103034 0.140016
vt 0.103034 0.863674
vt 0.135438 0.863674
vt 0.660956 0.818012
vt 0.693355 0.785613
vt 0.280356 0.785613
vt 0.312755 0.818012
vt 0.879100 0.741324
vt 0.911504 0.741324
vt 0.911504 0.017666
vt 0.879100 0.050070
vt 0.286889 0.977028
vt 0.707319 0.977028
vt 0.709480 0.974866
vt 0.284728 0.974866
vt 0.009165 0.861420
vt 0.011309 0.861420
vt 0.011309 0.020534
vt 0.009165 0.018389
vt 0.149486 0.143084
vt 0.149486 0.983962
vt 0.151631 0.983962
vt 0.151631 0.140940
vt 0.292107 0.982245
vt 0.702101 0.982245
vt 0.016486 0.861420
vt 0.016486 0.025710
vt 0.144309 0.148261
vt 0.144309 0.983962
vt 0.293438 0.986108
vt 0.709355 0.986108
vt 0.710766 0.984697
vt 0.292027 0.984697
vt 0.996146 0.145942
vt 0.996146 0.980965
vt 0.997542 0.980965
vt 0.997542 0.144546
vt 0.002463 0.980829
vt 0.003859 0.980829
vt 0.003859 0.145804
vt 0.002463 0.144408
vt 0.296844 0.989515
vt 0.705948 0.989515
vt 0.992774 0.149313
vt 0.992774 0.980965
vt 0.007230 0.980829
vt 0.007230 0.149175
vt 0.297602 0.990272
vt 0.705191 0.990272
vt 0.292865 0.983004
vt 0.701343 0.983004
vt 0.017250 0.861420
vt 0.017239 0.026463
vt 0.992025 0.150062
vt 0.992015 0.980965
vt 0.007990 0.980829
vt 0.007979 0.149924
vt 0.143557 0.149013
vt 0.143546 0.983962
vt 0.998716 0.003925
vt 0.998727 0.755306
vt 0.999409 0.755306
vt 0.999409 0.004380
vt 0.711278 0.984185
vt 0.291515 0.984185
vt 0.001273 0.752790
vt 0.001284 0.001434
vt 0.000591 0.001888
vt 0.000591 0.752790
vt 0.139809 0.140940
vt 0.139820 0.894554
vt 0.140502 0.894554
vt 0.140502 0.141394
vt 0.709993 0.974353
vt 0.284215 0.974353
vt 0.142365 0.894567
vt 0.142376 0.140940
vt 0.141683 0.141394
vt 0.141683 0.894567
vt 0.320507 0.701357
vt 0.320947 0.702015
vt 0.651895 0.702015
vt 0.652335 0.701357
vt 0.652335 0.747404
vt 0.651895 0.746746
vt 0.320947 0.746746
vt 0.320507 0.747404
vt 0.793458 0.700952
vt 0.794107 0.700952
vt 0.794115 0.017785
vt 0.793457 0.017345
vt 0.839503 0.017345
vt 0.838844 0.017785
vt 0.838853 0.700952
vt 0.839502 0.700952
vt 0.746232 0.702379
vt 0.746881 0.702379
vt 0.746889 0.019213
vt 0.746230 0.018773
vt 0.792277 0.018773
vt 0.791618 0.019213
vt 0.791627 0.702379
vt 0.792275 0.702379
vt 0.101852 0.052540
vt 0.101215 0.051903
vt 0.101206 0.740257
vt 0.101854 0.740257
vt 0.657458 0.784432
vt 0.658095 0.783795
vt 0.315566 0.783795
vt 0.316202 0.784432
vt 0.840683 0.740137
vt 0.841331 0.740137
vt 0.841321 0.051782
vt 0.840684 0.052419
vt 0.136821 0.173803
vt 0.136184 0.173166
vt 0.136174 0.863674
vt 0.136822 0.863674
vt 0.659574 0.819394
vt 0.660211 0.818758
vt 0.313501 0.818758
vt 0.314138 0.819394
vt 0.877716 0.741324
vt 0.878364 0.741324
vt 0.878355 0.050816
vt 0.877718 0.051453
vt 0.105139 0.129340
vt 0.105139 0.139758
vt 0.447268 0.139758
vt 0.447268 0.129340
vt 0.449373 0.039976
vt 0.449373 0.029673
vt 0.103034 0.029673
vt 0.103034 0.039976
vt 0.103034 0.041759
vt 0.449373 0.041759
vt 0.447268 0.127537
vt 0.105139 0.127537
vt 0.103034 0.043670
vt 0.449373 0.043670
vt 0.103034 0.045453
vt 0.449373 0.045453
vt 0.447268 0.125604
vt 0.105139 0.125604
vt 0.447268 0.123801
vt 0.105139 0.123801
vt 0.103034 0.123801
vt 0.449373 0.123801
s 1
usemtl door_old_metal
f 2936/2354/816 2937/2355/816 2938/2356/816
f 2936/2354/816 2938/2356/816 2939/2357/816
f 2940/2358/817 2941/2359/817 2942/2360/817
f 2940/2358/817 2942/2360/817 2943/2361/817
f 2944/2362/818 2945/2363/818 2946/2364/818
f 2944/2362/818 2946/2364/818 2947/2365/818
f 2948/2366/819 2949/2367/819 2950/2368/819
f 2948/2366/819 2950/2368/819 2951/2369/819
f 2952/2370/819 2953/2371/819 2954/2372/819
f 2952/2370/819 2954/2372/819 2955/2373/819
f 2956/2374/819 2957/2375/819 2958/2376/819
f 2956/2374/819 2958/2376/819 2959/2377/819
f 2960/2378/820 2961/2379/820 2962/2380/820
f 2960/2378/820 2962/2380/820 2963/2381/820
f 2964/2382/820 2965/2383/820 2966/2384/820
f 2964/2382/820 2966/2384/820 2967/2385/820
f 2968/2386/820 2969/2387/820 2970/2388/820
f 2968/2386/820 2970/2388/820 2971/2389/820
f 2972/2390/821 2973/2391/822 2974/2392/822
f 2972/2390/821 2974/2392/822 2975/2393/821
f 2976/2394/823 2977/2395/823 2978/2396/823
f 2976/2394/823 2978/2396/823 2979/2397/823
f 2980/2398/824 2981/2399/824 2982/2400/824
f 2980/2398/824 2982/2400/824 2983/2401/824
f 2984/2390/825 2985/2402/825 2986/2403/825
f 2984/2390/825 2986/2403/825 2987/2391/825
f 2988/2395/826 2989/2404/826 2990/2405/826
f 2988/2395/826 2990/2405/826 2991/2396/826
f 2992/2398/827 2993/2406/827 2994/2407/827
f 2992/2398/827 2994/2407/827 2995/2399/827
f 2996/2408/828 2997/2409/828 2998/2410/828
f 2996/2408/828 2998/2410/828 2999/2411/828
f 3000/2412/829 3001/2413/829 3002/2414/829
f 3000/2412/829 3002/2414/829 3003/2415/829
f 3004/2416/830 3005/2417/830 3006/2418/830
f 3004/2416/830 3006/2418/830 3007/2419/830
f 3008/2408/831 3009/2420/831 3010/2421/831
f 3008/2408/831 3010/2421/831 3011/2409/831
f 3012/2412/832 3013/2422/832 3014/2423/832
f 3012/2412/832 3014/2423/832 3015/2413/832
f 3016/2417/833 3017/2424/833 3018/2425/833
f 3016/2417/833 3018/2425/833 3019/2418/833
f 3020/2426/834 3021/2427/835 3022/2421/835
f 3020/2426/834 3022/2421/835 3023/2420/834
f 3024/2428/836 3025/2429/837 3026/2403/837
f 3024/2428/836 3026/2403/837 3027/2402/836
f 3028/2430/838 3029/2431/839 3030/2405/840
f 3028/2430/838 3030/2405/840 3031/2404/841
f 3032/2432/842 3033/2433/843 3034/2423/844
f 3032/2432/842 3034/2423/844 3035/2422/845
f 3036/2434/846 3037/2435/847 3038/2425/846
f 3036/2434/846 3038/2425/846 3039/2424/848
f 3040/2436/849 3041/2437/850 3042/2407/849
f 3040/2436/849 3042/2407/849 3043/2406/851
f 3044/2438/852 3045/2439/853 3046/2440/854
f 3044/2438/852 3046/2440/854 3047/2441/855
f 3048/2442/856 3049/2443/857 3050/2411/858
f 3048/2442/856 3050/2411/858 3051/2410/858
f 3052/2444/859 3053/2445/860 3054/2446/859
f 3052/2444/859 3054/2446/859 3055/2447/861
f 3056/2448/862 3057/2449/863 3058/2450/864
f 3056/2448/862 3058/2450/864 3059/2451/865
f 3060/2452/866 3061/2453/867 3062/2393/867
f 3060/2452/866 3062/2393/867 3063/2392/866
f 3064/2454/868 3065/2455/869 3066/2456/870
f 3064/2454/868 3066/2456/870 3067/2457/871
f 3068/2458/872 3069/2459/873 3070/2460/874
f 3068/2458/872 3070/2460/874 3071/2461/872
f 3069/2459/873 3072/2357/875 3073/2356/876
f 3069/2459/873 3073/2356/876 3070/2460/874
f 3074/2462/877 3075/2463/878 3076/2464/879
f 3074/2462/877 3076/2464/879 3077/2465/880
f 3075/2463/878 3078/2355/881 3079/2354/882
f 3075/2463/878 3079/2354/882 3076/2464/879
f 3080/2466/883 3081/2467/884 3082/2468/885
f 3080/2466/883 3082/2468/885 3083/2469/883
f 3081/2467/884 3084/2360/886 3085/2359/887
f 3081/2467/884 3085/2359/887 3082/2468/885
f 3086/2470/888 3087/2471/889 3088/2472/890
f 3086/2470/888 3088/2472/890 3089/2473/888
f 3087/2471/889 3090/2358/891 3091/2361/892
f 3087/2471/889 3091/2361/892 3088/2472/890
f 3092/2474/893 3093/2475/894 3094/2476/895
f 3092/2474/893 3094/2476/895 3095/2477/893
f 3093/2475/894 3096/2364/896 3097/2363/897
f 3093/2475/894 3097/2363/897 3094/2476/895
f 3098/2478/898 3099/2479/899 3100/2480/900
f 3098/2478/898 3100/2480/900 3101/2481/898
f 3099/2479/899 3102/2362/901 3103/2365/902
f 3099/2479/899 3103/2365/902 3100/2480/900
f 3104/2482/903 3105/2483/904 3106/2484/905
f 3104/2482/903 3106/2484/905 3107/2485/903
f 3105/2483/904 3108/2366/906 3109/2369/907
f 3105/2483/904 3109/2369/907 3106/2484/905
f 3110/2486/908 3111/2487/909 3112/2488/910
f 3110/2486/908 3112/2488/910 3113/2489/908
f 3111/2487/909 3114/2370/911 3115/2373/911
f 3111/2487/909 3115/2373/911 3112/2488/910
f 3116/2490/842 3117/2491/912 3118/2492/913
f 3116/2490/842 3118/2492/913 3119/2493/842
f 3117/2491/912 3120/2374/914 3121/2377/915
f 3117/2491/912 3121/2377/915 3118/2492/913
f 3122/2494/840 3123/2495/916 3124/2496/917
f 3122/2494/840 3124/2496/917 3125/2497/840
f 3123/2495/916 3126/2378/918 3127/2381/919
f 3123/2495/916 3127/2381/919 3124/2496/917
f 3128/2498/920 3129/2499/921 3130/2500/922
f 3128/2498/920 3130/2500/922 3131/2501/920
f 3129/2499/921 3132/2382/923 3133/2385/923
f 3129/2499/921 3133/2385/923 3130/2500/922
f 3134/2502/924 3135/2503/925 3136/2504/926
f 3134/2502/924 3136/2504/926 3137/2505/924
f 3135/2503/925 3138/2386/927 3139/2389/928
f 3135/2503/925 3139/2389/928 3136/2504/926
f 3140/2506/819 3141/2507/819 3142/2508/819
f 3140/2506/819 3142/2508/819 3143/2509/819
f 3144/2510/820 3145/2511/820 3146/2512/820
f 3144/2510/820 3146/2512/820 3147/2513/820
f 3148/2514/929 3149/2515/930 3150/2510/931
f 3148/2514/929 3150/2510/931 3151/2513/931
f 3152/2516/819 3153/2517/819 3140/2506/819
f 3152/2516/819 3140/2506/819 3143/2509/819
f 3148/2514/929 3154/2518/932 3155/2519/933
f 3148/2514/929 3155/2519/933 3149/2515/930
f 3154/2518/932 3156/2520/934 3157/2521/934
f 3154/2518/932 3157/2521/934 3155/2519/933
f 3152/2516/819 3158/2522/819 3159/2523/819
f 3152/2516/819 3159/2523/819 3153/2517/819
f 3158/2522/819 3160/2524/819 3161/2525/819
f 3158/2522/819 3161/2525/819 3159/2523/819
f 3162/2526/935 3163/2521/935 3164/2520/935
f 3163/2521/935 3162/2526/935 3165/2527/935
o handel_2_door_old_metal_0_1
v 52.009949 136.368790 5.662724
v 51.586399 136.357712 5.662724
v 51.586399 136.357712 10.521942
v 52.009949 136.368790 10.521942
v 51.180149 136.237381 5.662724
v 51.180149 136.237381 10.521942
v 50.818886 136.016006 5.662724
v 50.818886 136.016006 10.521942
v 50.527229 135.708664 5.662724
v 50.527229 135.708664 10.521942
v 50.325054 135.336319 5.662724
v 50.325054 135.336319 10.521942
v 50.226135 134.924332 5.662724
v 50.226135 134.924332 10.521942
v 50.237221 134.500778 5.662724
v 50.237221 134.500778 10.521942
v 50.357552 134.094528 5.662724
v 50.357552 134.094528 10.521942
v 50.578930 133.733261 5.662724
v 50.578930 133.733261 10.521942
v 50.886265 133.441605 5.662724
v 50.886265 133.441605 10.521942
v 51.258610 133.239426 5.662724
v 51.258610 133.239426 10.521942
v 51.670601 133.140518 5.662724
v 51.670601 133.140518 10.521942
v 52.094151 133.151596 5.662724
v 52.094151 133.151596 10.521942
v 52.500401 133.271927 5.662724
v 52.500401 133.271927 10.521942
v 52.861664 133.493301 5.662724
v 52.861664 133.493301 10.521942
v 53.153320 133.800644 5.662724
v 53.153320 133.800644 10.521942
v 53.355495 134.172989 5.662724
v 53.355495 134.172989 10.521942
v 53.454411 134.584976 5.662724
v 53.454411 134.584976 10.521942
v 53.454411 134.584976 5.662724
v 53.443325 135.008530 5.662724
v 53.443325 135.008530 10.521942
v 53.454411 134.584976 10.521942
v 53.322994 135.414780 5.662724
v 53.322994 135.414780 10.521942
v 53.101620 135.776047 5.662724
v 53.101620 135.776047 10.521942
v 52.794285 136.067703 5.662724
v 52.794285 136.067703 10.521942
v 52.421936 136.269882 5.662724
v 52.421936 136.269882 10.521942
v 52.668236 136.594452 10.611229
v 37.076553 136.581818 10.611229
v 37.076553 136.581818 11.702804
v 52.668236 136.594452 11.702804
v 36.613506 136.444656 10.611229
v 36.613506 136.444656 11.702804
v 36.201740 136.192337 10.611229
v 36.201740 136.192337 11.702804
v 36.201740 136.192337 10.611229
v 35.869308 135.842041 10.611229
v 35.869308 135.842041 11.702804
v 36.201740 136.192337 11.702804
v 35.638870 135.417633 10.611229
v 35.638870 135.417633 11.702804
v 35.526123 134.948044 10.611229
v 35.526123 134.948044 11.702804
v 35.538761 134.465286 10.611229
v 35.538761 134.465286 11.702804
v 35.675915 134.002243 10.611229
v 35.675915 134.002243 11.702804
v 35.928238 133.590469 10.611229
v 35.928238 133.590469 11.702804
v 35.928238 133.590469 10.611229
v 36.278538 133.258041 10.611229
v 36.278538 133.258041 11.702804
v 35.928238 133.590469 11.702804
v 36.702942 133.027603 10.611229
v 36.702942 133.027603 11.702804
v 37.172527 132.914856 10.611229
v 37.172527 132.914856 11.702804
v 37.655289 132.927490 10.611229
v 37.655289 132.927490 11.702804
v 53.227253 133.064651 10.611229
v 53.227253 133.064651 11.702804
v 53.639023 133.316971 10.611229
v 53.639023 133.316971 11.702804
v 53.639023 133.316971 10.611229
v 53.971455 133.667267 10.611229
v 53.971455 133.667267 11.702804
v 53.639023 133.316971 11.702804
v 54.201893 134.091675 10.611229
v 54.201893 134.091675 11.702804
v 54.314636 134.561264 10.611229
v 54.314636 134.561264 11.702804
v 54.302002 135.044022 10.611229
v 54.302002 135.044022 11.702804
v 54.164848 135.507065 10.611229
v 54.164848 135.507065 11.702804
v 53.912525 135.918839 10.611229
v 53.912525 135.918839 11.702804
v 53.912525 135.918839 10.611229
v 53.562225 136.251266 10.611229
v 53.562225 136.251266 11.702804
v 53.912525 135.918839 11.702804
v 53.137821 136.481705 10.611229
v 53.137821 136.481705 11.702804
v 52.655445 136.486008 11.811239
v 37.092316 136.473389 11.811239
v 37.111584 136.340881 11.811239
v 52.639812 136.353455 11.811239
v 36.657993 136.344742 11.811239
v 36.712360 136.222626 11.811239
v 36.270569 136.107346 11.811239
v 36.354691 136.003448 11.811239
v 35.957790 135.777756 11.811239
v 36.065937 135.699173 11.811239
v 35.740974 135.378433 11.811239
v 35.865772 135.330536 11.811239
v 35.634895 134.936615 11.811239
v 35.767841 134.922638 11.811239
v 35.646786 134.482391 11.811239
v 35.778816 134.503296 11.811239
v 35.775829 134.046722 11.811239
v 35.897949 134.101089 11.811239
v 36.013237 133.659302 11.811239
v 36.117123 133.743423 11.811239
v 36.342827 133.346527 11.811239
v 36.421398 133.454666 11.811239
v 36.742138 133.129715 11.811239
v 36.790043 133.254501 11.811239
v 37.183960 133.023636 11.811239
v 37.197933 133.156570 11.811239
v 37.653393 133.035919 11.811239
v 37.651077 133.168427 11.811239
v 53.196236 133.172806 11.811239
v 53.158321 133.305023 11.811239
v 53.570194 133.401962 11.811239
v 53.486073 133.505859 11.811239
v 53.882973 133.731552 11.811239
v 53.774826 133.810135 11.811239
v 54.099789 134.130875 11.811239
v 53.974991 134.178772 11.811239
v 54.205864 134.572693 11.811239
v 54.072922 134.586670 11.811239
v 54.193977 135.026917 11.811239
v 54.061947 135.006012 11.811239
v 54.064934 135.462585 11.811239
v 53.942814 135.408218 11.811239
v 53.827526 135.850006 11.811239
v 53.723640 135.765884 11.811239
v 53.497936 136.162781 11.811239
v 53.419361 136.054642 11.811239
v 53.098625 136.379593 11.811239
v 53.050716 136.254807 11.811239
v 52.639812 136.353455 11.811239
v 37.111584 136.340881 11.811239
v 37.131641 136.202942 11.922913
v 52.623539 136.215485 11.922913
v 36.712360 136.222626 11.811239
v 36.768955 136.095505 11.922913
v 36.354691 136.003448 11.811239
v 36.442257 135.895309 11.922913
v 36.065937 135.699173 11.811239
v 36.178505 135.617386 11.922913
v 35.865772 135.330536 11.811239
v 35.995674 135.280670 11.922913
v 35.767841 134.922638 11.811239
v 35.906223 134.908096 11.922913
v 35.778816 134.503296 11.811239
v 35.916248 134.525070 11.922913
v 35.897949 134.101089 11.811239
v 36.025066 134.157684 11.922913
v 36.117123 133.743423 11.811239
v 36.225262 133.830994 11.922913
v 36.421398 133.454666 11.811239
v 36.503189 133.567245 11.922913
v 36.790043 133.254501 11.811239
v 36.839912 133.384415 11.922913
v 37.197933 133.156570 11.811239
v 37.212479 133.294952 11.922913
v 37.651077 133.168427 11.811239
v 37.648663 133.306366 11.922913
v 53.158321 133.305023 11.811239
v 53.118855 133.442627 11.922913
v 53.486073 133.505859 11.811239
v 53.398506 133.613998 11.922913
v 53.774826 133.810135 11.811239
v 53.662258 133.891922 11.922913
v 53.974991 134.178772 11.811239
v 53.845089 134.228638 11.922913
v 54.072922 134.586670 11.811239
v 53.934540 134.601212 11.922913
v 54.061947 135.006012 11.811239
v 53.924515 134.984238 11.922913
v 53.942814 135.408218 11.811239
v 53.815697 135.351624 11.922913
v 53.723640 135.765884 11.811239
v 53.615501 135.678314 11.922913
v 53.419361 136.054642 11.811239
v 53.337574 135.942062 11.922913
v 53.050716 136.254807 11.811239
v 53.000851 136.124893 11.922913
v 37.131641 136.202942 11.922913
v 37.141987 136.131790 11.968284
v 52.615143 136.144333 11.968279
v 52.623539 136.215485 11.922913
v 36.768955 136.095505 11.922913
v 36.798145 136.029953 11.968282
v 36.442257 135.895309 11.922913
v 36.487419 135.839539 11.968282
v 36.178505 135.617386 11.922913
v 36.236565 135.575195 11.968282
v 35.995674 135.280670 11.922913
v 36.062675 135.254944 11.968282
v 35.906223 134.908096 11.922913
v 35.977596 134.900589 11.968282
v 35.916248 134.525070 11.922913
v 35.987133 134.536301 11.968282
v 36.025066 134.157684 11.922913
v 36.090630 134.186874 11.968282
v 36.225262 133.830994 11.922913
v 36.281036 133.876160 11.968282
v 36.503189 133.567245 11.922913
v 36.545372 133.625305 11.968282
v 36.839912 133.384415 11.922913
v 36.865631 133.451401 11.968282
v 37.212479 133.294952 11.922913
v 37.219982 133.366333 11.968282
v 37.648663 133.306366 11.922913
v 37.647419 133.377502 11.968270
v 53.118855 133.442627 11.922913
v 53.098492 133.513641 11.968321
v 53.398506 133.613998 11.922913
v 53.353340 133.669769 11.968282
v 53.662258 133.891922 11.922913
v 53.604195 133.934113 11.968282
v 53.845089 134.228638 11.922913
v 53.778088 134.254364 11.968282
v 53.934540 134.601212 11.922913
v 53.863167 134.608719 11.968282
v 53.924515 134.984238 11.922913
v 53.853630 134.973007 11.968282
v 53.815697 135.351624 11.922913
v 53.750134 135.322433 11.968282
v 53.615501 135.678314 11.922913
v 53.559727 135.633148 11.968282
v 53.337574 135.942062 11.922913
v 53.295387 135.884003 11.968282
v 53.000851 136.124893 11.922913
v 52.975132 136.057907 11.968282
v 37.153694 136.051270 11.996796
v 52.605644 136.063782 11.996795
v 37.165886 135.967422 12.006299
v 52.595753 135.979919 12.006299
v 36.831184 135.955734 11.996795
v 36.865585 135.878464 12.006299
v 36.538544 135.776413 11.996795
v 36.591766 135.710678 12.006299
v 36.302288 135.527451 11.996795
v 36.370708 135.477737 12.006299
v 36.138515 135.225830 11.996795
v 36.217472 135.195526 12.006299
v 36.058388 134.892105 11.996795
v 36.142498 134.883255 12.006299
v 36.067368 134.548996 11.996795
v 36.150902 134.562225 12.006299
v 36.164841 134.219925 11.996795
v 36.242104 134.254318 12.006299
v 36.344170 133.927277 11.996795
v 36.409893 133.980499 12.006299
v 36.593124 133.691025 11.996795
v 36.642834 133.759445 12.006299
v 36.894745 133.527252 11.996795
v 36.925056 133.606201 12.006299
v 37.228477 133.447128 11.996795
v 37.237316 133.531235 12.006299
v 37.646011 133.458069 11.996792
v 37.644547 133.541885 12.006299
v 53.075474 133.593903 11.996805
v 53.051472 133.677582 12.006299
v 53.302219 133.732895 11.996795
v 53.248997 133.798630 12.006299
v 53.538475 133.981857 11.996795
v 53.470055 134.031570 12.006299
v 53.702248 134.283478 11.996795
v 53.623291 134.313782 12.006299
v 53.782375 134.617203 11.996795
v 53.698265 134.626053 12.006299
v 53.773396 134.960312 11.996795
v 53.689861 134.947083 12.006299
v 53.675919 135.289383 11.996795
v 53.598660 135.254990 12.006299
v 53.496593 135.582031 11.996795
v 53.430870 135.528809 12.006299
v 53.247639 135.818283 11.996795
v 53.197926 135.749863 12.006299
v 52.946018 135.982056 11.996795
v 52.915707 135.903107 12.006299
v 52.655445 136.486008 11.811239
v 52.661701 136.539032 11.797387
v 37.084606 136.526413 11.797387
v 37.092316 136.473389 11.811239
v 36.636238 136.393616 11.797387
v 36.657993 136.344742 11.811239
v 36.236908 136.148911 11.797387
v 36.270569 136.107346 11.811239
v 35.914520 135.809189 11.797387
v 35.957790 135.777756 11.811239
v 35.691040 135.397598 11.797387
v 35.740974 135.378433 11.811239
v 35.581703 134.942200 11.797387
v 35.634895 134.936615 11.811239
v 35.593956 134.474030 11.797387
v 35.646786 134.482391 11.811239
v 35.726967 134.024963 11.797387
v 35.775829 134.046722 11.811239
v 35.971668 133.625641 11.797387
v 36.013237 133.659302 11.811239
v 36.311386 133.303253 11.797387
v 36.342827 133.346527 11.811239
v 36.722969 133.079773 11.797387
v 36.742138 133.129715 11.811239
v 37.178368 132.970428 11.797387
v 37.183960 133.023636 11.811239
v 37.654320 132.982895 11.797387
v 37.653393 133.035919 11.811239
v 53.211403 133.119919 11.797387
v 53.196236 133.172806 11.811239
v 53.603855 133.360397 11.797387
v 53.570194 133.401962 11.811239
v 53.926243 133.700119 11.797387
v 53.882973 133.731552 11.811239
v 54.149723 134.111710 11.797387
v 54.099789 134.130875 11.811239
v 54.259060 134.567108 11.797387
v 54.205864 134.572693 11.811239
v 54.246807 135.035278 11.797387
v 54.193977 135.026917 11.811239
v 54.113796 135.484344 11.797387
v 54.064934 135.462585 11.811239
v 53.869095 135.883667 11.797387
v 53.827526 135.850006 11.811239
v 53.529377 136.206055 11.797387
v 53.497936 136.162781 11.811239
v 53.117794 136.429535 11.797387
v 53.098625 136.379593 11.811239
v 52.666603 136.580597 11.755833
v 37.078568 136.567963 11.755833
v 52.668236 136.594452 11.702804
v 37.076553 136.581818 11.702804
v 37.078568 136.567963 11.755833
v 52.666603 136.580597 11.755833
v 36.619190 136.431900 11.755833
v 36.613506 136.444656 11.702804
v 36.619190 136.431900 11.755833
v 36.210533 136.181473 11.755833
v 36.201740 136.192337 11.702804
v 36.210533 136.181473 11.755833
v 35.880611 135.833832 11.755833
v 36.201740 136.192337 11.702804
v 35.869308 135.842041 11.702804
v 35.880611 135.833832 11.755833
v 36.210533 136.181473 11.755833
v 35.651913 135.412628 11.755833
v 35.638870 135.417633 11.702804
v 35.651913 135.412628 11.755833
v 35.540020 134.946594 11.755833
v 35.526123 134.948044 11.702804
v 35.540020 134.946594 11.755833
v 35.552559 134.467468 11.755833
v 35.538761 134.465286 11.702804
v 35.552559 134.467468 11.755833
v 35.688679 134.007919 11.755833
v 35.675915 134.002243 11.702804
v 35.688679 134.007919 11.755833
v 35.939095 133.599258 11.755833
v 35.928238 133.590469 11.702804
v 35.939095 133.599258 11.755833
v 36.286751 133.269348 11.755833
v 35.928238 133.590469 11.702804
v 36.278538 133.258041 11.702804
v 36.286751 133.269348 11.755833
v 35.939095 133.599258 11.755833
v 36.707947 133.040649 11.755833
v 36.702942 133.027603 11.702804
v 36.707947 133.040649 11.755833
v 37.173985 132.928757 11.755833
v 37.172527 132.914856 11.702804
v 37.173985 132.928757 11.755833
v 37.655048 132.941345 11.755833
v 37.655289 132.927490 11.702804
v 37.655048 132.941345 11.755833
v 53.223293 133.078461 11.755833
v 53.227253 133.064651 11.702804
v 53.223293 133.078461 11.755833
v 53.630230 133.327835 11.755833
v 53.639023 133.316971 11.702804
v 53.630230 133.327835 11.755833
v 53.960152 133.675476 11.755833
v 53.639023 133.316971 11.702804
v 53.971455 133.667267 11.702804
v 53.960152 133.675476 11.755833
v 53.630230 133.327835 11.755833
v 54.188850 134.096680 11.755833
v 54.201893 134.091675 11.702804
v 54.188850 134.096680 11.755833
v 54.300743 134.562714 11.755833
v 54.314636 134.561264 11.702804
v 54.300743 134.562714 11.755833
v 54.288204 135.041840 11.755833
v 54.302002 135.044022 11.702804
v 54.288204 135.041840 11.755833
v 54.152084 135.501389 11.755833
v 54.164848 135.507065 11.702804
v 54.152084 135.501389 11.755833
v 53.901669 135.910049 11.755833
v 53.912525 135.918839 11.702804
v 53.901669 135.910049 11.755833
v 53.554012 136.239960 11.755833
v 53.912525 135.918839 11.702804
v 53.562225 136.251266 11.702804
v 53.554012 136.239960 11.755833
v 53.901669 135.910049 11.755833
v 53.132816 136.468658 11.755833
v 53.137821 136.481705 11.702804
v 53.132816 136.468658 11.755833
v 51.586399 136.357712 -10.521963
v 51.586399 136.357712 -5.662745
v 52.009949 136.368790 -5.662745
v 52.009949 136.368790 -10.521963
v 51.180149 136.237381 -10.521963
v 51.180149 136.237381 -5.662745
v 50.818886 136.016006 -10.521963
v 50.818886 136.016006 -5.662745
v 50.527229 135.708664 -10.521963
v 50.527229 135.708664 -5.662744
v 50.325054 135.336319 -10.521963
v 50.325054 135.336319 -5.662744
v 50.226135 134.924332 -10.521963
v 50.226135 134.924332 -5.662744
v 50.237221 134.500778 -10.521963
v 50.237221 134.500778 -5.662744
v 50.357552 134.094528 -10.521963
v 50.357552 134.094528 -5.662744
v 50.578930 133.733261 -10.521963
v 50.578930 133.733261 -5.662744
v 50.886265 133.441605 -10.521963
v 50.886265 133.441605 -5.662744
v 51.258610 133.239426 -10.521963
v 51.258610 133.239426 -5.662744
v 51.670601 133.140518 -10.521963
v 51.670601 133.140518 -5.662744
v 52.094151 133.151596 -10.521963
v 52.094151 133.151596 -5.662744
v 52.500401 133.271927 -10.521963
v 52.500401 133.271927 -5.662744
v 52.861664 133.493301 -10.521963
v 52.861664 133.493301 -5.662744
v 53.153320 133.800644 -10.521963
v 53.153320 133.800644 -5.662744
v 53.355495 134.172989 -10.521963
v 53.355495 134.172989 -5.662744
v 53.454411 134.584976 -10.521963
v 53.454411 134.584976 -5.662744
v 53.443325 135.008530 -10.521963
v 53.443325 135.008530 -5.662744
v 53.454411 134.584976 -5.662744
v 53.454411 134.584976 -10.521963
v 53.322994 135.414780 -10.521963
v 53.322994 135.414780 -5.662744
v 53.101620 135.776047 -10.521963
v 53.101620 135.776047 -5.662744
v 52.794285 136.067703 -10.521963
v 52.794285 136.067703 -5.662745
v 52.421936 136.269882 -10.521963
v 52.421936 136.269882 -5.662745
v 37.076553 136.581818 -11.702825
v 37.076553 136.581818 -10.611250
v 52.668236 136.594452 -10.611250
v 52.668236 136.594452 -11.702825
v 36.613506 136.444656 -11.702825
v 36.613506 136.444656 -10.611250
v 36.201740 136.192337 -11.702825
v 36.201740 136.192337 -10.611250
v 35.869308 135.842041 -11.702825
v 35.869308 135.842041 -10.611250
v 36.201740 136.192337 -10.611250
v 36.201740 136.192337 -11.702825
v 35.638870 135.417633 -11.702825
v 35.638870 135.417633 -10.611250
v 35.526123 134.948044 -11.702825
v 35.526123 134.948044 -10.611250
v 35.538761 134.465286 -11.702825
v 35.538761 134.465286 -10.611250
v 35.675915 134.002243 -11.702825
v 35.675915 134.002243 -10.611250
v 35.928238 133.590469 -11.702825
v 35.928238 133.590469 -10.611250
v 36.278538 133.258041 -11.702825
v 36.278538 133.258041 -10.611250
v 35.928238 133.590469 -10.611250
v 35.928238 133.590469 -11.702825
v 36.702942 133.027603 -11.702825
v 36.702942 133.027603 -10.611250
v 37.172527 132.914856 -11.702825
v 37.172527 132.914856 -10.611250
v 37.655289 132.927490 -11.702825
v 37.655289 132.927490 -10.611250
v 53.227253 133.064651 -11.702825
v 53.227253 133.064651 -10.611250
v 53.639023 133.316971 -11.702825
v 53.639023 133.316971 -10.611250
v 53.971455 133.667267 -11.702825
v 53.971455 133.667267 -10.611250
v 53.639023 133.316971 -10.611250
v 53.639023 133.316971 -11.702825
v 54.201893 134.091675 -11.702825
v 54.201893 134.091675 -10.611250
v 54.314636 134.561264 -11.702825
v 54.314636 134.561264 -10.611250
v 54.302002 135.044022 -11.702825
v 54.302002 135.044022 -10.611250
v 54.164848 135.507065 -11.702825
v 54.164848 135.507065 -10.611250
v 53.912525 135.918839 -11.702825
v 53.912525 135.918839 -10.611250
v 53.562225 136.251266 -11.702825
v 53.562225 136.251266 -10.611250
v 53.912525 135.918839 -10.611250
v 53.912525 135.918839 -11.702825
v 53.137821 136.481705 -11.702825
v 53.137821 136.481705 -10.611250
v 37.111584 136.340881 -11.811260
v 37.092316 136.473389 -11.811260
v 52.655445 136.486008 -11.811260
v 52.639812 136.353455 -11.811260
v 36.712360 136.222626 -11.811260
v 36.657993 136.344742 -11.811260
v 36.354691 136.003448 -11.811260
v 36.270569 136.107346 -11.811260
v 36.065937 135.699173 -11.811260
v 35.957790 135.777756 -11.811260
v 35.865772 135.330536 -11.811260
v 35.740974 135.378433 -11.811260
v 35.767841 134.922638 -11.811260
v 35.634895 134.936615 -11.811260
v 35.778816 134.503296 -11.811260
v 35.646786 134.482391 -11.811260
v 35.897949 134.101089 -11.811260
v 35.775829 134.046722 -11.811260
v 36.117123 133.743423 -11.811260
v 36.013237 133.659302 -11.811260
v 36.421398 133.454666 -11.811260
v 36.342827 133.346527 -11.811260
v 36.790043 133.254501 -11.811260
v 36.742138 133.129715 -11.811260
v 37.197933 133.156570 -11.811260
v 37.183960 133.023636 -11.811260
v 37.651077 133.168427 -11.811260
v 37.653393 133.035919 -11.811260
v 53.158321 133.305023 -11.811260
v 53.196236 133.172806 -11.811260
v 53.486073 133.505859 -11.811260
v 53.570194 133.401962 -11.811260
v 53.774826 133.810135 -11.811260
v 53.882973 133.731552 -11.811260
v 53.974991 134.178772 -11.811260
v 54.099789 134.130875 -11.811260
v 54.072922 134.586670 -11.811260
v 54.205864 134.572693 -11.811260
v 54.061947 135.006012 -11.811260
v 54.193977 135.026917 -11.811260
v 53.942814 135.408218 -11.811260
v 54.064934 135.462585 -11.811260
v 53.723640 135.765884 -11.811260
v 53.827526 135.850006 -11.811260
v 53.419361 136.054642 -11.811260
v 53.497936 136.162781 -11.811260
v 53.050716 136.254807 -11.811260
v 53.098625 136.379593 -11.811260
v 37.131641 136.202942 -11.922934
v 37.111584 136.340881 -11.811260
v 52.639812 136.353455 -11.811260
v 52.623539 136.215485 -11.922934
v 36.768955 136.095505 -11.922934
v 36.712360 136.222626 -11.811260
v 36.442257 135.895309 -11.922934
v 36.354691 136.003448 -11.811260
v 36.178505 135.617386 -11.922934
v 36.065937 135.699173 -11.811260
v 35.995674 135.280670 -11.922934
v 35.865772 135.330536 -11.811260
v 35.906223 134.908096 -11.922934
v 35.767841 134.922638 -11.811260
v 35.916248 134.525070 -11.922934
v 35.778816 134.503296 -11.811260
v 36.025066 134.157684 -11.922934
v 35.897949 134.101089 -11.811260
v 36.225262 133.830994 -11.922934
v 36.117123 133.743423 -11.811260
v 36.503189 133.567245 -11.922934
v 36.421398 133.454666 -11.811260
v 36.839912 133.384415 -11.922934
v 36.790043 133.254501 -11.811260
v 37.212479 133.294952 -11.922934
v 37.197933 133.156570 -11.811260
v 37.648663 133.306366 -11.922934
v 37.651077 133.168427 -11.811260
v 53.118855 133.442627 -11.922934
v 53.158321 133.305023 -11.811260
v 53.398506 133.613998 -11.922934
v 53.486073 133.505859 -11.811260
v 53.662258 133.891922 -11.922934
v 53.774826 133.810135 -11.811260
v 53.845089 134.228638 -11.922934
v 53.974991 134.178772 -11.811260
v 53.934540 134.601212 -11.922934
v 54.072922 134.586670 -11.811260
v 53.924515 134.984238 -11.922934
v 54.061947 135.006012 -11.811260
v 53.815697 135.351624 -11.922934
v 53.942814 135.408218 -11.811260
v 53.615501 135.678314 -11.922934
v 53.723640 135.765884 -11.811260
v 53.337574 135.942062 -11.922934
v 53.419361 136.054642 -11.811260
v 53.000851 136.124893 -11.922934
v 53.050716 136.254807 -11.811260
v 52.615143 136.144333 -11.968300
v 37.141987 136.131790 -11.968305
v 37.131641 136.202942 -11.922934
v 52.623539 136.215485 -11.922934
v 36.798145 136.029953 -11.968303
v 36.768955 136.095505 -11.922934
v 36.487419 135.839539 -11.968303
v 36.442257 135.895309 -11.922934
v 36.236565 135.575195 -11.968303
v 36.178505 135.617386 -11.922934
v 36.062675 135.254944 -11.968303
v 35.995674 135.280670 -11.922934
v 35.977596 134.900589 -11.968303
v 35.906223 134.908096 -11.922934
v 35.987133 134.536301 -11.968303
v 35.916248 134.525070 -11.922934
v 36.090630 134.186874 -11.968303
v 36.025066 134.157684 -11.922934
v 36.281036 133.876160 -11.968303
v 36.225262 133.830994 -11.922934
v 36.545372 133.625305 -11.968303
v 36.503189 133.567245 -11.922934
v 36.865631 133.451401 -11.968303
v 36.839912 133.384415 -11.922934
v 37.219982 133.366333 -11.968303
v 37.212479 133.294952 -11.922934
v 37.647419 133.377502 -11.968291
v 37.648663 133.306366 -11.922934
v 53.098492 133.513641 -11.968342
v 53.118855 133.442627 -11.922934
v 53.353340 133.669769 -11.968303
v 53.398506 133.613998 -11.922934
v 53.604195 133.934113 -11.968303
v 53.662258 133.891922 -11.922934
v 53.778088 134.254364 -11.968303
v 53.845089 134.228638 -11.922934
v 53.863167 134.608719 -11.968303
v 53.934540 134.601212 -11.922934
v 53.853630 134.973007 -11.968303
v 53.924515 134.984238 -11.922934
v 53.750134 135.322433 -11.968303
v 53.815697 135.351624 -11.922934
v 53.559727 135.633148 -11.968303
v 53.615501 135.678314 -11.922934
v 53.295387 135.884003 -11.968303
v 53.337574 135.942062 -11.922934
v 52.975132 136.057907 -11.968303
v 53.000851 136.124893 -11.922934
v 52.605644 136.063782 -11.996816
v 37.153694 136.051270 -11.996817
v 52.595753 135.979919 -12.006320
v 37.165886 135.967422 -12.006320
v 36.831184 135.955734 -11.996816
v 36.865585 135.878464 -12.006320
v 36.538544 135.776413 -11.996816
v 36.591766 135.710678 -12.006320
v 36.302288 135.527451 -11.996816
v 36.370708 135.477737 -12.006320
v 36.138515 135.225830 -11.996816
v 36.217472 135.195526 -12.006320
v 36.058388 134.892105 -11.996816
v 36.142498 134.883255 -12.006320
v 36.067368 134.548996 -11.996816
v 36.150902 134.562225 -12.006320
v 36.164841 134.219925 -11.996816
v 36.242104 134.254318 -12.006320
v 36.344170 133.927277 -11.996816
v 36.409893 133.980499 -12.006320
v 36.593124 133.691025 -11.996816
v 36.642834 133.759445 -12.006320
v 36.894745 133.527252 -11.996816
v 36.925056 133.606201 -12.006320
v 37.228477 133.447128 -11.996816
v 37.237316 133.531235 -12.006320
v 37.646011 133.458069 -11.996813
v 37.644547 133.541885 -12.006320
v 53.075474 133.593903 -11.996826
v 53.051472 133.677582 -12.006320
v 53.302219 133.732895 -11.996816
v 53.248997 133.798630 -12.006320
v 53.538475 133.981857 -11.996816
v 53.470055 134.031570 -12.006320
v 53.702248 134.283478 -11.996816
v 53.623291 134.313782 -12.006320
v 53.782375 134.617203 -11.996816
v 53.698265 134.626053 -12.006320
v 53.773396 134.960312 -11.996816
v 53.689861 134.947083 -12.006320
v 53.675919 135.289383 -11.996816
v 53.598660 135.254990 -12.006320
v 53.496593 135.582031 -11.996816
v 53.430870 135.528809 -12.006320
v 53.247639 135.818283 -11.996816
v 53.197926 135.749863 -12.006320
v 52.946018 135.982056 -11.996816
v 52.915707 135.903107 -12.006320
v 37.084606 136.526413 -11.797408
v 52.661701 136.539032 -11.797408
v 52.655445 136.486008 -11.811260
v 37.092316 136.473389 -11.811260
v 36.636238 136.393616 -11.797408
v 36.657993 136.344742 -11.811260
v 36.236908 136.148911 -11.797408
v 36.270569 136.107346 -11.811260
v 35.914520 135.809189 -11.797408
v 35.957790 135.777756 -11.811260
v 35.691040 135.397598 -11.797408
v 35.740974 135.378433 -11.811260
v 35.581703 134.942200 -11.797408
v 35.634895 134.936615 -11.811260
v 35.593956 134.474030 -11.797408
v 35.646786 134.482391 -11.811260
v 35.726967 134.024963 -11.797408
v 35.775829 134.046722 -11.811260
v 35.971668 133.625641 -11.797408
v 36.013237 133.659302 -11.811260
v 36.311386 133.303253 -11.797408
v 36.342827 133.346527 -11.811260
v 36.722969 133.079773 -11.797408
v 36.742138 133.129715 -11.811260
v 37.178368 132.970428 -11.797408
v 37.183960 133.023636 -11.811260
v 37.654320 132.982895 -11.797408
v 37.653393 133.035919 -11.811260
v 53.211403 133.119919 -11.797408
v 53.196236 133.172806 -11.811260
v 53.603855 133.360397 -11.797408
v 53.570194 133.401962 -11.811260
v 53.926243 133.700119 -11.797408
v 53.882973 133.731552 -11.811260
v 54.149723 134.111710 -11.797408
v 54.099789 134.130875 -11.811260
v 54.259060 134.567108 -11.797408
v 54.205864 134.572693 -11.811260
v 54.246807 135.035278 -11.797408
v 54.193977 135.026917 -11.811260
v 54.113796 135.484344 -11.797408
v 54.064934 135.462585 -11.811260
v 53.869095 135.883667 -11.797408
v 53.827526 135.850006 -11.811260
v 53.529377 136.206055 -11.797408
v 53.497936 136.162781 -11.811260
v 53.117794 136.429535 -11.797408
v 53.098625 136.379593 -11.811260
v 37.078568 136.567963 -11.755854
v 52.666603 136.580597 -11.755854
v 37.078568 136.567963 -11.755854
v 37.076553 136.581818 -11.702825
v 52.668236 136.594452 -11.702825
v 52.666603 136.580597 -11.755854
v 36.619190 136.431900 -11.755854
v 36.619190 136.431900 -11.755854
v 36.613506 136.444656 -11.702825
v 36.210533 136.181473 -11.755854
v 36.210533 136.181473 -11.755854
v 36.201740 136.192337 -11.702825
v 35.880611 135.833832 -11.755854
v 35.880611 135.833832 -11.755854
v 35.869308 135.842041 -11.702825
v 36.201740 136.192337 -11.702825
v 36.210533 136.181473 -11.755854
v 35.651913 135.412628 -11.755854
v 35.651913 135.412628 -11.755854
v 35.638870 135.417633 -11.702825
v 35.540020 134.946594 -11.755854
v 35.540020 134.946594 -11.755854
v 35.526123 134.948044 -11.702825
v 35.552559 134.467468 -11.755854
v 35.552559 134.467468 -11.755854
v 35.538761 134.465286 -11.702825
v 35.688679 134.007919 -11.755854
v 35.688679 134.007919 -11.755854
v 35.675915 134.002243 -11.702825
v 35.939095 133.599258 -11.755854
v 35.939095 133.599258 -11.755854
v 35.928238 133.590469 -11.702825
v 36.286751 133.269348 -11.755854
v 36.286751 133.269348 -11.755854
v 36.278538 133.258041 -11.702825
v 35.928238 133.590469 -11.702825
v 35.939095 133.599258 -11.755854
v 36.707947 133.040649 -11.755854
v 36.707947 133.040649 -11.755854
v 36.702942 133.027603 -11.702825
v 37.173985 132.928757 -11.755854
v 37.173985 132.928757 -11.755854
v 37.172527 132.914856 -11.702825
v 37.655048 132.941345 -11.755854
v 37.655048 132.941345 -11.755854
v 37.655289 132.927490 -11.702825
v 53.223293 133.078461 -11.755854
v 53.223293 133.078461 -11.755854
v 53.227253 133.064651 -11.702825
v 53.630230 133.327835 -11.755854
v 53.630230 133.327835 -11.755854
v 53.639023 133.316971 -11.702825
v 53.960152 133.675476 -11.755854
v 53.960152 133.675476 -11.755854
v 53.971455 133.667267 -11.702825
v 53.639023 133.316971 -11.702825
v 53.630230 133.327835 -11.755854
v 54.188850 134.096680 -11.755854
v 54.188850 134.096680 -11.755854
v 54.201893 134.091675 -11.702825
v 54.300743 134.562714 -11.755854
v 54.300743 134.562714 -11.755854
v 54.314636 134.561264 -11.702825
v 54.288204 135.041840 -11.755854
v 54.288204 135.041840 -11.755854
v 54.302002 135.044022 -11.702825
v 54.152084 135.501389 -11.755854
v 54.152084 135.501389 -11.755854
v 54.164848 135.507065 -11.702825
v 53.901669 135.910049 -11.755854
v 53.901669 135.910049 -11.755854
v 53.912525 135.918839 -11.702825
v 53.554012 136.239960 -11.755854
v 53.554012 136.239960 -11.755854
v 53.562225 136.251266 -11.702825
v 53.912525 135.918839 -11.702825
v 53.901669 135.910049 -11.755854
v 53.132816 136.468658 -11.755854
v 53.132816 136.468658 -11.755854
v 53.137821 136.481705 -11.702825
v 36.150902 134.562225 12.006299
v 36.217472 135.195526 12.006299
v 36.142498 134.883255 12.006299
v 36.242104 134.254318 12.006299
v 36.370708 135.477737 12.006299
v 36.409893 133.980499 12.006299
v 36.591766 135.710678 12.006299
v 36.642834 133.759445 12.006299
v 36.865585 135.878464 12.006299
v 36.925056 133.606201 12.006299
v 37.165886 135.967422 12.006299
v 37.237316 133.531235 12.006299
v 52.595753 135.979919 12.006299
v 37.644547 133.541885 12.006299
v 53.051472 133.677582 12.006299
v 52.915707 135.903107 12.006299
v 53.197926 135.749863 12.006299
v 53.248997 133.798630 12.006299
v 53.430870 135.528809 12.006299
v 53.470055 134.031570 12.006299
v 53.598660 135.254990 12.006299
v 53.623291 134.313782 12.006299
v 53.689861 134.947083 12.006299
v 53.698265 134.626053 12.006299
v 35.638870 135.417633 10.611229
v 35.538761 134.465286 10.611229
v 35.526123 134.948044 10.611229
v 35.675915 134.002243 10.611229
v 35.869308 135.842041 10.611229
v 35.928238 133.590469 10.611229
v 36.201740 136.192337 10.611229
v 36.278538 133.258041 10.611229
v 36.613506 136.444656 10.611229
v 36.702942 133.027603 10.611229
v 37.076553 136.581818 10.611229
v 37.172527 132.914856 10.611229
v 52.668236 136.594452 10.611229
v 37.655289 132.927490 10.611229
v 53.227253 133.064651 10.611229
v 53.137821 136.481705 10.611229
v 53.562225 136.251266 10.611229
v 53.639023 133.316971 10.611229
v 53.912525 135.918839 10.611229
v 53.971455 133.667267 10.611229
v 54.164848 135.507065 10.611229
v 54.201893 134.091675 10.611229
v 54.302002 135.044022 10.611229
v 54.314636 134.561264 10.611229
v 36.217472 135.195526 -12.006320
v 36.150902 134.562225 -12.006320
v 36.142498 134.883255 -12.006320
v 36.242104 134.254318 -12.006320
v 36.370708 135.477737 -12.006320
v 36.409893 133.980499 -12.006320
v 36.591766 135.710678 -12.006320
v 36.642834 133.759445 -12.006320
v 36.865585 135.878464 -12.006320
v 36.925056 133.606201 -12.006320
v 37.165886 135.967422 -12.006320
v 37.237316 133.531235 -12.006320
v 52.595753 135.979919 -12.006320
v 37.644547 133.541885 -12.006320
v 53.051472 133.677582 -12.006320
v 52.915707 135.903107 -12.006320
v 53.197926 135.749863 -12.006320
v 53.248997 133.798630 -12.006320
v 53.430870 135.528809 -12.006320
v 53.470055 134.031570 -12.006320
v 53.598660 135.254990 -12.006320
v 53.623291 134.313782 -12.006320
v 53.689861 134.947083 -12.006320
v 53.698265 134.626053 -12.006320
v 35.538761 134.465286 -10.611250
v 35.638870 135.417633 -10.611250
v 35.526123 134.948044 -10.611250
v 35.675915 134.002243 -10.611250
v 35.869308 135.842041 -10.611250
v 35.928238 133.590469 -10.611250
v 36.201740 136.192337 -10.611250
v 36.278538 133.258041 -10.611250
v 36.613506 136.444656 -10.611250
v 36.702942 133.027603 -10.611250
v 37.076553 136.581818 -10.611250
v 37.172527 132.914856 -10.611250
v 52.668236 136.594452 -10.611250
v 37.655289 132.927490 -10.611250
v 53.227253 133.064651 -10.611250
v 53.137821 136.481705 -10.611250
v 53.562225 136.251266 -10.611250
v 53.639023 133.316971 -10.611250
v 53.912525 135.918839 -10.611250
v 53.971455 133.667267 -10.611250
v 54.164848 135.507065 -10.611250
v 54.201893 134.091675 -10.611250
v 54.302002 135.044022 -10.611250
v 54.314636 134.561264 -10.611250
vn 0.0609 0.9981 -0.0000
vn -0.1996 0.9799 -0.0000
vn -0.1130 0.9936 -0.0000
vn 0.1480 0.9890 -0.0000
vn -0.4464 0.8948 -0.0000
vn -0.3663 0.9305 -0.0000
vn -0.6628 0.7488 -0.0000
vn -0.5946 0.8040 -0.0000
vn -0.8340 0.5518 -0.0000
vn -0.7825 0.6227 -0.0000
vn -0.9484 0.3171 -0.0000
vn -0.9170 0.3989 -0.0000
vn -0.9981 0.0608 -0.0000
vn -0.9890 0.1480 -0.0000
vn -0.9799 -0.1996 -0.0000
vn -0.9936 -0.1130 -0.0000
vn -0.8949 -0.4464 -0.0000
vn -0.9305 -0.3663 -0.0000
vn -0.7488 -0.6628 -0.0000
vn -0.8040 -0.5947 -0.0000
vn -0.5518 -0.8340 -0.0000
vn -0.6227 -0.7825 -0.0000
vn -0.3171 -0.9484 -0.0000
vn -0.3990 -0.9170 -0.0000
vn -0.0609 -0.9981 -0.0000
vn -0.1481 -0.9890 -0.0000
vn 0.1996 -0.9799 -0.0000
vn 0.1130 -0.9936 -0.0000
vn 0.4464 -0.8948 -0.0000
vn 0.3663 -0.9305 -0.0000
vn 0.6627 -0.7488 -0.0000
vn 0.5946 -0.8040 -0.0000
vn 0.8340 -0.5518 -0.0000
vn 0.7825 -0.6227 -0.0000
vn 0.9484 -0.3171 -0.0000
vn 0.9170 -0.3989 -0.0000
vn 0.9724 -0.2335 -0.0000
vn 0.9997 0.0261 -0.0000
vn 0.9799 0.1996 -0.0000
vn 0.9936 0.1130 -0.0000
vn 0.9997 0.0262 -0.0000
vn 0.8948 0.4464 -0.0000
vn 0.9305 0.3663 -0.0000
vn 0.7488 0.6628 -0.0000
vn 0.8040 0.5946 -0.0000
vn 0.5518 0.8340 -0.0000
vn 0.6227 0.7825 -0.0000
vn 0.3171 0.9484 -0.0000
vn 0.3990 0.9170 -0.0000
vn 0.0028 1.0000 -0.0000
vn -0.0174 0.9998 -0.0000
vn -0.0052 1.0000 -0.0000
vn 0.0129 0.9999 -0.0000
vn -0.5225 0.8526 -0.0000
vn -0.5225 0.8527 -0.0000
vn -0.7254 0.6884 -0.0000
vn -0.9981 0.0609 -0.0000
vn -0.8527 -0.5225 -0.0000
vn -0.8526 -0.5225 -0.0000
vn -0.6884 -0.7254 -0.0000
vn -0.1480 -0.9890 -0.0000
vn 0.0091 -1.0000 -0.0000
vn 0.0098 -1.0000 -0.0000
vn 0.0391 -0.9992 -0.0000
vn 0.0167 -0.9999 -0.0000
vn 0.5225 -0.8527 -0.0000
vn 0.7254 -0.6884 -0.0000
vn 0.9981 -0.0609 -0.0000
vn 0.9890 -0.1480 -0.0000
vn 0.8527 0.5225 -0.0000
vn 0.6884 0.7254 -0.0000
vn -0.0000 -0.0000 1.0000
vn 0.0015 0.6290 0.7774
vn -0.0092 0.6284 0.7778
vn -0.0027 0.6290 0.7774
vn 0.0069 0.6286 0.7777
vn -0.2783 0.5610 0.7796
vn -0.2282 0.5833 0.7796
vn -0.4138 0.4700 0.7796
vn -0.3711 0.5045 0.7796
vn -0.5214 0.3469 0.7796
vn -0.4890 0.3913 0.7796
vn -0.5934 0.2001 0.7796
vn -0.5737 0.2514 0.7796
vn -0.6250 0.0397 0.7796
vn -0.6192 0.0944 0.7796
vn -0.6140 -0.1234 0.7796
vn -0.6225 -0.0691 0.7796
vn -0.5611 -0.2781 0.7796
vn -0.5834 -0.2279 0.7796
vn -0.4700 -0.4138 0.7796
vn -0.5045 -0.3711 0.7796
vn -0.3469 -0.5214 0.7796
vn -0.3913 -0.4890 0.7796
vn -0.2002 -0.5934 0.7796
vn -0.2514 -0.5736 0.7796
vn -0.0360 -0.6253 0.7796
vn -0.0896 -0.6198 0.7797
vn 0.0057 -0.6292 0.7773
vn 0.0061 -0.6292 0.7772
vn 0.0198 -0.6266 0.7791
vn 0.0090 -0.6285 0.7777
vn 0.4163 -0.4680 0.7796
vn 0.3745 -0.5019 0.7797
vn 0.5214 -0.3469 0.7796
vn 0.4890 -0.3913 0.7796
vn 0.5934 -0.2001 0.7796
vn 0.5737 -0.2514 0.7796
vn 0.6250 -0.0397 0.7796
vn 0.6192 -0.0944 0.7796
vn 0.6140 0.1234 0.7796
vn 0.6225 0.0691 0.7796
vn 0.5611 0.2781 0.7796
vn 0.5834 0.2279 0.7796
vn 0.4700 0.4138 0.7796
vn 0.5046 0.3711 0.7796
vn 0.3469 0.5214 0.7796
vn 0.3913 0.4890 0.7796
vn 0.1998 0.5935 0.7796
vn 0.2510 0.5738 0.7796
vn -0.0023 0.5374 0.8433
vn -0.0059 0.4374 0.8993
vn 0.0009 0.4378 0.8991
vn 0.0055 0.5371 0.8435
vn -0.1970 0.4971 0.8450
vn -0.1956 0.3909 0.8994
vn -0.3186 0.4294 0.8450
vn -0.2897 0.3272 0.8994
vn -0.4189 0.3324 0.8450
vn -0.3646 0.2410 0.8994
vn -0.4906 0.2126 0.8450
vn -0.4145 0.1385 0.8994
vn -0.5289 0.0784 0.8450
vn -0.4362 0.0265 0.8994
vn -0.5312 -0.0612 0.8450
vn -0.4282 -0.0873 0.8994
vn -0.4973 -0.1966 0.8450
vn -0.3911 -0.1952 0.8994
vn -0.4294 -0.3186 0.8450
vn -0.3272 -0.2898 0.8994
vn -0.3323 -0.4189 0.8450
vn -0.2410 -0.3646 0.8994
vn -0.2126 -0.4906 0.8450
vn -0.1385 -0.4145 0.8994
vn -0.0742 -0.5294 0.8451
vn -0.0225 -0.4355 0.8999
vn 0.0052 -0.5376 0.8432
vn 0.0040 -0.4380 0.8990
vn 0.0077 -0.5371 0.8435
vn 0.0124 -0.4362 0.8998
vn 0.3231 -0.4259 0.8451
vn 0.2936 -0.3242 0.8993
vn 0.4189 -0.3324 0.8450
vn 0.3646 -0.2410 0.8994
vn 0.4906 -0.2126 0.8450
vn 0.4145 -0.1385 0.8994
vn 0.5289 -0.0784 0.8450
vn 0.4362 -0.0265 0.8994
vn 0.5312 0.0612 0.8450
vn 0.4282 0.0873 0.8994
vn 0.4973 0.1966 0.8450
vn 0.3910 0.1952 0.8994
vn 0.4294 0.3186 0.8450
vn 0.3272 0.2898 0.8994
vn 0.3323 0.4189 0.8450
vn 0.2410 0.3646 0.8994
vn 0.2122 0.4908 0.8451
vn 0.1381 0.4146 0.8995
vn -0.0013 0.2605 0.9655
vn 0.0013 0.1896 0.9819
vn -0.0004 0.1126 0.9936
vn 0.0010 0.1125 0.9937
vn -0.0869 0.2082 0.9742
vn -0.0409 0.1040 0.9937
vn -0.1378 0.1790 0.9742
vn -0.0663 0.0900 0.9937
vn -0.1795 0.1372 0.9742
vn -0.0874 0.0697 0.9937
vn -0.2088 0.0861 0.9742
vn -0.1024 0.0448 0.9937
vn -0.2240 0.0291 0.9742
vn -0.1105 0.0168 0.9937
vn -0.2239 -0.0299 0.9742
vn -0.1111 -0.0124 0.9937
vn -0.2085 -0.0868 0.9742
vn -0.1041 -0.0407 0.9937
vn -0.1790 -0.1378 0.9742
vn -0.0900 -0.0663 0.9937
vn -0.1372 -0.1794 0.9742
vn -0.0698 -0.0873 0.9937
vn -0.0861 -0.2088 0.9742
vn -0.0448 -0.1024 0.9937
vn -0.0256 -0.2200 0.9752
vn -0.0152 -0.1107 0.9937
vn 0.0018 -0.1900 0.9818
vn 0.0012 -0.1127 0.9936
vn 0.0039 -0.2605 0.9655
vn 0.0014 -0.1124 0.9937
vn 0.1382 -0.1740 0.9750
vn 0.0678 -0.0887 0.9937
vn 0.1795 -0.1372 0.9742
vn 0.0873 -0.0698 0.9937
vn 0.2088 -0.0861 0.9742
vn 0.1024 -0.0448 0.9937
vn 0.2240 -0.0291 0.9742
vn 0.1105 -0.0167 0.9937
vn 0.2239 0.0299 0.9742
vn 0.1111 0.0124 0.9937
vn 0.2085 0.0868 0.9741
vn 0.1041 0.0407 0.9937
vn 0.1790 0.1378 0.9742
vn 0.0900 0.0663 0.9937
vn 0.1372 0.1795 0.9742
vn 0.0698 0.0873 0.9937
vn 0.0856 0.2085 0.9743
vn 0.0447 0.1025 0.9937
vn 0.0007 0.2526 0.9676
vn 0.0064 0.5050 0.8631
vn -0.0025 0.5053 0.8629
vn -0.0042 0.2522 0.9677
vn -0.1848 0.4697 0.8633
vn -0.1122 0.2244 0.9680
vn -0.3000 0.4058 0.8633
vn -0.1665 0.1878 0.9680
vn -0.3948 0.3144 0.8633
vn -0.2094 0.1383 0.9680
vn -0.4627 0.2015 0.8633
vn -0.2380 0.0794 0.9680
vn -0.4991 0.0748 0.8633
vn -0.2505 0.0150 0.9680
vn -0.5014 -0.0569 0.8633
vn -0.2458 -0.0503 0.9680
vn -0.4696 -0.1847 0.8633
vn -0.2245 -0.1122 0.9680
vn -0.4058 -0.2999 0.8633
vn -0.1878 -0.1665 0.9680
vn -0.3143 -0.3948 0.8633
vn -0.1383 -0.2094 0.9680
vn -0.2015 -0.4627 0.8633
vn -0.0794 -0.2380 0.9680
vn -0.0744 -0.4991 0.8633
vn -0.0147 -0.2505 0.9680
vn 0.0050 -0.5055 0.8628
vn 0.0023 -0.2527 0.9675
vn 0.0082 -0.5031 0.8642
vn 0.0094 -0.2508 0.9680
vn 0.3010 -0.4065 0.8626
vn 0.1669 -0.1874 0.9680
vn 0.3948 -0.3144 0.8633
vn 0.2094 -0.1383 0.9680
vn 0.4627 -0.2015 0.8633
vn 0.2381 -0.0793 0.9680
vn 0.4991 -0.0748 0.8633
vn 0.2505 -0.0151 0.9680
vn 0.5014 0.0569 0.8633
vn 0.2458 0.0503 0.9680
vn 0.4696 0.1847 0.8633
vn 0.2245 0.1122 0.9680
vn 0.4058 0.3000 0.8633
vn 0.1878 0.1665 0.9680
vn 0.3144 0.3948 0.8633
vn 0.1383 0.2094 0.9680
vn 0.2014 0.4627 0.8633
vn 0.0793 0.2381 0.9680
vn 0.0020 0.7070 0.7073
vn -0.0121 0.7062 0.7079
vn 0.0027 0.9675 0.2528
vn -0.0168 0.9673 0.2533
vn -0.0050 0.9675 0.2529
vn 0.0124 0.9674 0.2531
vn -0.3140 0.6305 0.7098
vn -0.4315 0.8655 0.2545
vn -0.3540 0.8999 0.2545
vn -0.4665 0.5278 0.7098
vn -0.5055 0.8249 0.2528
vn -0.5872 0.3891 0.7098
vn -0.7019 0.6660 0.2526
vn -0.8064 0.5338 0.2545
vn -0.7566 0.6023 0.2545
vn -0.7018 0.6660 0.2526
vn -0.6679 0.2238 0.7098
vn -0.9171 0.3069 0.2545
vn -0.8867 0.3860 0.2545
vn -0.7031 0.0433 0.7098
vn -0.9653 0.0591 0.2545
vn -0.9564 0.1434 0.2545
vn -0.6903 -0.1401 0.7098
vn -0.9477 -0.1928 0.2545
vn -0.9609 -0.1091 0.2545
vn -0.6305 -0.3140 0.7098
vn -0.8655 -0.4315 0.2545
vn -0.8999 -0.3540 0.2545
vn -0.5278 -0.4665 0.7098
vn -0.8249 -0.5055 0.2528
vn -0.8250 -0.5055 0.2528
vn -0.3890 -0.5872 0.7098
vn -0.6660 -0.7018 0.2527
vn -0.5338 -0.8064 0.2545
vn -0.6023 -0.7566 0.2545
vn -0.2238 -0.6679 0.7098
vn -0.3069 -0.9171 0.2545
vn -0.3860 -0.8867 0.2545
vn -0.0429 -0.7031 0.7098
vn -0.0590 -0.9653 0.2545
vn -0.1432 -0.9564 0.2545
vn 0.0064 -0.7071 0.7071
vn 0.0088 -0.9675 0.2527
vn 0.0095 -0.9675 0.2528
vn 0.0270 -0.7039 0.7098
vn 0.0377 -0.9663 0.2546
vn 0.0161 -0.9673 0.2532
vn 0.4666 -0.5277 0.7098
vn 0.5055 -0.8250 0.2528
vn 0.5872 -0.3891 0.7098
vn 0.7018 -0.6660 0.2529
vn 0.8064 -0.5338 0.2545
vn 0.7566 -0.6023 0.2545
vn 0.7018 -0.6660 0.2530
vn 0.6679 -0.2238 0.7098
vn 0.9171 -0.3069 0.2545
vn 0.8867 -0.3860 0.2545
vn 0.7031 -0.0433 0.7098
vn 0.9653 -0.0590 0.2545
vn 0.9564 -0.1434 0.2545
vn 0.6903 0.1401 0.7098
vn 0.9477 0.1928 0.2545
vn 0.9609 0.1091 0.2545
vn 0.6305 0.3140 0.7098
vn 0.8655 0.4315 0.2545
vn 0.8999 0.3541 0.2545
vn 0.5278 0.4665 0.7098
vn 0.8250 0.5055 0.2527
vn 0.3890 0.5872 0.7098
vn 0.6660 0.7018 0.2527
vn 0.5338 0.8064 0.2545
vn 0.6023 0.7566 0.2545
vn 0.2238 0.6679 0.7098
vn 0.3069 0.9171 0.2545
vn 0.3860 0.8867 0.2545
vn -0.0052 1.0000 0.0001
vn -0.0000 -0.0000 -1.0000
vn -0.0027 0.6290 -0.7774
vn -0.0092 0.6284 -0.7778
vn 0.0015 0.6290 -0.7774
vn 0.0069 0.6286 -0.7777
vn -0.2282 0.5833 -0.7796
vn -0.2783 0.5610 -0.7796
vn -0.3711 0.5046 -0.7796
vn -0.4138 0.4700 -0.7796
vn -0.4890 0.3913 -0.7796
vn -0.5214 0.3469 -0.7796
vn -0.5737 0.2514 -0.7796
vn -0.5934 0.2001 -0.7796
vn -0.6192 0.0944 -0.7796
vn -0.6250 0.0397 -0.7796
vn -0.6225 -0.0691 -0.7796
vn -0.6140 -0.1234 -0.7796
vn -0.5834 -0.2279 -0.7796
vn -0.5611 -0.2781 -0.7796
vn -0.5045 -0.3711 -0.7796
vn -0.4700 -0.4138 -0.7796
vn -0.3913 -0.4890 -0.7796
vn -0.3469 -0.5214 -0.7796
vn -0.2514 -0.5736 -0.7796
vn -0.2002 -0.5934 -0.7796
vn -0.0896 -0.6198 -0.7797
vn -0.0360 -0.6253 -0.7796
vn 0.0061 -0.6291 -0.7773
vn 0.0057 -0.6292 -0.7772
vn 0.0090 -0.6286 -0.7777
vn 0.0198 -0.6266 -0.7791
vn 0.3745 -0.5019 -0.7797
vn 0.4163 -0.4680 -0.7796
vn 0.4890 -0.3913 -0.7796
vn 0.5214 -0.3469 -0.7796
vn 0.5737 -0.2514 -0.7796
vn 0.5934 -0.2001 -0.7796
vn 0.6192 -0.0944 -0.7796
vn 0.6250 -0.0398 -0.7796
vn 0.6225 0.0691 -0.7796
vn 0.6140 0.1234 -0.7796
vn 0.5834 0.2279 -0.7796
vn 0.5611 0.2781 -0.7796
vn 0.5046 0.3711 -0.7796
vn 0.4700 0.4138 -0.7796
vn 0.3913 0.4890 -0.7796
vn 0.3469 0.5214 -0.7796
vn 0.2510 0.5738 -0.7796
vn 0.1998 0.5935 -0.7796
vn 0.0009 0.4378 -0.8991
vn -0.0059 0.4374 -0.8993
vn -0.0023 0.5374 -0.8433
vn 0.0055 0.5371 -0.8435
vn -0.1956 0.3909 -0.8994
vn -0.1970 0.4971 -0.8451
vn -0.2897 0.3272 -0.8994
vn -0.3186 0.4294 -0.8450
vn -0.3646 0.2411 -0.8994
vn -0.4189 0.3324 -0.8450
vn -0.4145 0.1385 -0.8994
vn -0.4906 0.2126 -0.8450
vn -0.4362 0.0265 -0.8994
vn -0.5289 0.0784 -0.8450
vn -0.4282 -0.0873 -0.8994
vn -0.5312 -0.0612 -0.8450
vn -0.3911 -0.1952 -0.8994
vn -0.4972 -0.1966 -0.8450
vn -0.3272 -0.2898 -0.8994
vn -0.4294 -0.3186 -0.8450
vn -0.2411 -0.3646 -0.8994
vn -0.3323 -0.4189 -0.8450
vn -0.1385 -0.4145 -0.8994
vn -0.2126 -0.4906 -0.8450
vn -0.0225 -0.4355 -0.8999
vn -0.0742 -0.5294 -0.8451
vn 0.0040 -0.4380 -0.8990
vn 0.0052 -0.5376 -0.8432
vn 0.0124 -0.4362 -0.8998
vn 0.0077 -0.5371 -0.8435
vn 0.2936 -0.3241 -0.8993
vn 0.3231 -0.4259 -0.8451
vn 0.3646 -0.2410 -0.8994
vn 0.4189 -0.3324 -0.8450
vn 0.4145 -0.1385 -0.8994
vn 0.4906 -0.2126 -0.8450
vn 0.4362 -0.0265 -0.8994
vn 0.5289 -0.0784 -0.8450
vn 0.4282 0.0873 -0.8994
vn 0.5312 0.0612 -0.8450
vn 0.3911 0.1952 -0.8994
vn 0.4973 0.1966 -0.8450
vn 0.3272 0.2897 -0.8994
vn 0.4294 0.3186 -0.8450
vn 0.2411 0.3646 -0.8994
vn 0.3323 0.4189 -0.8450
vn 0.1381 0.4146 -0.8995
vn 0.2122 0.4908 -0.8451
vn 0.0012 0.1896 -0.9819
vn -0.0013 0.2605 -0.9655
vn 0.0010 0.1125 -0.9937
vn -0.0004 0.1126 -0.9936
vn -0.0869 0.2082 -0.9742
vn -0.0409 0.1040 -0.9937
vn -0.1378 0.1790 -0.9742
vn -0.0663 0.0900 -0.9937
vn -0.1795 0.1372 -0.9742
vn -0.0874 0.0697 -0.9937
vn -0.2088 0.0861 -0.9742
vn -0.1024 0.0448 -0.9937
vn -0.2240 0.0291 -0.9742
vn -0.1105 0.0168 -0.9937
vn -0.2239 -0.0299 -0.9742
vn -0.1111 -0.0124 -0.9937
vn -0.2085 -0.0868 -0.9742
vn -0.1041 -0.0408 -0.9937
vn -0.1790 -0.1378 -0.9742
vn -0.0900 -0.0663 -0.9937
vn -0.1372 -0.1794 -0.9742
vn -0.0698 -0.0873 -0.9937
vn -0.0861 -0.2088 -0.9742
vn -0.0448 -0.1024 -0.9937
vn -0.0256 -0.2200 -0.9752
vn -0.0152 -0.1107 -0.9937
vn 0.0018 -0.1900 -0.9818
vn 0.0012 -0.1127 -0.9936
vn 0.0039 -0.2605 -0.9655
vn 0.0014 -0.1124 -0.9937
vn 0.1381 -0.1739 -0.9750
vn 0.0678 -0.0887 -0.9937
vn 0.1795 -0.1372 -0.9742
vn 0.0873 -0.0698 -0.9937
vn 0.2088 -0.0861 -0.9742
vn 0.1024 -0.0448 -0.9937
vn 0.2240 -0.0291 -0.9742
vn 0.1105 -0.0168 -0.9937
vn 0.2239 0.0299 -0.9742
vn 0.1111 0.0124 -0.9937
vn 0.2085 0.0868 -0.9742
vn 0.1041 0.0408 -0.9937
vn 0.1790 0.1378 -0.9742
vn 0.0900 0.0663 -0.9937
vn 0.1372 0.1795 -0.9742
vn 0.0698 0.0873 -0.9937
vn 0.0856 0.2085 -0.9743
vn 0.0447 0.1025 -0.9937
vn -0.0025 0.5053 -0.8629
vn 0.0064 0.5050 -0.8631
vn 0.0007 0.2526 -0.9676
vn -0.0042 0.2522 -0.9677
vn -0.1848 0.4697 -0.8633
vn -0.1122 0.2244 -0.9680
vn -0.3000 0.4058 -0.8633
vn -0.1665 0.1878 -0.9680
vn -0.3948 0.3143 -0.8633
vn -0.2094 0.1383 -0.9680
vn -0.4627 0.2015 -0.8633
vn -0.2380 0.0794 -0.9680
vn -0.4991 0.0748 -0.8633
vn -0.2505 0.0151 -0.9680
vn -0.5014 -0.0569 -0.8633
vn -0.2458 -0.0503 -0.9680
vn -0.4696 -0.1847 -0.8633
vn -0.2245 -0.1122 -0.9680
vn -0.4058 -0.3000 -0.8633
vn -0.1878 -0.1665 -0.9680
vn -0.3143 -0.3948 -0.8633
vn -0.1383 -0.2094 -0.9680
vn -0.2015 -0.4627 -0.8633
vn -0.0794 -0.2380 -0.9680
vn -0.0744 -0.4991 -0.8633
vn -0.0147 -0.2505 -0.9680
vn 0.0050 -0.5055 -0.8628
vn 0.0024 -0.2527 -0.9675
vn 0.0082 -0.5036 -0.8639
vn 0.0093 -0.2508 -0.9680
vn 0.3010 -0.4065 -0.8626
vn 0.1669 -0.1874 -0.9680
vn 0.3948 -0.3143 -0.8633
vn 0.2094 -0.1383 -0.9680
vn 0.4627 -0.2015 -0.8633
vn 0.2380 -0.0794 -0.9680
vn 0.4991 -0.0748 -0.8633
vn 0.2505 -0.0151 -0.9680
vn 0.5014 0.0569 -0.8633
vn 0.2458 0.0503 -0.9680
vn 0.4696 0.1847 -0.8633
vn 0.2245 0.1122 -0.9680
vn 0.4058 0.3000 -0.8633
vn 0.1878 0.1665 -0.9680
vn 0.3144 0.3948 -0.8633
vn 0.1383 0.2094 -0.9680
vn 0.2014 0.4627 -0.8633
vn 0.0793 0.2381 -0.9680
vn -0.0121 0.7062 -0.7079
vn 0.0019 0.7070 -0.7073
vn -0.0050 0.9675 -0.2529
vn -0.0168 0.9673 -0.2533
vn 0.0027 0.9675 -0.2528
vn 0.0124 0.9674 -0.2531
vn -0.3140 0.6305 -0.7098
vn -0.3540 0.8999 -0.2545
vn -0.4315 0.8655 -0.2545
vn -0.4665 0.5278 -0.7098
vn -0.5055 0.8250 -0.2528
vn -0.5872 0.3891 -0.7098
vn -0.7566 0.6023 -0.2545
vn -0.8064 0.5338 -0.2545
vn -0.7018 0.6660 -0.2529
vn -0.6679 0.2238 -0.7098
vn -0.8867 0.3860 -0.2545
vn -0.9171 0.3069 -0.2545
vn -0.7031 0.0433 -0.7098
vn -0.9564 0.1434 -0.2545
vn -0.9653 0.0591 -0.2545
vn -0.6903 -0.1401 -0.7098
vn -0.9609 -0.1091 -0.2545
vn -0.9477 -0.1928 -0.2545
vn -0.6305 -0.3140 -0.7098
vn -0.8999 -0.3540 -0.2545
vn -0.8655 -0.4315 -0.2545
vn -0.5278 -0.4665 -0.7098
vn -0.8250 -0.5055 -0.2528
vn -0.3890 -0.5872 -0.7098
vn -0.6023 -0.7566 -0.2545
vn -0.5338 -0.8064 -0.2545
vn -0.6660 -0.7018 -0.2527
vn -0.2238 -0.6679 -0.7098
vn -0.3860 -0.8867 -0.2545
vn -0.3069 -0.9171 -0.2545
vn -0.0429 -0.7031 -0.7098
vn -0.1431 -0.9564 -0.2545
vn -0.0589 -0.9653 -0.2545
vn 0.0064 -0.7071 -0.7071
vn 0.0095 -0.9675 -0.2527
vn 0.0088 -0.9675 -0.2527
vn 0.0270 -0.7039 -0.7098
vn 0.0161 -0.9673 -0.2532
vn 0.0377 -0.9663 -0.2546
vn 0.4666 -0.5277 -0.7098
vn 0.5055 -0.8250 -0.2528
vn 0.5872 -0.3891 -0.7098
vn 0.7566 -0.6023 -0.2545
vn 0.8064 -0.5338 -0.2545
vn 0.7018 -0.6660 -0.2529
vn 0.6679 -0.2238 -0.7098
vn 0.8867 -0.3860 -0.2545
vn 0.9171 -0.3069 -0.2545
vn 0.7031 -0.0433 -0.7098
vn 0.9564 -0.1434 -0.2545
vn 0.9653 -0.0590 -0.2545
vn 0.6903 0.1401 -0.7098
vn 0.9609 0.1091 -0.2545
vn 0.9477 0.1928 -0.2545
vn 0.6305 0.3140 -0.7098
vn 0.8999 0.3540 -0.2545
vn 0.8655 0.4315 -0.2545
vn 0.5278 0.4665 -0.7098
vn 0.8250 0.5055 -0.2528
vn 0.3891 0.5872 -0.7098
vn 0.6023 0.7566 -0.2545
vn 0.5338 0.8064 -0.2545
vn 0.6660 0.7018 -0.2528
vn 0.2238 0.6679 -0.7098
vn 0.3860 0.8867 -0.2545
vn 0.3069 0.9171 -0.2545
vt 0.674013 0.732748
vt 0.672875 0.732748
vt 0.672875 0.720261
vt 0.674013 0.720261
vt 0.671736 0.732748
vt 0.671736 0.720261
vt 0.670597 0.732748
vt 0.670597 0.720261
vt 0.669458 0.732748
vt 0.669458 0.720261
vt 0.668320 0.732748
vt 0.668320 0.720261
vt 0.667181 0.732748
vt 0.667181 0.720261
vt 0.666042 0.732748
vt 0.666042 0.720261
vt 0.664903 0.732748
vt 0.664903 0.720261
vt 0.663765 0.732748
vt 0.663765 0.720261
vt 0.662626 0.732748
vt 0.662626 0.720261
vt 0.661487 0.732748
vt 0.661487 0.720261
vt 0.660348 0.732748
vt 0.660348 0.720261
vt 0.659210 0.732748
vt 0.659210 0.720261
vt 0.658071 0.732748
vt 0.658071 0.720261
vt 0.656932 0.732748
vt 0.656932 0.720261
vt 0.655793 0.732748
vt 0.655793 0.720261
vt 0.654655 0.732748
vt 0.654655 0.720261
vt 0.653516 0.732748
vt 0.653516 0.720261
vt 0.680846 0.732748
vt 0.679707 0.732748
vt 0.679707 0.720261
vt 0.680846 0.720261
vt 0.678568 0.732748
vt 0.678568 0.720261
vt 0.677429 0.732748
vt 0.677429 0.720261
vt 0.676291 0.732748
vt 0.676291 0.720261
vt 0.675152 0.732748
vt 0.675152 0.720261
vt 0.712618 0.775131
vt 0.674090 0.775131
vt 0.674090 0.772434
vt 0.712618 0.772434
vt 0.672945 0.775131
vt 0.672945 0.772434
vt 0.671928 0.775131
vt 0.671928 0.772434
vt 0.560195 0.043271
vt 0.560195 0.044177
vt 0.557372 0.044177
vt 0.557372 0.043271
vt 0.560195 0.045274
vt 0.557372 0.045274
vt 0.560195 0.046489
vt 0.557372 0.046489
vt 0.560195 0.047737
vt 0.557372 0.047737
vt 0.560195 0.048935
vt 0.557372 0.048935
vt 0.560195 0.050000
vt 0.557372 0.050000
vt 0.740095 0.761593
vt 0.740961 0.761593
vt 0.740961 0.764289
vt 0.740095 0.764289
vt 0.742009 0.761593
vt 0.742009 0.764289
vt 0.743169 0.761593
vt 0.743169 0.764289
vt 0.744361 0.761593
vt 0.744361 0.764289
vt 0.782820 0.761593
vt 0.782820 0.764289
vt 0.783837 0.761593
vt 0.783837 0.764289
vt 0.167500 0.735309
vt 0.167500 0.734403
vt 0.170323 0.734403
vt 0.170323 0.735309
vt 0.167500 0.733306
vt 0.170323 0.733306
vt 0.167500 0.732091
vt 0.170323 0.732091
vt 0.167500 0.730843
vt 0.170323 0.730843
vt 0.167500 0.729645
vt 0.170323 0.729645
vt 0.167500 0.728580
vt 0.170323 0.728580
vt 0.715693 0.775131
vt 0.714827 0.775131
vt 0.714827 0.772434
vt 0.715693 0.772434
vt 0.713779 0.775131
vt 0.713779 0.772434
vt 0.356866 0.690808
vt 0.395883 0.690839
vt 0.395835 0.691172
vt 0.356905 0.691140
vt 0.396972 0.691162
vt 0.396836 0.691468
vt 0.397943 0.691757
vt 0.397732 0.692017
vt 0.398727 0.692583
vt 0.398456 0.692780
vt 0.399271 0.693584
vt 0.398958 0.693704
vt 0.399537 0.694692
vt 0.399203 0.694727
vt 0.399507 0.695831
vt 0.399176 0.695778
vt 0.399183 0.696923
vt 0.398877 0.696787
vt 0.398588 0.697894
vt 0.398328 0.697683
vt 0.397762 0.698678
vt 0.397565 0.698407
vt 0.396761 0.699222
vt 0.396641 0.698909
vt 0.395653 0.699488
vt 0.395618 0.699155
vt 0.394476 0.699457
vt 0.394482 0.699125
vt 0.355510 0.699114
vt 0.355606 0.698782
vt 0.354573 0.698539
vt 0.354784 0.698279
vt 0.353789 0.697713
vt 0.354060 0.697516
vt 0.353245 0.696712
vt 0.353558 0.696592
vt 0.352979 0.695604
vt 0.353313 0.695569
vt 0.353009 0.694466
vt 0.353340 0.694518
vt 0.353333 0.693373
vt 0.353639 0.693510
vt 0.353928 0.692402
vt 0.354188 0.692613
vt 0.354754 0.691618
vt 0.354951 0.691889
vt 0.355755 0.691074
vt 0.355875 0.691387
vt 0.395784 0.691517
vt 0.356946 0.691486
vt 0.396694 0.691787
vt 0.397513 0.692289
vt 0.398174 0.692985
vt 0.398632 0.693829
vt 0.398857 0.694764
vt 0.398831 0.695724
vt 0.398559 0.696645
vt 0.398057 0.697464
vt 0.397360 0.698125
vt 0.396516 0.698583
vt 0.395582 0.698808
vt 0.394488 0.698779
vt 0.355704 0.698437
vt 0.355003 0.698008
vt 0.354342 0.697311
vt 0.353884 0.696467
vt 0.353660 0.695533
vt 0.353685 0.694573
vt 0.353957 0.693652
vt 0.354459 0.692833
vt 0.355156 0.692171
vt 0.356000 0.691713
vt 0.395759 0.691696
vt 0.356967 0.691664
vt 0.396621 0.691951
vt 0.397399 0.692428
vt 0.398028 0.693091
vt 0.398464 0.693894
vt 0.398678 0.694782
vt 0.398654 0.695696
vt 0.398394 0.696572
vt 0.397917 0.697351
vt 0.397254 0.697979
vt 0.396451 0.698415
vt 0.395563 0.698629
vt 0.394491 0.698601
vt 0.355756 0.698259
vt 0.355117 0.697868
vt 0.354488 0.697205
vt 0.354052 0.696402
vt 0.353838 0.695514
vt 0.353862 0.694601
vt 0.354122 0.693725
vt 0.354599 0.692946
vt 0.355262 0.692317
vt 0.356065 0.691881
vt 0.395729 0.691898
vt 0.356991 0.691866
vt 0.395699 0.692108
vt 0.357016 0.692076
vt 0.396538 0.692137
vt 0.396451 0.692331
vt 0.397271 0.692587
vt 0.397138 0.692751
vt 0.397864 0.693211
vt 0.397692 0.693335
vt 0.398274 0.693967
vt 0.398076 0.694043
vt 0.398475 0.694804
vt 0.398264 0.694826
vt 0.398453 0.695664
vt 0.398243 0.695631
vt 0.398208 0.696489
vt 0.398015 0.696403
vt 0.397759 0.697222
vt 0.397594 0.697089
vt 0.397134 0.697815
vt 0.397010 0.697643
vt 0.396378 0.698225
vt 0.396302 0.698027
vt 0.395542 0.698426
vt 0.395519 0.698215
vt 0.394495 0.698399
vt 0.394499 0.698189
vt 0.355813 0.698058
vt 0.355873 0.697848
vt 0.355245 0.697710
vt 0.355378 0.697545
vt 0.354652 0.697086
vt 0.354824 0.696961
vt 0.354242 0.696329
vt 0.354440 0.696253
vt 0.354041 0.695493
vt 0.354252 0.695471
vt 0.354064 0.694633
vt 0.354273 0.694666
vt 0.354308 0.693808
vt 0.354502 0.693894
vt 0.354757 0.693074
vt 0.354922 0.693207
vt 0.355382 0.692482
vt 0.355506 0.692653
vt 0.356138 0.692071
vt 0.356214 0.692269
vt 0.356851 0.690675
vt 0.395902 0.690706
vt 0.397026 0.691039
vt 0.398028 0.691653
vt 0.398836 0.692504
vt 0.399396 0.693536
vt 0.399670 0.694678
vt 0.399639 0.695852
vt 0.399306 0.696977
vt 0.398692 0.697979
vt 0.397841 0.698787
vt 0.396809 0.699347
vt 0.395667 0.699621
vt 0.394474 0.699590
vt 0.355472 0.699247
vt 0.354489 0.698644
vt 0.353680 0.697792
vt 0.353120 0.696760
vt 0.352846 0.695618
vt 0.352877 0.694445
vt 0.353210 0.693319
vt 0.353824 0.692318
vt 0.354675 0.691509
vt 0.355707 0.690949
vt 0.356838 0.690571
vt 0.395918 0.690602
vt 0.674095 0.772303
vt 0.712614 0.772303
vt 0.397069 0.690943
vt 0.672959 0.772303
vt 0.398094 0.691571
vt 0.671950 0.772303
vt 0.398921 0.692443
vt 0.557235 0.044198
vt 0.557235 0.043299
vt 0.399494 0.693499
vt 0.557235 0.045287
vt 0.399775 0.694667
vt 0.557235 0.046492
vt 0.399743 0.695868
vt 0.557235 0.047732
vt 0.399402 0.697020
vt 0.557235 0.048920
vt 0.398774 0.698045
vt 0.557235 0.049977
vt 0.397903 0.698872
vt 0.740981 0.764420
vt 0.740122 0.764420
vt 0.396847 0.699445
vt 0.742021 0.764420
vt 0.395678 0.699726
vt 0.743172 0.764420
vt 0.394472 0.699694
vt 0.744360 0.764420
vt 0.355443 0.699350
vt 0.782811 0.764420
vt 0.354422 0.698725
vt 0.783816 0.764420
vt 0.353595 0.697854
vt 0.170460 0.734382
vt 0.170460 0.735281
vt 0.353022 0.696798
vt 0.170460 0.733293
vt 0.352741 0.695629
vt 0.170460 0.732087
vt 0.352773 0.694428
vt 0.170460 0.730848
vt 0.353114 0.693276
vt 0.170460 0.729660
vt 0.353742 0.692252
vt 0.170460 0.728603
vt 0.354614 0.691424
vt 0.714807 0.772303
vt 0.715666 0.772303
vt 0.355669 0.690851
vt 0.713766 0.772303
vt 0.672875 0.701421
vt 0.672875 0.713909
vt 0.674013 0.713909
vt 0.674013 0.701421
vt 0.671736 0.701421
vt 0.671736 0.713909
vt 0.670597 0.701421
vt 0.670597 0.713909
vt 0.669458 0.701421
vt 0.669458 0.713909
vt 0.668320 0.701421
vt 0.668320 0.713909
vt 0.667181 0.701421
vt 0.667181 0.713909
vt 0.666042 0.701421
vt 0.666042 0.713909
vt 0.664903 0.701421
vt 0.664903 0.713909
vt 0.663765 0.701421
vt 0.663765 0.713909
vt 0.662626 0.701421
vt 0.662626 0.713909
vt 0.661487 0.701421
vt 0.661487 0.713909
vt 0.660348 0.701421
vt 0.660348 0.713909
vt 0.659210 0.701421
vt 0.659210 0.713909
vt 0.658071 0.701421
vt 0.658071 0.713909
vt 0.656932 0.701421
vt 0.656932 0.713909
vt 0.655793 0.701421
vt 0.655793 0.713909
vt 0.654655 0.701421
vt 0.654655 0.713909
vt 0.653516 0.701421
vt 0.653516 0.713909
vt 0.679707 0.701421
vt 0.679707 0.713909
vt 0.680846 0.713909
vt 0.680846 0.701421
vt 0.678568 0.701421
vt 0.678568 0.713909
vt 0.677429 0.701421
vt 0.677429 0.713909
vt 0.676291 0.701421
vt 0.676291 0.713909
vt 0.675152 0.701421
vt 0.675152 0.713909
vt 0.719036 0.772434
vt 0.719036 0.775131
vt 0.757565 0.775131
vt 0.757565 0.772434
vt 0.717892 0.772434
vt 0.717892 0.775131
vt 0.716874 0.772434
vt 0.716874 0.775131
vt 0.273950 0.825899
vt 0.276773 0.825899
vt 0.276773 0.824993
vt 0.273950 0.824993
vt 0.273950 0.826996
vt 0.276773 0.826996
vt 0.273950 0.828211
vt 0.276773 0.828211
vt 0.273950 0.829459
vt 0.276773 0.829459
vt 0.273950 0.830657
vt 0.276773 0.830657
vt 0.273950 0.831722
vt 0.276773 0.831722
vt 0.740961 0.768297
vt 0.740961 0.765601
vt 0.740095 0.765601
vt 0.740095 0.768297
vt 0.742009 0.768297
vt 0.742009 0.765601
vt 0.743169 0.768297
vt 0.743169 0.765601
vt 0.744361 0.768297
vt 0.744361 0.765601
vt 0.782820 0.768297
vt 0.782820 0.765601
vt 0.783837 0.768297
vt 0.783837 0.765601
vt 0.578025 0.049094
vt 0.575202 0.049094
vt 0.575202 0.050000
vt 0.578025 0.050000
vt 0.578025 0.047996
vt 0.575202 0.047996
vt 0.578025 0.046782
vt 0.575202 0.046782
vt 0.578025 0.045533
vt 0.575202 0.045533
vt 0.578025 0.044336
vt 0.575202 0.044336
vt 0.578025 0.043271
vt 0.575202 0.043271
vt 0.759774 0.772434
vt 0.759774 0.775131
vt 0.760639 0.775131
vt 0.760639 0.772434
vt 0.758725 0.772434
vt 0.758725 0.775131
vt 0.444049 0.691172
vt 0.444097 0.690839
vt 0.405081 0.690808
vt 0.405120 0.691140
vt 0.445050 0.691468
vt 0.445186 0.691162
vt 0.445947 0.692017
vt 0.446158 0.691757
vt 0.446671 0.692780
vt 0.446942 0.692583
vt 0.447172 0.693704
vt 0.447485 0.693584
vt 0.447418 0.694727
vt 0.447751 0.694692
vt 0.447390 0.695778
vt 0.447721 0.695831
vt 0.447092 0.696787
vt 0.447398 0.696923
vt 0.446542 0.697683
vt 0.446803 0.697894
vt 0.445779 0.698407
vt 0.445976 0.698678
vt 0.444855 0.698909
vt 0.444975 0.699222
vt 0.443833 0.699155
vt 0.443868 0.699488
vt 0.442697 0.699125
vt 0.442691 0.699457
vt 0.403820 0.698782
vt 0.403725 0.699114
vt 0.402998 0.698279
vt 0.402787 0.698539
vt 0.402274 0.697516
vt 0.402003 0.697713
vt 0.401772 0.696592
vt 0.401460 0.696712
vt 0.401527 0.695569
vt 0.401194 0.695604
vt 0.401554 0.694518
vt 0.401224 0.694466
vt 0.401853 0.693510
vt 0.401547 0.693373
vt 0.402403 0.692613
vt 0.402142 0.692402
vt 0.403165 0.691889
vt 0.402968 0.691618
vt 0.404090 0.691387
vt 0.403970 0.691074
vt 0.443999 0.691517
vt 0.405161 0.691486
vt 0.444908 0.691787
vt 0.445727 0.692289
vt 0.446388 0.692985
vt 0.446847 0.693829
vt 0.447071 0.694764
vt 0.447046 0.695724
vt 0.446773 0.696645
vt 0.446271 0.697464
vt 0.445574 0.698125
vt 0.444730 0.698583
vt 0.443796 0.698808
vt 0.442703 0.698779
vt 0.403919 0.698437
vt 0.403218 0.698008
vt 0.402557 0.697311
vt 0.402098 0.696467
vt 0.401874 0.695533
vt 0.401899 0.694573
vt 0.402172 0.693652
vt 0.402674 0.692833
vt 0.403370 0.692171
vt 0.404215 0.691713
vt 0.405182 0.691664
vt 0.443973 0.691696
vt 0.444835 0.691951
vt 0.445614 0.692428
vt 0.446243 0.693091
vt 0.446679 0.693894
vt 0.446892 0.694782
vt 0.446868 0.695696
vt 0.446609 0.696572
vt 0.446131 0.697351
vt 0.445469 0.697979
vt 0.444666 0.698415
vt 0.443777 0.698629
vt 0.442706 0.698601
vt 0.403970 0.698259
vt 0.403331 0.697868
vt 0.402702 0.697205
vt 0.402266 0.696402
vt 0.402053 0.695514
vt 0.402077 0.694601
vt 0.402336 0.693725
vt 0.402814 0.692946
vt 0.403476 0.692317
vt 0.404279 0.691881
vt 0.405205 0.691866
vt 0.443944 0.691898
vt 0.405230 0.692076
vt 0.443913 0.692108
vt 0.444752 0.692137
vt 0.444666 0.692331
vt 0.445486 0.692587
vt 0.445352 0.692751
vt 0.446078 0.693211
vt 0.445906 0.693335
vt 0.446489 0.693967
vt 0.446291 0.694043
vt 0.446689 0.694804
vt 0.446479 0.694826
vt 0.446667 0.695664
vt 0.446458 0.695631
vt 0.446423 0.696489
vt 0.446229 0.696403
vt 0.445973 0.697222
vt 0.445808 0.697089
vt 0.445349 0.697815
vt 0.445224 0.697643
vt 0.444593 0.698225
vt 0.444517 0.698027
vt 0.443756 0.698426
vt 0.443734 0.698215
vt 0.442709 0.698399
vt 0.442713 0.698189
vt 0.404028 0.698058
vt 0.404088 0.697848
vt 0.403459 0.697710
vt 0.403593 0.697545
vt 0.402867 0.697086
vt 0.403038 0.696961
vt 0.402456 0.696329
vt 0.402654 0.696253
vt 0.402255 0.695493
vt 0.402466 0.695471
vt 0.402278 0.694633
vt 0.402487 0.694666
vt 0.402522 0.693808
vt 0.402716 0.693894
vt 0.402972 0.693074
vt 0.403137 0.693207
vt 0.403596 0.692482
vt 0.403721 0.692653
vt 0.404352 0.692071
vt 0.404428 0.692269
vt 0.444117 0.690706
vt 0.405065 0.690675
vt 0.445241 0.691039
vt 0.446242 0.691653
vt 0.447050 0.692504
vt 0.447610 0.693536
vt 0.447885 0.694678
vt 0.447854 0.695852
vt 0.447520 0.696977
vt 0.446907 0.697979
vt 0.446055 0.698787
vt 0.445023 0.699347
vt 0.443882 0.699621
vt 0.442688 0.699590
vt 0.403687 0.699247
vt 0.402703 0.698644
vt 0.401895 0.697792
vt 0.401334 0.696760
vt 0.401060 0.695618
vt 0.401091 0.694445
vt 0.401425 0.693319
vt 0.402038 0.692318
vt 0.402890 0.691509
vt 0.403921 0.690949
vt 0.444132 0.690602
vt 0.405053 0.690571
vt 0.719041 0.772303
vt 0.757560 0.772303
vt 0.445284 0.690943
vt 0.717906 0.772303
vt 0.446308 0.691571
vt 0.716896 0.772303
vt 0.447135 0.692443
vt 0.273813 0.825920
vt 0.273813 0.825021
vt 0.447708 0.693499
vt 0.273813 0.827009
vt 0.447989 0.694667
vt 0.273813 0.828215
vt 0.447958 0.695868
vt 0.273813 0.829454
vt 0.447616 0.697020
vt 0.273813 0.830642
vt 0.446989 0.698045
vt 0.273813 0.831699
vt 0.446117 0.698872
vt 0.740981 0.768428
vt 0.740122 0.768428
vt 0.445061 0.699445
vt 0.742021 0.768428
vt 0.443893 0.699726
vt 0.743172 0.768428
vt 0.442687 0.699694
vt 0.744360 0.768428
vt 0.403657 0.699350
vt 0.782811 0.768428
vt 0.402637 0.698725
vt 0.783816 0.768428
vt 0.401810 0.697854
vt 0.578162 0.049073
vt 0.578162 0.049972
vt 0.401236 0.696798
vt 0.578162 0.047983
vt 0.400956 0.695629
vt 0.578162 0.046778
vt 0.400987 0.694428
vt 0.578162 0.045539
vt 0.401329 0.693276
vt 0.578162 0.044350
vt 0.401956 0.692252
vt 0.578162 0.043293
vt 0.402828 0.691424
vt 0.759753 0.772303
vt 0.760612 0.772303
vt 0.403884 0.690851
vt 0.758713 0.772303
vt 0.740372 0.706442
vt 0.740126 0.708774
vt 0.740095 0.707592
vt 0.740462 0.709908
vt 0.740936 0.705403
vt 0.741080 0.710917
vt 0.741750 0.704545
vt 0.741938 0.711731
vt 0.742758 0.703927
vt 0.742977 0.712295
vt 0.743892 0.703591
vt 0.744127 0.712571
vt 0.782074 0.703560
vt 0.745309 0.712540
vt 0.783443 0.712204
vt 0.783224 0.703836
vt 0.784263 0.704401
vt 0.784451 0.711586
vt 0.785121 0.705215
vt 0.785265 0.710729
vt 0.785739 0.706223
vt 0.785829 0.709689
vt 0.786075 0.707357
vt 0.786106 0.708539
vt 0.740126 0.718936
vt 0.740372 0.716604
vt 0.740095 0.717754
vt 0.740462 0.720070
vt 0.740936 0.715565
vt 0.741080 0.721079
vt 0.741750 0.714707
vt 0.741938 0.721893
vt 0.742758 0.714089
vt 0.742977 0.722457
vt 0.743892 0.713753
vt 0.744127 0.722733
vt 0.782074 0.713722
vt 0.745309 0.722702
vt 0.783443 0.722366
vt 0.783224 0.713999
vt 0.784263 0.714563
vt 0.784451 0.721748
vt 0.785121 0.715377
vt 0.785265 0.720891
vt 0.785739 0.716385
vt 0.785829 0.719851
vt 0.786075 0.717519
vt 0.786106 0.718701
s 1
usemtl door_old_metal
f 3166/2528/936 3167/2529/937 3168/2530/938
f 3166/2528/936 3168/2530/938 3169/2531/939
f 3167/2529/937 3170/2532/940 3171/2533/941
f 3167/2529/937 3171/2533/941 3168/2530/938
f 3170/2532/940 3172/2534/942 3173/2535/943
f 3170/2532/940 3173/2535/943 3171/2533/941
f 3172/2534/942 3174/2536/944 3175/2537/945
f 3172/2534/942 3175/2537/945 3173/2535/943
f 3174/2536/944 3176/2538/946 3177/2539/947
f 3174/2536/944 3177/2539/947 3175/2537/945
f 3176/2538/946 3178/2540/948 3179/2541/949
f 3176/2538/946 3179/2541/949 3177/2539/947
f 3178/2540/948 3180/2542/950 3181/2543/951
f 3178/2540/948 3181/2543/951 3179/2541/949
f 3180/2542/950 3182/2544/952 3183/2545/953
f 3180/2542/950 3183/2545/953 3181/2543/951
f 3182/2544/952 3184/2546/954 3185/2547/955
f 3182/2544/952 3185/2547/955 3183/2545/953
f 3184/2546/954 3186/2548/956 3187/2549/957
f 3184/2546/954 3187/2549/957 3185/2547/955
f 3186/2548/956 3188/2550/958 3189/2551/959
f 3186/2548/956 3189/2551/959 3187/2549/957
f 3188/2550/958 3190/2552/960 3191/2553/961
f 3188/2550/958 3191/2553/961 3189/2551/959
f 3190/2552/960 3192/2554/962 3193/2555/963
f 3190/2552/960 3193/2555/963 3191/2553/961
f 3192/2554/962 3194/2556/964 3195/2557/965
f 3192/2554/962 3195/2557/965 3193/2555/963
f 3194/2556/964 3196/2558/966 3197/2559/967
f 3194/2556/964 3197/2559/967 3195/2557/965
f 3196/2558/966 3198/2560/968 3199/2561/969
f 3196/2558/966 3199/2561/969 3197/2559/967
f 3198/2560/968 3200/2562/970 3201/2563/971
f 3198/2560/968 3201/2563/971 3199/2561/969
f 3200/2562/970 3202/2564/972 3203/2565/972
f 3200/2562/970 3203/2565/972 3201/2563/971
f 3204/2566/973 3205/2567/974 3206/2568/975
f 3204/2566/973 3206/2568/975 3207/2569/976
f 3205/2567/974 3208/2570/977 3209/2571/978
f 3205/2567/974 3209/2571/978 3206/2568/975
f 3208/2570/977 3210/2572/979 3211/2573/980
f 3208/2570/977 3211/2573/980 3209/2571/978
f 3210/2572/979 3212/2574/981 3213/2575/982
f 3210/2572/979 3213/2575/982 3211/2573/980
f 3212/2574/981 3214/2576/983 3215/2577/984
f 3212/2574/981 3215/2577/984 3213/2575/982
f 3214/2576/983 3166/2528/936 3169/2531/939
f 3214/2576/983 3169/2531/939 3215/2577/984
f 3216/2578/985 3217/2579/986 3218/2580/987
f 3216/2578/985 3218/2580/987 3219/2581/988
f 3217/2579/986 3220/2582/940 3221/2583/941
f 3217/2579/986 3221/2583/941 3218/2580/987
f 3220/2582/940 3222/2584/989 3223/2585/990
f 3220/2582/940 3223/2585/990 3221/2583/941
f 3224/2586/991 3225/2587/944 3226/2588/945
f 3224/2586/991 3226/2588/945 3227/2589/991
f 3225/2587/944 3228/2590/946 3229/2591/947
f 3225/2587/944 3229/2591/947 3226/2588/945
f 3228/2590/946 3230/2592/992 3231/2593/949
f 3228/2590/946 3231/2593/949 3229/2591/947
f 3230/2592/992 3232/2594/950 3233/2595/951
f 3230/2592/992 3233/2595/951 3231/2593/949
f 3232/2594/950 3234/2596/952 3235/2597/953
f 3232/2594/950 3235/2597/953 3233/2595/951
f 3234/2596/952 3236/2598/993 3237/2599/994
f 3234/2596/952 3237/2599/994 3235/2597/953
f 3238/2600/995 3239/2601/956 3240/2602/957
f 3238/2600/995 3240/2602/957 3241/2603/995
f 3239/2601/956 3242/2604/958 3243/2605/959
f 3239/2601/956 3243/2605/959 3240/2602/957
f 3242/2604/958 3244/2606/960 3245/2607/996
f 3242/2604/958 3245/2607/996 3243/2605/959
f 3244/2606/960 3246/2608/997 3247/2609/998
f 3244/2606/960 3247/2609/998 3245/2607/996
f 3246/2608/997 3248/2610/999 3249/2611/1000
f 3246/2608/997 3249/2611/1000 3247/2609/998
f 3248/2610/999 3250/2612/1001 3251/2613/1001
f 3248/2610/999 3251/2613/1001 3249/2611/1000
f 3252/2614/1002 3253/2615/968 3254/2616/969
f 3252/2614/1002 3254/2616/969 3255/2617/1002
f 3253/2615/968 3256/2618/970 3257/2619/971
f 3253/2615/968 3257/2619/971 3254/2616/969
f 3256/2618/970 3258/2620/1003 3259/2621/1004
f 3256/2618/970 3259/2621/1004 3257/2619/971
f 3258/2620/1003 3260/2622/974 3261/2623/975
f 3258/2620/1003 3261/2623/975 3259/2621/1004
f 3260/2622/974 3262/2624/977 3263/2625/978
f 3260/2622/974 3263/2625/978 3261/2623/975
f 3262/2624/977 3264/2626/1005 3265/2627/1005
f 3262/2624/977 3265/2627/1005 3263/2625/978
f 3266/2628/1006 3267/2629/981 3268/2630/982
f 3266/2628/1006 3268/2630/982 3269/2631/1006
f 3267/2629/981 3270/2632/983 3271/2633/984
f 3267/2629/981 3271/2633/984 3268/2630/982
f 3270/2632/983 3216/2578/985 3219/2581/988
f 3270/2632/983 3219/2581/988 3271/2633/984
f 3272/2634/1007 3273/2635/1007 3274/2636/1007
f 3272/2634/1007 3274/2636/1007 3275/2637/1007
f 3273/2635/1007 3276/2638/1007 3277/2639/1007
f 3273/2635/1007 3277/2639/1007 3274/2636/1007
f 3276/2638/1007 3278/2640/1007 3279/2641/1007
f 3276/2638/1007 3279/2641/1007 3277/2639/1007
f 3278/2640/1007 3280/2642/1007 3281/2643/1007
f 3278/2640/1007 3281/2643/1007 3279/2641/1007
f 3280/2642/1007 3282/2644/1007 3283/2645/1007
f 3280/2642/1007 3283/2645/1007 3281/2643/1007
f 3282/2644/1007 3284/2646/1007 3285/2647/1007
f 3282/2644/1007 3285/2647/1007 3283/2645/1007
f 3284/2646/1007 3286/2648/1007 3287/2649/1007
f 3284/2646/1007 3287/2649/1007 3285/2647/1007
f 3286/2648/1007 3288/2650/1007 3289/2651/1007
f 3286/2648/1007 3289/2651/1007 3287/2649/1007
f 3288/2650/1007 3290/2652/1007 3291/2653/1007
f 3288/2650/1007 3291/2653/1007 3289/2651/1007
f 3290/2652/1007 3292/2654/1007 3293/2655/1007
f 3290/2652/1007 3293/2655/1007 3291/2653/1007
f 3292/2654/1007 3294/2656/1007 3295/2657/1007
f 3292/2654/1007 3295/2657/1007 3293/2655/1007
f 3294/2656/1007 3296/2658/1007 3297/2659/1007
f 3294/2656/1007 3297/2659/1007 3295/2657/1007
f 3296/2658/1007 3298/2660/1007 3299/2661/1007
f 3296/2658/1007 3299/2661/1007 3297/2659/1007
f 3298/2660/1007 3300/2662/1007 3301/2663/1007
f 3298/2660/1007 3301/2663/1007 3299/2661/1007
f 3300/2662/1007 3302/2664/1007 3303/2665/1007
f 3300/2662/1007 3303/2665/1007 3301/2663/1007
f 3302/2664/1007 3304/2666/1007 3305/2667/1007
f 3302/2664/1007 3305/2667/1007 3303/2665/1007
f 3304/2666/1007 3306/2668/1007 3307/2669/1007
f 3304/2666/1007 3307/2669/1007 3305/2667/1007
f 3306/2668/1007 3308/2670/1007 3309/2671/1007
f 3306/2668/1007 3309/2671/1007 3307/2669/1007
f 3308/2670/1007 3310/2672/1007 3311/2673/1007
f 3308/2670/1007 3311/2673/1007 3309/2671/1007
f 3310/2672/1007 3312/2674/1007 3313/2675/1007
f 3310/2672/1007 3313/2675/1007 3311/2673/1007
f 3312/2674/1007 3314/2676/1007 3315/2677/1007
f 3312/2674/1007 3315/2677/1007 3313/2675/1007
f 3314/2676/1007 3316/2678/1007 3317/2679/1007
f 3314/2676/1007 3317/2679/1007 3315/2677/1007
f 3316/2678/1007 3318/2680/1007 3319/2681/1007
f 3316/2678/1007 3319/2681/1007 3317/2679/1007
f 3318/2680/1007 3272/2634/1007 3275/2637/1007
f 3318/2680/1007 3275/2637/1007 3319/2681/1007
f 3320/2637/1008 3321/2636/1009 3322/2682/1010
f 3320/2637/1008 3322/2682/1010 3323/2683/1011
f 3321/2636/1009 3324/2639/1012 3325/2684/1013
f 3321/2636/1009 3325/2684/1013 3322/2682/1010
f 3324/2639/1012 3326/2641/1014 3327/2685/1015
f 3324/2639/1012 3327/2685/1015 3325/2684/1013
f 3326/2641/1014 3328/2643/1016 3329/2686/1017
f 3326/2641/1014 3329/2686/1017 3327/2685/1015
f 3328/2643/1016 3330/2645/1018 3331/2687/1019
f 3328/2643/1016 3331/2687/1019 3329/2686/1017
f 3330/2645/1018 3332/2647/1020 3333/2688/1021
f 3330/2645/1018 3333/2688/1021 3331/2687/1019
f 3332/2647/1020 3334/2649/1022 3335/2689/1023
f 3332/2647/1020 3335/2689/1023 3333/2688/1021
f 3334/2649/1022 3336/2651/1024 3337/2690/1025
f 3334/2649/1022 3337/2690/1025 3335/2689/1023
f 3336/2651/1024 3338/2653/1026 3339/2691/1027
f 3336/2651/1024 3339/2691/1027 3337/2690/1025
f 3338/2653/1026 3340/2655/1028 3341/2692/1029
f 3338/2653/1026 3341/2692/1029 3339/2691/1027
f 3340/2655/1028 3342/2657/1030 3343/2693/1031
f 3340/2655/1028 3343/2693/1031 3341/2692/1029
f 3342/2657/1030 3344/2659/1032 3345/2694/1033
f 3342/2657/1030 3345/2694/1033 3343/2693/1031
f 3344/2659/1032 3346/2661/1034 3347/2695/1035
f 3344/2659/1032 3347/2695/1035 3345/2694/1033
f 3346/2661/1034 3348/2663/1036 3349/2696/1037
f 3346/2661/1034 3349/2696/1037 3347/2695/1035
f 3348/2663/1036 3350/2665/1038 3351/2697/1039
f 3348/2663/1036 3351/2697/1039 3349/2696/1037
f 3350/2665/1038 3352/2667/1040 3353/2698/1041
f 3350/2665/1038 3353/2698/1041 3351/2697/1039
f 3352/2667/1040 3354/2669/1042 3355/2699/1043
f 3352/2667/1040 3355/2699/1043 3353/2698/1041
f 3354/2669/1042 3356/2671/1044 3357/2700/1045
f 3354/2669/1042 3357/2700/1045 3355/2699/1043
f 3356/2671/1044 3358/2673/1046 3359/2701/1047
f 3356/2671/1044 3359/2701/1047 3357/2700/1045
f 3358/2673/1046 3360/2675/1048 3361/2702/1049
f 3358/2673/1046 3361/2702/1049 3359/2701/1047
f 3360/2675/1048 3362/2677/1050 3363/2703/1051
f 3360/2675/1048 3363/2703/1051 3361/2702/1049
f 3362/2677/1050 3364/2679/1052 3365/2704/1053
f 3362/2677/1050 3365/2704/1053 3363/2703/1051
f 3364/2679/1052 3366/2681/1054 3367/2705/1055
f 3364/2679/1052 3367/2705/1055 3365/2704/1053
f 3366/2681/1054 3320/2637/1008 3323/2683/1011
f 3366/2681/1054 3323/2683/1011 3367/2705/1055
f 3368/2682/1056 3369/2706/1057 3370/2707/1058
f 3368/2682/1056 3370/2707/1058 3371/2683/1059
f 3372/2684/1060 3373/2708/1061 3369/2706/1057
f 3372/2684/1060 3369/2706/1057 3368/2682/1056
f 3374/2685/1062 3375/2709/1063 3373/2708/1061
f 3374/2685/1062 3373/2708/1061 3372/2684/1060
f 3376/2686/1064 3377/2710/1065 3375/2709/1063
f 3376/2686/1064 3375/2709/1063 3374/2685/1062
f 3378/2687/1066 3379/2711/1067 3377/2710/1065
f 3378/2687/1066 3377/2710/1065 3376/2686/1064
f 3380/2688/1068 3381/2712/1069 3379/2711/1067
f 3380/2688/1068 3379/2711/1067 3378/2687/1066
f 3382/2689/1070 3383/2713/1071 3381/2712/1069
f 3382/2689/1070 3381/2712/1069 3380/2688/1068
f 3384/2690/1072 3385/2714/1073 3383/2713/1071
f 3384/2690/1072 3383/2713/1071 3382/2689/1070
f 3386/2691/1074 3387/2715/1075 3385/2714/1073
f 3386/2691/1074 3385/2714/1073 3384/2690/1072
f 3388/2692/1076 3389/2716/1077 3387/2715/1075
f 3388/2692/1076 3387/2715/1075 3386/2691/1074
f 3390/2693/1078 3391/2717/1079 3389/2716/1077
f 3390/2693/1078 3389/2716/1077 3388/2692/1076
f 3392/2694/1080 3393/2718/1081 3391/2717/1079
f 3392/2694/1080 3391/2717/1079 3390/2693/1078
f 3394/2695/1082 3395/2719/1083 3393/2718/1081
f 3394/2695/1082 3393/2718/1081 3392/2694/1080
f 3396/2696/1084 3397/2720/1085 3395/2719/1083
f 3396/2696/1084 3395/2719/1083 3394/2695/1082
f 3398/2697/1086 3399/2721/1087 3397/2720/1085
f 3398/2697/1086 3397/2720/1085 3396/2696/1084
f 3400/2698/1088 3401/2722/1089 3399/2721/1087
f 3400/2698/1088 3399/2721/1087 3398/2697/1086
f 3402/2699/1090 3403/2723/1091 3401/2722/1089
f 3402/2699/1090 3401/2722/1089 3400/2698/1088
f 3404/2700/1092 3405/2724/1093 3403/2723/1091
f 3404/2700/1092 3403/2723/1091 3402/2699/1090
f 3406/2701/1094 3407/2725/1095 3405/2724/1093
f 3406/2701/1094 3405/2724/1093 3404/2700/1092
f 3408/2702/1096 3409/2726/1097 3407/2725/1095
f 3408/2702/1096 3407/2725/1095 3406/2701/1094
f 3410/2703/1098 3411/2727/1099 3409/2726/1097
f 3410/2703/1098 3409/2726/1097 3408/2702/1096
f 3412/2704/1100 3413/2728/1101 3411/2727/1099
f 3412/2704/1100 3411/2727/1099 3410/2703/1098
f 3414/2705/1102 3415/2729/1103 3413/2728/1101
f 3414/2705/1102 3413/2728/1101 3412/2704/1100
f 3371/2683/1059 3370/2707/1058 3415/2729/1103
f 3371/2683/1059 3415/2729/1103 3414/2705/1102
f 3416/2730/1104 3417/2731/1105 3370/2707/1058
f 3416/2730/1104 3370/2707/1058 3369/2706/1057
f 3418/2732/1106 3419/2733/1107 3417/2731/1105
f 3418/2732/1106 3417/2731/1105 3416/2730/1104
f 3420/2734/1108 3416/2730/1104 3369/2706/1057
f 3420/2734/1108 3369/2706/1057 3373/2708/1061
f 3421/2735/1109 3418/2732/1106 3416/2730/1104
f 3421/2735/1109 3416/2730/1104 3420/2734/1108
f 3422/2736/1110 3420/2734/1108 3373/2708/1061
f 3422/2736/1110 3373/2708/1061 3375/2709/1063
f 3423/2737/1111 3421/2735/1109 3420/2734/1108
f 3423/2737/1111 3420/2734/1108 3422/2736/1110
f 3424/2738/1112 3422/2736/1110 3375/2709/1063
f 3424/2738/1112 3375/2709/1063 3377/2710/1065
f 3425/2739/1113 3423/2737/1111 3422/2736/1110
f 3425/2739/1113 3422/2736/1110 3424/2738/1112
f 3426/2740/1114 3424/2738/1112 3377/2710/1065
f 3426/2740/1114 3377/2710/1065 3379/2711/1067
f 3427/2741/1115 3425/2739/1113 3424/2738/1112
f 3427/2741/1115 3424/2738/1112 3426/2740/1114
f 3428/2742/1116 3426/2740/1114 3379/2711/1067
f 3428/2742/1116 3379/2711/1067 3381/2712/1069
f 3429/2743/1117 3427/2741/1115 3426/2740/1114
f 3429/2743/1117 3426/2740/1114 3428/2742/1116
f 3430/2744/1118 3428/2742/1116 3381/2712/1069
f 3430/2744/1118 3381/2712/1069 3383/2713/1071
f 3431/2745/1119 3429/2743/1117 3428/2742/1116
f 3431/2745/1119 3428/2742/1116 3430/2744/1118
f 3432/2746/1120 3430/2744/1118 3383/2713/1071
f 3432/2746/1120 3383/2713/1071 3385/2714/1073
f 3433/2747/1121 3431/2745/1119 3430/2744/1118
f 3433/2747/1121 3430/2744/1118 3432/2746/1120
f 3434/2748/1122 3432/2746/1120 3385/2714/1073
f 3434/2748/1122 3385/2714/1073 3387/2715/1075
f 3435/2749/1123 3433/2747/1121 3432/2746/1120
f 3435/2749/1123 3432/2746/1120 3434/2748/1122
f 3436/2750/1124 3434/2748/1122 3387/2715/1075
f 3436/2750/1124 3387/2715/1075 3389/2716/1077
f 3437/2751/1125 3435/2749/1123 3434/2748/1122
f 3437/2751/1125 3434/2748/1122 3436/2750/1124
f 3438/2752/1126 3436/2750/1124 3389/2716/1077
f 3438/2752/1126 3389/2716/1077 3391/2717/1079
f 3439/2753/1127 3437/2751/1125 3436/2750/1124
f 3439/2753/1127 3436/2750/1124 3438/2752/1126
f 3440/2754/1128 3438/2752/1126 3391/2717/1079
f 3440/2754/1128 3391/2717/1079 3393/2718/1081
f 3441/2755/1129 3439/2753/1127 3438/2752/1126
f 3441/2755/1129 3438/2752/1126 3440/2754/1128
f 3442/2756/1130 3440/2754/1128 3393/2718/1081
f 3442/2756/1130 3393/2718/1081 3395/2719/1083
f 3443/2757/1131 3441/2755/1129 3440/2754/1128
f 3443/2757/1131 3440/2754/1128 3442/2756/1130
f 3444/2758/1132 3442/2756/1130 3395/2719/1083
f 3444/2758/1132 3395/2719/1083 3397/2720/1085
f 3445/2759/1133 3443/2757/1131 3442/2756/1130
f 3445/2759/1133 3442/2756/1130 3444/2758/1132
f 3446/2760/1134 3444/2758/1132 3397/2720/1085
f 3446/2760/1134 3397/2720/1085 3399/2721/1087
f 3447/2761/1135 3445/2759/1133 3444/2758/1132
f 3447/2761/1135 3444/2758/1132 3446/2760/1134
f 3448/2762/1136 3446/2760/1134 3399/2721/1087
f 3448/2762/1136 3399/2721/1087 3401/2722/1089
f 3449/2763/1137 3447/2761/1135 3446/2760/1134
f 3449/2763/1137 3446/2760/1134 3448/2762/1136
f 3450/2764/1138 3448/2762/1136 3401/2722/1089
f 3450/2764/1138 3401/2722/1089 3403/2723/1091
f 3451/2765/1139 3449/2763/1137 3448/2762/1136
f 3451/2765/1139 3448/2762/1136 3450/2764/1138
f 3452/2766/1140 3450/2764/1138 3403/2723/1091
f 3452/2766/1140 3403/2723/1091 3405/2724/1093
f 3453/2767/1141 3451/2765/1139 3450/2764/1138
f 3453/2767/1141 3450/2764/1138 3452/2766/1140
f 3454/2768/1142 3452/2766/1140 3405/2724/1093
f 3454/2768/1142 3405/2724/1093 3407/2725/1095
f 3455/2769/1143 3453/2767/1141 3452/2766/1140
f 3455/2769/1143 3452/2766/1140 3454/2768/1142
f 3456/2770/1144 3454/2768/1142 3407/2725/1095
f 3456/2770/1144 3407/2725/1095 3409/2726/1097
f 3457/2771/1145 3455/2769/1143 3454/2768/1142
f 3457/2771/1145 3454/2768/1142 3456/2770/1144
f 3458/2772/1146 3456/2770/1144 3409/2726/1097
f 3458/2772/1146 3409/2726/1097 3411/2727/1099
f 3459/2773/1147 3457/2771/1145 3456/2770/1144
f 3459/2773/1147 3456/2770/1144 3458/2772/1146
f 3460/2774/1148 3458/2772/1146 3411/2727/1099
f 3460/2774/1148 3411/2727/1099 3413/2728/1101
f 3461/2775/1149 3459/2773/1147 3458/2772/1146
f 3461/2775/1149 3458/2772/1146 3460/2774/1148
f 3462/2776/1150 3460/2774/1148 3413/2728/1101
f 3462/2776/1150 3413/2728/1101 3415/2729/1103
f 3463/2777/1151 3461/2775/1149 3460/2774/1148
f 3463/2777/1151 3460/2774/1148 3462/2776/1150
f 3417/2731/1105 3462/2776/1150 3415/2729/1103
f 3417/2731/1105 3415/2729/1103 3370/2707/1058
f 3419/2733/1107 3463/2777/1151 3462/2776/1150
f 3419/2733/1107 3462/2776/1150 3417/2731/1105
f 3464/2634/1152 3465/2778/1153 3466/2779/1154
f 3464/2634/1152 3466/2779/1154 3467/2635/1155
f 3467/2635/1155 3466/2779/1154 3468/2780/1156
f 3467/2635/1155 3468/2780/1156 3469/2638/1157
f 3469/2638/1157 3468/2780/1156 3470/2781/1158
f 3469/2638/1157 3470/2781/1158 3471/2640/1159
f 3471/2640/1159 3470/2781/1158 3472/2782/1160
f 3471/2640/1159 3472/2782/1160 3473/2642/1161
f 3473/2642/1161 3472/2782/1160 3474/2783/1162
f 3473/2642/1161 3474/2783/1162 3475/2644/1163
f 3475/2644/1163 3474/2783/1162 3476/2784/1164
f 3475/2644/1163 3476/2784/1164 3477/2646/1165
f 3477/2646/1165 3476/2784/1164 3478/2785/1166
f 3477/2646/1165 3478/2785/1166 3479/2648/1167
f 3479/2648/1167 3478/2785/1166 3480/2786/1168
f 3479/2648/1167 3480/2786/1168 3481/2650/1169
f 3481/2650/1169 3480/2786/1168 3482/2787/1170
f 3481/2650/1169 3482/2787/1170 3483/2652/1171
f 3483/2652/1171 3482/2787/1170 3484/2788/1172
f 3483/2652/1171 3484/2788/1172 3485/2654/1173
f 3485/2654/1173 3484/2788/1172 3486/2789/1174
f 3485/2654/1173 3486/2789/1174 3487/2656/1175
f 3487/2656/1175 3486/2789/1174 3488/2790/1176
f 3487/2656/1175 3488/2790/1176 3489/2658/1177
f 3489/2658/1177 3488/2790/1176 3490/2791/1178
f 3489/2658/1177 3490/2791/1178 3491/2660/1179
f 3491/2660/1179 3490/2791/1178 3492/2792/1180
f 3491/2660/1179 3492/2792/1180 3493/2662/1181
f 3493/2662/1181 3492/2792/1180 3494/2793/1182
f 3493/2662/1181 3494/2793/1182 3495/2664/1183
f 3495/2664/1183 3494/2793/1182 3496/2794/1184
f 3495/2664/1183 3496/2794/1184 3497/2666/1185
f 3497/2666/1185 3496/2794/1184 3498/2795/1186
f 3497/2666/1185 3498/2795/1186 3499/2668/1187
f 3499/2668/1187 3498/2795/1186 3500/2796/1188
f 3499/2668/1187 3500/2796/1188 3501/2670/1189
f 3501/2670/1189 3500/2796/1188 3502/2797/1190
f 3501/2670/1189 3502/2797/1190 3503/2672/1191
f 3503/2672/1191 3502/2797/1190 3504/2798/1192
f 3503/2672/1191 3504/2798/1192 3505/2674/1193
f 3505/2674/1193 3504/2798/1192 3506/2799/1194
f 3505/2674/1193 3506/2799/1194 3507/2676/1195
f 3507/2676/1195 3506/2799/1194 3508/2800/1196
f 3507/2676/1195 3508/2800/1196 3509/2678/1197
f 3509/2678/1197 3508/2800/1196 3510/2801/1198
f 3509/2678/1197 3510/2801/1198 3511/2680/1199
f 3511/2680/1199 3510/2801/1198 3465/2778/1153
f 3511/2680/1199 3465/2778/1153 3464/2634/1152
f 3512/2802/1200 3513/2803/1201 3466/2779/1154
f 3512/2802/1200 3466/2779/1154 3465/2778/1153
f 3514/2581/1202 3515/2580/1203 3516/2804/1204
f 3514/2581/1202 3516/2804/1204 3517/2805/1205
f 3513/2803/1201 3518/2806/1206 3468/2780/1156
f 3513/2803/1201 3468/2780/1156 3466/2779/1154
f 3515/2580/1203 3519/2583/1207 3520/2807/1208
f 3515/2580/1203 3520/2807/1208 3516/2804/1204
f 3518/2806/1206 3521/2808/1209 3470/2781/1158
f 3518/2806/1206 3470/2781/1158 3468/2780/1156
f 3519/2583/1207 3522/2585/1210 3523/2809/1210
f 3519/2583/1207 3523/2809/1210 3520/2807/1208
f 3521/2808/1209 3524/2810/1211 3472/2782/1160
f 3521/2808/1209 3472/2782/1160 3470/2781/1158
f 3525/2589/1212 3526/2588/1213 3527/2811/1214
f 3525/2589/1212 3527/2811/1214 3528/2812/1215
f 3524/2810/1211 3529/2813/1216 3474/2783/1162
f 3524/2810/1211 3474/2783/1162 3472/2782/1160
f 3526/2588/1213 3530/2591/1217 3531/2814/1218
f 3526/2588/1213 3531/2814/1218 3527/2811/1214
f 3529/2813/1216 3532/2815/1219 3476/2784/1164
f 3529/2813/1216 3476/2784/1164 3474/2783/1162
f 3530/2591/1217 3533/2593/1220 3534/2816/1221
f 3530/2591/1217 3534/2816/1221 3531/2814/1218
f 3532/2815/1219 3535/2817/1222 3478/2785/1166
f 3532/2815/1219 3478/2785/1166 3476/2784/1164
f 3533/2593/1220 3536/2595/1223 3537/2818/1224
f 3533/2593/1220 3537/2818/1224 3534/2816/1221
f 3535/2817/1222 3538/2819/1225 3480/2786/1168
f 3535/2817/1222 3480/2786/1168 3478/2785/1166
f 3536/2595/1223 3539/2597/1226 3540/2820/1227
f 3536/2595/1223 3540/2820/1227 3537/2818/1224
f 3538/2819/1225 3541/2821/1228 3482/2787/1170
f 3538/2819/1225 3482/2787/1170 3480/2786/1168
f 3539/2597/1226 3542/2599/1229 3543/2822/1230
f 3539/2597/1226 3543/2822/1230 3540/2820/1227
f 3541/2821/1228 3544/2823/1231 3484/2788/1172
f 3541/2821/1228 3484/2788/1172 3482/2787/1170
f 3545/2603/1232 3546/2602/1233 3547/2824/1234
f 3545/2603/1232 3547/2824/1234 3548/2825/1232
f 3544/2823/1231 3549/2826/1235 3486/2789/1174
f 3544/2823/1231 3486/2789/1174 3484/2788/1172
f 3546/2602/1233 3550/2605/1236 3551/2827/1237
f 3546/2602/1233 3551/2827/1237 3547/2824/1234
f 3549/2826/1235 3552/2828/1238 3488/2790/1176
f 3549/2826/1235 3488/2790/1176 3486/2789/1174
f 3550/2605/1236 3553/2607/1239 3554/2829/1240
f 3550/2605/1236 3554/2829/1240 3551/2827/1237
f 3552/2828/1238 3555/2830/1241 3490/2791/1178
f 3552/2828/1238 3490/2791/1178 3488/2790/1176
f 3553/2607/1239 3556/2609/1242 3557/2831/1243
f 3553/2607/1239 3557/2831/1243 3554/2829/1240
f 3555/2830/1241 3558/2832/1244 3492/2792/1180
f 3555/2830/1241 3492/2792/1180 3490/2791/1178
f 3556/2609/1242 3559/2611/1245 3560/2833/1246
f 3556/2609/1242 3560/2833/1246 3557/2831/1243
f 3558/2832/1244 3561/2834/1247 3494/2793/1182
f 3558/2832/1244 3494/2793/1182 3492/2792/1180
f 3559/2611/1245 3562/2613/1248 3563/2835/1248
f 3559/2611/1245 3563/2835/1248 3560/2833/1246
f 3561/2834/1247 3564/2836/1249 3496/2794/1184
f 3561/2834/1247 3496/2794/1184 3494/2793/1182
f 3565/2617/1250 3566/2616/1251 3567/2837/1252
f 3565/2617/1250 3567/2837/1252 3568/2838/1253
f 3564/2836/1249 3569/2839/1254 3498/2795/1186
f 3564/2836/1249 3498/2795/1186 3496/2794/1184
f 3566/2616/1251 3570/2619/1255 3571/2840/1256
f 3566/2616/1251 3571/2840/1256 3567/2837/1252
f 3569/2839/1254 3572/2841/1257 3500/2796/1188
f 3569/2839/1254 3500/2796/1188 3498/2795/1186
f 3570/2619/1255 3573/2621/1258 3574/2842/1259
f 3570/2619/1255 3574/2842/1259 3571/2840/1256
f 3572/2841/1257 3575/2843/1260 3502/2797/1190
f 3572/2841/1257 3502/2797/1190 3500/2796/1188
f 3573/2621/1258 3576/2623/1261 3577/2844/1262
f 3573/2621/1258 3577/2844/1262 3574/2842/1259
f 3575/2843/1260 3578/2845/1263 3504/2798/1192
f 3575/2843/1260 3504/2798/1192 3502/2797/1190
f 3576/2623/1261 3579/2625/1264 3580/2846/1265
f 3576/2623/1261 3580/2846/1265 3577/2844/1262
f 3578/2845/1263 3581/2847/1266 3506/2799/1194
f 3578/2845/1263 3506/2799/1194 3504/2798/1192
f 3579/2625/1264 3582/2627/1267 3583/2848/1267
f 3579/2625/1264 3583/2848/1267 3580/2846/1265
f 3581/2847/1266 3584/2849/1268 3508/2800/1196
f 3581/2847/1266 3508/2800/1196 3506/2799/1194
f 3585/2631/1269 3586/2630/1270 3587/2850/1271
f 3585/2631/1269 3587/2850/1271 3588/2851/1269
f 3584/2849/1268 3589/2852/1272 3510/2801/1198
f 3584/2849/1268 3510/2801/1198 3508/2800/1196
f 3586/2630/1270 3590/2633/1273 3591/2853/1274
f 3586/2630/1270 3591/2853/1274 3587/2850/1271
f 3589/2852/1272 3512/2802/1200 3465/2778/1153
f 3589/2852/1272 3465/2778/1153 3510/2801/1198
f 3590/2633/1273 3514/2581/1202 3517/2805/1205
f 3590/2633/1273 3517/2805/1205 3591/2853/1274
f 3592/2854/938 3593/2855/937 3594/2856/936
f 3592/2854/938 3594/2856/936 3595/2857/939
f 3596/2858/941 3597/2859/940 3593/2855/937
f 3596/2858/941 3593/2855/937 3592/2854/938
f 3598/2860/943 3599/2861/942 3597/2859/940
f 3598/2860/943 3597/2859/940 3596/2858/941
f 3600/2862/945 3601/2863/944 3599/2861/942
f 3600/2862/945 3599/2861/942 3598/2860/943
f 3602/2864/947 3603/2865/946 3601/2863/944
f 3602/2864/947 3601/2863/944 3600/2862/945
f 3604/2866/949 3605/2867/948 3603/2865/946
f 3604/2866/949 3603/2865/946 3602/2864/947
f 3606/2868/951 3607/2869/950 3605/2867/948
f 3606/2868/951 3605/2867/948 3604/2866/949
f 3608/2870/953 3609/2871/952 3607/2869/950
f 3608/2870/953 3607/2869/950 3606/2868/951
f 3610/2872/955 3611/2873/954 3609/2871/952
f 3610/2872/955 3609/2871/952 3608/2870/953
f 3612/2874/957 3613/2875/956 3611/2873/954
f 3612/2874/957 3611/2873/954 3610/2872/955
f 3614/2876/959 3615/2877/958 3613/2875/956
f 3614/2876/959 3613/2875/956 3612/2874/957
f 3616/2878/961 3617/2879/960 3615/2877/958
f 3616/2878/961 3615/2877/958 3614/2876/959
f 3618/2880/963 3619/2881/962 3617/2879/960
f 3618/2880/963 3617/2879/960 3616/2878/961
f 3620/2882/965 3621/2883/964 3619/2881/962
f 3620/2882/965 3619/2881/962 3618/2880/963
f 3622/2884/967 3623/2885/966 3621/2883/964
f 3622/2884/967 3621/2883/964 3620/2882/965
f 3624/2886/969 3625/2887/968 3623/2885/966
f 3624/2886/969 3623/2885/966 3622/2884/967
f 3626/2888/971 3627/2889/970 3625/2887/968
f 3626/2888/971 3625/2887/968 3624/2886/969
f 3628/2890/972 3629/2891/972 3627/2889/970
f 3628/2890/972 3627/2889/970 3626/2888/971
f 3630/2892/975 3631/2893/974 3632/2894/973
f 3630/2892/975 3632/2894/973 3633/2895/976
f 3634/2896/978 3635/2897/977 3631/2893/974
f 3634/2896/978 3631/2893/974 3630/2892/975
f 3636/2898/980 3637/2899/979 3635/2897/977
f 3636/2898/980 3635/2897/977 3634/2896/978
f 3638/2900/982 3639/2901/981 3637/2899/979
f 3638/2900/982 3637/2899/979 3636/2898/980
f 3640/2902/984 3641/2903/983 3639/2901/981
f 3640/2902/984 3639/2901/981 3638/2900/982
f 3595/2857/939 3594/2856/936 3641/2903/983
f 3595/2857/939 3641/2903/983 3640/2902/984
f 3642/2904/1275 3643/2905/986 3644/2906/985
f 3642/2904/1275 3644/2906/985 3645/2907/988
f 3646/2908/941 3647/2909/940 3643/2905/986
f 3646/2908/941 3643/2905/986 3642/2904/1275
f 3648/2910/990 3649/2911/989 3647/2909/940
f 3648/2910/990 3647/2909/940 3646/2908/941
f 3650/2912/945 3651/2913/944 3652/2914/991
f 3650/2912/945 3652/2914/991 3653/2915/991
f 3654/2916/947 3655/2917/946 3651/2913/944
f 3654/2916/947 3651/2913/944 3650/2912/945
f 3656/2918/949 3657/2919/992 3655/2917/946
f 3656/2918/949 3655/2917/946 3654/2916/947
f 3658/2920/951 3659/2921/950 3657/2919/992
f 3658/2920/951 3657/2919/992 3656/2918/949
f 3660/2922/953 3661/2923/952 3659/2921/950
f 3660/2922/953 3659/2921/950 3658/2920/951
f 3662/2924/994 3663/2925/993 3661/2923/952
f 3662/2924/994 3661/2923/952 3660/2922/953
f 3664/2926/957 3665/2927/956 3666/2928/995
f 3664/2926/957 3666/2928/995 3667/2929/995
f 3668/2930/959 3669/2931/958 3665/2927/956
f 3668/2930/959 3665/2927/956 3664/2926/957
f 3670/2932/996 3671/2933/960 3669/2931/958
f 3670/2932/996 3669/2931/958 3668/2930/959
f 3672/2934/998 3673/2935/997 3671/2933/960
f 3672/2934/998 3671/2933/960 3670/2932/996
f 3674/2936/1000 3675/2937/999 3673/2935/997
f 3674/2936/1000 3673/2935/997 3672/2934/998
f 3676/2938/1001 3677/2939/1001 3675/2937/999
f 3676/2938/1001 3675/2937/999 3674/2936/1000
f 3678/2940/969 3679/2941/968 3680/2942/1002
f 3678/2940/969 3680/2942/1002 3681/2943/1002
f 3682/2944/971 3683/2945/970 3679/2941/968
f 3682/2944/971 3679/2941/968 3678/2940/969
f 3684/2946/1004 3685/2947/1003 3683/2945/970
f 3684/2946/1004 3683/2945/970 3682/2944/971
f 3686/2948/975 3687/2949/974 3685/2947/1003
f 3686/2948/975 3685/2947/1003 3684/2946/1004
f 3688/2950/978 3689/2951/977 3687/2949/974
f 3688/2950/978 3687/2949/974 3686/2948/975
f 3690/2952/1005 3691/2953/1005 3689/2951/977
f 3690/2952/1005 3689/2951/977 3688/2950/978
f 3692/2954/982 3693/2955/981 3694/2956/1006
f 3692/2954/982 3694/2956/1006 3695/2957/1006
f 3696/2958/984 3697/2959/983 3693/2955/981
f 3696/2958/984 3693/2955/981 3692/2954/982
f 3645/2907/988 3644/2906/985 3697/2959/983
f 3645/2907/988 3697/2959/983 3696/2958/984
f 3698/2960/1276 3699/2961/1276 3700/2962/1276
f 3698/2960/1276 3700/2962/1276 3701/2963/1276
f 3702/2964/1276 3703/2965/1276 3699/2961/1276
f 3702/2964/1276 3699/2961/1276 3698/2960/1276
f 3704/2966/1276 3705/2967/1276 3703/2965/1276
f 3704/2966/1276 3703/2965/1276 3702/2964/1276
f 3706/2968/1276 3707/2969/1276 3705/2967/1276
f 3706/2968/1276 3705/2967/1276 3704/2966/1276
f 3708/2970/1276 3709/2971/1276 3707/2969/1276
f 3708/2970/1276 3707/2969/1276 3706/2968/1276
f 3710/2972/1276 3711/2973/1276 3709/2971/1276
f 3710/2972/1276 3709/2971/1276 3708/2970/1276
f 3712/2974/1276 3713/2975/1276 3711/2973/1276
f 3712/2974/1276 3711/2973/1276 3710/2972/1276
f 3714/2976/1276 3715/2977/1276 3713/2975/1276
f 3714/2976/1276 3713/2975/1276 3712/2974/1276
f 3716/2978/1276 3717/2979/1276 3715/2977/1276
f 3716/2978/1276 3715/2977/1276 3714/2976/1276
f 3718/2980/1276 3719/2981/1276 3717/2979/1276
f 3718/2980/1276 3717/2979/1276 3716/2978/1276
f 3720/2982/1276 3721/2983/1276 3719/2981/1276
f 3720/2982/1276 3719/2981/1276 3718/2980/1276
f 3722/2984/1276 3723/2985/1276 3721/2983/1276
f 3722/2984/1276 3721/2983/1276 3720/2982/1276
f 3724/2986/1276 3725/2987/1276 3723/2985/1276
f 3724/2986/1276 3723/2985/1276 3722/2984/1276
f 3726/2988/1276 3727/2989/1276 3725/2987/1276
f 3726/2988/1276 3725/2987/1276 3724/2986/1276
f 3728/2990/1276 3729/2991/1276 3727/2989/1276
f 3728/2990/1276 3727/2989/1276 3726/2988/1276
f 3730/2992/1276 3731/2993/1276 3729/2991/1276
f 3730/2992/1276 3729/2991/1276 3728/2990/1276
f 3732/2994/1276 3733/2995/1276 3731/2993/1276
f 3732/2994/1276 3731/2993/1276 3730/2992/1276
f 3734/2996/1276 3735/2997/1276 3733/2995/1276
f 3734/2996/1276 3733/2995/1276 3732/2994/1276
f 3736/2998/1276 3737/2999/1276 3735/2997/1276
f 3736/2998/1276 3735/2997/1276 3734/2996/1276
f 3738/3000/1276 3739/3001/1276 3737/2999/1276
f 3738/3000/1276 3737/2999/1276 3736/2998/1276
f 3740/3002/1276 3741/3003/1276 3739/3001/1276
f 3740/3002/1276 3739/3001/1276 3738/3000/1276
f 3742/3004/1276 3743/3005/1276 3741/3003/1276
f 3742/3004/1276 3741/3003/1276 3740/3002/1276
f 3744/3006/1276 3745/3007/1276 3743/3005/1276
f 3744/3006/1276 3743/3005/1276 3742/3004/1276
f 3701/2963/1276 3700/2962/1276 3745/3007/1276
f 3701/2963/1276 3745/3007/1276 3744/3006/1276
f 3746/3008/1277 3747/2960/1278 3748/2963/1279
f 3746/3008/1277 3748/2963/1279 3749/3009/1280
f 3750/3010/1281 3751/2964/1282 3747/2960/1278
f 3750/3010/1281 3747/2960/1278 3746/3008/1277
f 3752/3011/1283 3753/2966/1284 3751/2964/1282
f 3752/3011/1283 3751/2964/1282 3750/3010/1281
f 3754/3012/1285 3755/2968/1286 3753/2966/1284
f 3754/3012/1285 3753/2966/1284 3752/3011/1283
f 3756/3013/1287 3757/2970/1288 3755/2968/1286
f 3756/3013/1287 3755/2968/1286 3754/3012/1285
f 3758/3014/1289 3759/2972/1290 3757/2970/1288
f 3758/3014/1289 3757/2970/1288 3756/3013/1287
f 3760/3015/1291 3761/2974/1292 3759/2972/1290
f 3760/3015/1291 3759/2972/1290 3758/3014/1289
f 3762/3016/1293 3763/2976/1294 3761/2974/1292
f 3762/3016/1293 3761/2974/1292 3760/3015/1291
f 3764/3017/1295 3765/2978/1296 3763/2976/1294
f 3764/3017/1295 3763/2976/1294 3762/3016/1293
f 3766/3018/1297 3767/2980/1298 3765/2978/1296
f 3766/3018/1297 3765/2978/1296 3764/3017/1295
f 3768/3019/1299 3769/2982/1300 3767/2980/1298
f 3768/3019/1299 3767/2980/1298 3766/3018/1297
f 3770/3020/1301 3771/2984/1302 3769/2982/1300
f 3770/3020/1301 3769/2982/1300 3768/3019/1299
f 3772/3021/1303 3773/2986/1304 3771/2984/1302
f 3772/3021/1303 3771/2984/1302 3770/3020/1301
f 3774/3022/1305 3775/2988/1306 3773/2986/1304
f 3774/3022/1305 3773/2986/1304 3772/3021/1303
f 3776/3023/1307 3777/2990/1308 3775/2988/1306
f 3776/3023/1307 3775/2988/1306 3774/3022/1305
f 3778/3024/1309 3779/2992/1310 3777/2990/1308
f 3778/3024/1309 3777/2990/1308 3776/3023/1307
f 3780/3025/1311 3781/2994/1312 3779/2992/1310
f 3780/3025/1311 3779/2992/1310 3778/3024/1309
f 3782/3026/1313 3783/2996/1314 3781/2994/1312
f 3782/3026/1313 3781/2994/1312 3780/3025/1311
f 3784/3027/1315 3785/2998/1316 3783/2996/1314
f 3784/3027/1315 3783/2996/1314 3782/3026/1313
f 3786/3028/1317 3787/3000/1318 3785/2998/1316
f 3786/3028/1317 3785/2998/1316 3784/3027/1315
f 3788/3029/1319 3789/3002/1320 3787/3000/1318
f 3788/3029/1319 3787/3000/1318 3786/3028/1317
f 3790/3030/1321 3791/3004/1322 3789/3002/1320
f 3790/3030/1321 3789/3002/1320 3788/3029/1319
f 3792/3031/1323 3793/3006/1324 3791/3004/1322
f 3792/3031/1323 3791/3004/1322 3790/3030/1321
f 3749/3009/1280 3748/2963/1279 3793/3006/1324
f 3749/3009/1280 3793/3006/1324 3792/3031/1323
f 3794/3032/1325 3795/3033/1326 3796/3008/1327
f 3794/3032/1325 3796/3008/1327 3797/3009/1328
f 3795/3033/1326 3798/3034/1329 3799/3010/1330
f 3795/3033/1326 3799/3010/1330 3796/3008/1327
f 3798/3034/1329 3800/3035/1331 3801/3011/1332
f 3798/3034/1329 3801/3011/1332 3799/3010/1330
f 3800/3035/1331 3802/3036/1333 3803/3012/1334
f 3800/3035/1331 3803/3012/1334 3801/3011/1332
f 3802/3036/1333 3804/3037/1335 3805/3013/1336
f 3802/3036/1333 3805/3013/1336 3803/3012/1334
f 3804/3037/1335 3806/3038/1337 3807/3014/1338
f 3804/3037/1335 3807/3014/1338 3805/3013/1336
f 3806/3038/1337 3808/3039/1339 3809/3015/1340
f 3806/3038/1337 3809/3015/1340 3807/3014/1338
f 3808/3039/1339 3810/3040/1341 3811/3016/1342
f 3808/3039/1339 3811/3016/1342 3809/3015/1340
f 3810/3040/1341 3812/3041/1343 3813/3017/1344
f 3810/3040/1341 3813/3017/1344 3811/3016/1342
f 3812/3041/1343 3814/3042/1345 3815/3018/1346
f 3812/3041/1343 3815/3018/1346 3813/3017/1344
f 3814/3042/1345 3816/3043/1347 3817/3019/1348
f 3814/3042/1345 3817/3019/1348 3815/3018/1346
f 3816/3043/1347 3818/3044/1349 3819/3020/1350
f 3816/3043/1347 3819/3020/1350 3817/3019/1348
f 3818/3044/1349 3820/3045/1351 3821/3021/1352
f 3818/3044/1349 3821/3021/1352 3819/3020/1350
f 3820/3045/1351 3822/3046/1353 3823/3022/1354
f 3820/3045/1351 3823/3022/1354 3821/3021/1352
f 3822/3046/1353 3824/3047/1355 3825/3023/1356
f 3822/3046/1353 3825/3023/1356 3823/3022/1354
f 3824/3047/1355 3826/3048/1357 3827/3024/1358
f 3824/3047/1355 3827/3024/1358 3825/3023/1356
f 3826/3048/1357 3828/3049/1359 3829/3025/1360
f 3826/3048/1357 3829/3025/1360 3827/3024/1358
f 3828/3049/1359 3830/3050/1361 3831/3026/1362
f 3828/3049/1359 3831/3026/1362 3829/3025/1360
f 3830/3050/1361 3832/3051/1363 3833/3027/1364
f 3830/3050/1361 3833/3027/1364 3831/3026/1362
f 3832/3051/1363 3834/3052/1365 3835/3028/1366
f 3832/3051/1363 3835/3028/1366 3833/3027/1364
f 3834/3052/1365 3836/3053/1367 3837/3029/1368
f 3834/3052/1365 3837/3029/1368 3835/3028/1366
f 3836/3053/1367 3838/3054/1369 3839/3030/1370
f 3836/3053/1367 3839/3030/1370 3837/3029/1368
f 3838/3054/1369 3840/3055/1371 3841/3031/1372
f 3838/3054/1369 3841/3031/1372 3839/3030/1370
f 3840/3055/1371 3794/3032/1325 3797/3009/1328
f 3840/3055/1371 3797/3009/1328 3841/3031/1372
f 3794/3032/1325 3842/3056/1373 3843/3057/1374
f 3794/3032/1325 3843/3057/1374 3795/3033/1326
f 3842/3056/1373 3844/3058/1375 3845/3059/1376
f 3842/3056/1373 3845/3059/1376 3843/3057/1374
f 3795/3033/1326 3843/3057/1374 3846/3060/1377
f 3795/3033/1326 3846/3060/1377 3798/3034/1329
f 3843/3057/1374 3845/3059/1376 3847/3061/1378
f 3843/3057/1374 3847/3061/1378 3846/3060/1377
f 3798/3034/1329 3846/3060/1377 3848/3062/1379
f 3798/3034/1329 3848/3062/1379 3800/3035/1331
f 3846/3060/1377 3847/3061/1378 3849/3063/1380
f 3846/3060/1377 3849/3063/1380 3848/3062/1379
f 3800/3035/1331 3848/3062/1379 3850/3064/1381
f 3800/3035/1331 3850/3064/1381 3802/3036/1333
f 3848/3062/1379 3849/3063/1380 3851/3065/1382
f 3848/3062/1379 3851/3065/1382 3850/3064/1381
f 3802/3036/1333 3850/3064/1381 3852/3066/1383
f 3802/3036/1333 3852/3066/1383 3804/3037/1335
f 3850/3064/1381 3851/3065/1382 3853/3067/1384
f 3850/3064/1381 3853/3067/1384 3852/3066/1383
f 3804/3037/1335 3852/3066/1383 3854/3068/1385
f 3804/3037/1335 3854/3068/1385 3806/3038/1337
f 3852/3066/1383 3853/3067/1384 3855/3069/1386
f 3852/3066/1383 3855/3069/1386 3854/3068/1385
f 3806/3038/1337 3854/3068/1385 3856/3070/1387
f 3806/3038/1337 3856/3070/1387 3808/3039/1339
f 3854/3068/1385 3855/3069/1386 3857/3071/1388
f 3854/3068/1385 3857/3071/1388 3856/3070/1387
f 3808/3039/1339 3856/3070/1387 3858/3072/1389
f 3808/3039/1339 3858/3072/1389 3810/3040/1341
f 3856/3070/1387 3857/3071/1388 3859/3073/1390
f 3856/3070/1387 3859/3073/1390 3858/3072/1389
f 3810/3040/1341 3858/3072/1389 3860/3074/1391
f 3810/3040/1341 3860/3074/1391 3812/3041/1343
f 3858/3072/1389 3859/3073/1390 3861/3075/1392
f 3858/3072/1389 3861/3075/1392 3860/3074/1391
f 3812/3041/1343 3860/3074/1391 3862/3076/1393
f 3812/3041/1343 3862/3076/1393 3814/3042/1345
f 3860/3074/1391 3861/3075/1392 3863/3077/1394
f 3860/3074/1391 3863/3077/1394 3862/3076/1393
f 3814/3042/1345 3862/3076/1393 3864/3078/1395
f 3814/3042/1345 3864/3078/1395 3816/3043/1347
f 3862/3076/1393 3863/3077/1394 3865/3079/1396
f 3862/3076/1393 3865/3079/1396 3864/3078/1395
f 3816/3043/1347 3864/3078/1395 3866/3080/1397
f 3816/3043/1347 3866/3080/1397 3818/3044/1349
f 3864/3078/1395 3865/3079/1396 3867/3081/1398
f 3864/3078/1395 3867/3081/1398 3866/3080/1397
f 3818/3044/1349 3866/3080/1397 3868/3082/1399
f 3818/3044/1349 3868/3082/1399 3820/3045/1351
f 3866/3080/1397 3867/3081/1398 3869/3083/1400
f 3866/3080/1397 3869/3083/1400 3868/3082/1399
f 3820/3045/1351 3868/3082/1399 3870/3084/1401
f 3820/3045/1351 3870/3084/1401 3822/3046/1353
f 3868/3082/1399 3869/3083/1400 3871/3085/1402
f 3868/3082/1399 3871/3085/1402 3870/3084/1401
f 3822/3046/1353 3870/3084/1401 3872/3086/1403
f 3822/3046/1353 3872/3086/1403 3824/3047/1355
f 3870/3084/1401 3871/3085/1402 3873/3087/1404
f 3870/3084/1401 3873/3087/1404 3872/3086/1403
f 3824/3047/1355 3872/3086/1403 3874/3088/1405
f 3824/3047/1355 3874/3088/1405 3826/3048/1357
f 3872/3086/1403 3873/3087/1404 3875/3089/1406
f 3872/3086/1403 3875/3089/1406 3874/3088/1405
f 3826/3048/1357 3874/3088/1405 3876/3090/1407
f 3826/3048/1357 3876/3090/1407 3828/3049/1359
f 3874/3088/1405 3875/3089/1406 3877/3091/1408
f 3874/3088/1405 3877/3091/1408 3876/3090/1407
f 3828/3049/1359 3876/3090/1407 3878/3092/1409
f 3828/3049/1359 3878/3092/1409 3830/3050/1361
f 3876/3090/1407 3877/3091/1408 3879/3093/1410
f 3876/3090/1407 3879/3093/1410 3878/3092/1409
f 3830/3050/1361 3878/3092/1409 3880/3094/1411
f 3830/3050/1361 3880/3094/1411 3832/3051/1363
f 3878/3092/1409 3879/3093/1410 3881/3095/1412
f 3878/3092/1409 3881/3095/1412 3880/3094/1411
f 3832/3051/1363 3880/3094/1411 3882/3096/1413
f 3832/3051/1363 3882/3096/1413 3834/3052/1365
f 3880/3094/1411 3881/3095/1412 3883/3097/1414
f 3880/3094/1411 3883/3097/1414 3882/3096/1413
f 3834/3052/1365 3882/3096/1413 3884/3098/1415
f 3834/3052/1365 3884/3098/1415 3836/3053/1367
f 3882/3096/1413 3883/3097/1414 3885/3099/1416
f 3882/3096/1413 3885/3099/1416 3884/3098/1415
f 3836/3053/1367 3884/3098/1415 3886/3100/1417
f 3836/3053/1367 3886/3100/1417 3838/3054/1369
f 3884/3098/1415 3885/3099/1416 3887/3101/1418
f 3884/3098/1415 3887/3101/1418 3886/3100/1417
f 3838/3054/1369 3886/3100/1417 3888/3102/1419
f 3838/3054/1369 3888/3102/1419 3840/3055/1371
f 3886/3100/1417 3887/3101/1418 3889/3103/1420
f 3886/3100/1417 3889/3103/1420 3888/3102/1419
f 3840/3055/1371 3888/3102/1419 3842/3056/1373
f 3840/3055/1371 3842/3056/1373 3794/3032/1325
f 3888/3102/1419 3889/3103/1420 3844/3058/1375
f 3888/3102/1419 3844/3058/1375 3842/3056/1373
f 3890/3104/1421 3891/3105/1422 3892/2962/1423
f 3890/3104/1421 3892/2962/1423 3893/2961/1424
f 3894/3106/1425 3890/3104/1421 3893/2961/1424
f 3894/3106/1425 3893/2961/1424 3895/2965/1426
f 3896/3107/1427 3894/3106/1425 3895/2965/1426
f 3896/3107/1427 3895/2965/1426 3897/2967/1428
f 3898/3108/1429 3896/3107/1427 3897/2967/1428
f 3898/3108/1429 3897/2967/1428 3899/2969/1430
f 3900/3109/1431 3898/3108/1429 3899/2969/1430
f 3900/3109/1431 3899/2969/1430 3901/2971/1432
f 3902/3110/1433 3900/3109/1431 3901/2971/1432
f 3902/3110/1433 3901/2971/1432 3903/2973/1434
f 3904/3111/1435 3902/3110/1433 3903/2973/1434
f 3904/3111/1435 3903/2973/1434 3905/2975/1436
f 3906/3112/1437 3904/3111/1435 3905/2975/1436
f 3906/3112/1437 3905/2975/1436 3907/2977/1438
f 3908/3113/1439 3906/3112/1437 3907/2977/1438
f 3908/3113/1439 3907/2977/1438 3909/2979/1440
f 3910/3114/1441 3908/3113/1439 3909/2979/1440
f 3910/3114/1441 3909/2979/1440 3911/2981/1442
f 3912/3115/1443 3910/3114/1441 3911/2981/1442
f 3912/3115/1443 3911/2981/1442 3913/2983/1444
f 3914/3116/1445 3912/3115/1443 3913/2983/1444
f 3914/3116/1445 3913/2983/1444 3915/2985/1446
f 3916/3117/1447 3914/3116/1445 3915/2985/1446
f 3916/3117/1447 3915/2985/1446 3917/2987/1448
f 3918/3118/1449 3916/3117/1447 3917/2987/1448
f 3918/3118/1449 3917/2987/1448 3919/2989/1450
f 3920/3119/1451 3918/3118/1449 3919/2989/1450
f 3920/3119/1451 3919/2989/1450 3921/2991/1452
f 3922/3120/1453 3920/3119/1451 3921/2991/1452
f 3922/3120/1453 3921/2991/1452 3923/2993/1454
f 3924/3121/1455 3922/3120/1453 3923/2993/1454
f 3924/3121/1455 3923/2993/1454 3925/2995/1456
f 3926/3122/1457 3924/3121/1455 3925/2995/1456
f 3926/3122/1457 3925/2995/1456 3927/2997/1458
f 3928/3123/1459 3926/3122/1457 3927/2997/1458
f 3928/3123/1459 3927/2997/1458 3929/2999/1460
f 3930/3124/1461 3928/3123/1459 3929/2999/1460
f 3930/3124/1461 3929/2999/1460 3931/3001/1462
f 3932/3125/1463 3930/3124/1461 3931/3001/1462
f 3932/3125/1463 3931/3001/1462 3933/3003/1464
f 3934/3126/1465 3932/3125/1463 3933/3003/1464
f 3934/3126/1465 3933/3003/1464 3935/3005/1466
f 3936/3127/1467 3934/3126/1465 3935/3005/1466
f 3936/3127/1467 3935/3005/1466 3937/3007/1468
f 3891/3105/1422 3936/3127/1467 3937/3007/1468
f 3891/3105/1422 3937/3007/1468 3892/2962/1423
f 3890/3104/1421 3938/3128/1469 3939/3129/1470
f 3890/3104/1421 3939/3129/1470 3891/3105/1422
f 3940/3130/1471 3941/2904/1472 3942/2907/1473
f 3940/3130/1471 3942/2907/1473 3943/3131/1474
f 3894/3106/1425 3944/3132/1475 3938/3128/1469
f 3894/3106/1425 3938/3128/1469 3890/3104/1421
f 3945/3133/1476 3946/2908/1477 3941/2904/1472
f 3945/3133/1476 3941/2904/1472 3940/3130/1471
f 3896/3107/1427 3947/3134/1478 3944/3132/1475
f 3896/3107/1427 3944/3132/1475 3894/3106/1425
f 3948/3135/1479 3949/2910/1479 3946/2908/1477
f 3948/3135/1479 3946/2908/1477 3945/3133/1476
f 3898/3108/1429 3950/3136/1480 3947/3134/1478
f 3898/3108/1429 3947/3134/1478 3896/3107/1427
f 3951/3137/1481 3952/2912/1482 3953/2915/1483
f 3951/3137/1481 3953/2915/1483 3954/3138/1483
f 3900/3109/1431 3955/3139/1484 3950/3136/1480
f 3900/3109/1431 3950/3136/1480 3898/3108/1429
f 3956/3140/1485 3957/2916/1486 3952/2912/1482
f 3956/3140/1485 3952/2912/1482 3951/3137/1481
f 3902/3110/1433 3958/3141/1487 3955/3139/1484
f 3902/3110/1433 3955/3139/1484 3900/3109/1431
f 3959/3142/1488 3960/2918/1489 3957/2916/1486
f 3959/3142/1488 3957/2916/1486 3956/3140/1485
f 3904/3111/1435 3961/3143/1490 3958/3141/1487
f 3904/3111/1435 3958/3141/1487 3902/3110/1433
f 3962/3144/1491 3963/2920/1492 3960/2918/1489
f 3962/3144/1491 3960/2918/1489 3959/3142/1488
f 3906/3112/1437 3964/3145/1493 3961/3143/1490
f 3906/3112/1437 3961/3143/1490 3904/3111/1435
f 3965/3146/1494 3966/2922/1495 3963/2920/1492
f 3965/3146/1494 3963/2920/1492 3962/3144/1491
f 3908/3113/1439 3967/3147/1496 3964/3145/1493
f 3908/3113/1439 3964/3145/1493 3906/3112/1437
f 3968/3148/1497 3969/2924/1497 3966/2922/1495
f 3968/3148/1497 3966/2922/1495 3965/3146/1494
f 3910/3114/1441 3970/3149/1498 3967/3147/1496
f 3910/3114/1441 3967/3147/1496 3908/3113/1439
f 3971/3150/1499 3972/2926/1500 3973/2929/1501
f 3971/3150/1499 3973/2929/1501 3974/3151/1501
f 3912/3115/1443 3975/3152/1502 3970/3149/1498
f 3912/3115/1443 3970/3149/1498 3910/3114/1441
f 3976/3153/1503 3977/2930/1504 3972/2926/1500
f 3976/3153/1503 3972/2926/1500 3971/3150/1499
f 3914/3116/1445 3978/3154/1505 3975/3152/1502
f 3914/3116/1445 3975/3152/1502 3912/3115/1443
f 3979/3155/1506 3980/2932/1507 3977/2930/1504
f 3979/3155/1506 3977/2930/1504 3976/3153/1503
f 3916/3117/1447 3981/3156/1508 3978/3154/1505
f 3916/3117/1447 3978/3154/1505 3914/3116/1445
f 3982/3157/1509 3983/2934/1510 3980/2932/1507
f 3982/3157/1509 3980/2932/1507 3979/3155/1506
f 3918/3118/1449 3984/3158/1511 3981/3156/1508
f 3918/3118/1449 3981/3156/1508 3916/3117/1447
f 3985/3159/1512 3986/2936/1513 3983/2934/1510
f 3985/3159/1512 3983/2934/1510 3982/3157/1509
f 3920/3119/1451 3987/3160/1514 3984/3158/1511
f 3920/3119/1451 3984/3158/1511 3918/3118/1449
f 3988/3161/1515 3989/2938/1515 3986/2936/1513
f 3988/3161/1515 3986/2936/1513 3985/3159/1512
f 3922/3120/1453 3990/3162/1516 3987/3160/1514
f 3922/3120/1453 3987/3160/1514 3920/3119/1451
f 3991/3163/1517 3992/2940/1518 3993/2943/1519
f 3991/3163/1517 3993/2943/1519 3994/3164/1519
f 3924/3121/1455 3995/3165/1520 3990/3162/1516
f 3924/3121/1455 3990/3162/1516 3922/3120/1453
f 3996/3166/1521 3997/2944/1522 3992/2940/1518
f 3996/3166/1521 3992/2940/1518 3991/3163/1517
f 3926/3122/1457 3998/3167/1523 3995/3165/1520
f 3926/3122/1457 3995/3165/1520 3924/3121/1455
f 3999/3168/1524 4000/2946/1525 3997/2944/1522
f 3999/3168/1524 3997/2944/1522 3996/3166/1521
f 3928/3123/1459 4001/3169/1526 3998/3167/1523
f 3928/3123/1459 3998/3167/1523 3926/3122/1457
f 4002/3170/1527 4003/2948/1528 4000/2946/1525
f 4002/3170/1527 4000/2946/1525 3999/3168/1524
f 3930/3124/1461 4004/3171/1529 4001/3169/1526
f 3930/3124/1461 4001/3169/1526 3928/3123/1459
f 4005/3172/1530 4006/2950/1531 4003/2948/1528
f 4005/3172/1530 4003/2948/1528 4002/3170/1527
f 3932/3125/1463 4007/3173/1532 4004/3171/1529
f 3932/3125/1463 4004/3171/1529 3930/3124/1461
f 4008/3174/1533 4009/2952/1533 4006/2950/1531
f 4008/3174/1533 4006/2950/1531 4005/3172/1530
f 3934/3126/1465 4010/3175/1534 4007/3173/1532
f 3934/3126/1465 4007/3173/1532 3932/3125/1463
f 4011/3176/1535 4012/2954/1536 4013/2957/1537
f 4011/3176/1535 4013/2957/1537 4014/3177/1537
f 3936/3127/1467 4015/3178/1538 4010/3175/1534
f 3936/3127/1467 4010/3175/1534 3934/3126/1465
f 4016/3179/1539 4017/2958/1540 4012/2954/1536
f 4016/3179/1539 4012/2954/1536 4011/3176/1535
f 3891/3105/1422 3939/3129/1470 4015/3178/1538
f 3891/3105/1422 4015/3178/1538 3936/3127/1467
f 3943/3131/1474 3942/2907/1473 4017/2958/1540
f 3943/3131/1474 4017/2958/1540 4016/3179/1539
f 4018/2745/1007 4019/2741/1007 4020/2743/1007
f 4019/2741/1007 4018/2745/1007 4021/2747/1007
f 4019/2741/1007 4021/2747/1007 4022/2739/1007
f 4022/2739/1007 4021/2747/1007 4023/2749/1007
f 4022/2739/1007 4023/2749/1007 4024/2737/1007
f 4024/2737/1007 4023/2749/1007 4025/2751/1007
f 4024/2737/1007 4025/2751/1007 4026/2735/1007
f 4026/2735/1007 4025/2751/1007 4027/2753/1007
f 4026/2735/1007 4027/2753/1007 4028/2732/1007
f 4028/2732/1007 4027/2753/1007 4029/2755/1007
f 4028/2732/1007 4029/2755/1007 4030/2733/1007
f 4030/2733/1007 4029/2755/1007 4031/2757/1007
f 4030/2733/1007 4031/2757/1007 4032/2759/1007
f 4030/2733/1007 4032/2759/1007 4033/2777/1007
f 4033/2777/1007 4032/2759/1007 4034/2775/1007
f 4034/2775/1007 4032/2759/1007 4035/2761/1007
f 4034/2775/1007 4035/2761/1007 4036/2773/1007
f 4036/2773/1007 4035/2761/1007 4037/2763/1007
f 4036/2773/1007 4037/2763/1007 4038/2771/1007
f 4038/2771/1007 4037/2763/1007 4039/2765/1007
f 4038/2771/1007 4039/2765/1007 4040/2769/1007
f 4040/2769/1007 4039/2765/1007 4041/2767/1007
f 4042/3180/1276 4043/3181/1276 4044/3182/1276
f 4043/3181/1276 4042/3180/1276 4045/3183/1276
f 4045/3183/1276 4042/3180/1276 4046/3184/1276
f 4045/3183/1276 4046/3184/1276 4047/3185/1276
f 4047/3185/1276 4046/3184/1276 4048/3186/1276
f 4047/3185/1276 4048/3186/1276 4049/3187/1276
f 4049/3187/1276 4048/3186/1276 4050/3188/1276
f 4049/3187/1276 4050/3188/1276 4051/3189/1276
f 4051/3189/1276 4050/3188/1276 4052/3190/1276
f 4051/3189/1276 4052/3190/1276 4053/3191/1276
f 4053/3191/1276 4052/3190/1276 4054/3192/1276
f 4053/3191/1276 4054/3192/1276 4055/3193/1276
f 4055/3193/1276 4054/3192/1276 4056/3194/1276
f 4056/3194/1276 4054/3192/1276 4057/3195/1276
f 4056/3194/1276 4057/3195/1276 4058/3196/1276
f 4056/3194/1276 4058/3196/1276 4059/3197/1276
f 4059/3197/1276 4058/3196/1276 4060/3198/1276
f 4059/3197/1276 4060/3198/1276 4061/3199/1276
f 4061/3199/1276 4060/3198/1276 4062/3200/1276
f 4061/3199/1276 4062/3200/1276 4063/3201/1276
f 4063/3201/1276 4062/3200/1276 4064/3202/1276
f 4063/3201/1276 4064/3202/1276 4065/3203/1276
f 4066/3067/1276 4067/3071/1276 4068/3069/1276
f 4067/3071/1276 4066/3067/1276 4069/3073/1276
f 4069/3073/1276 4066/3067/1276 4070/3065/1276
f 4069/3073/1276 4070/3065/1276 4071/3075/1276
f 4071/3075/1276 4070/3065/1276 4072/3063/1276
f 4071/3075/1276 4072/3063/1276 4073/3077/1276
f 4073/3077/1276 4072/3063/1276 4074/3061/1276
f 4073/3077/1276 4074/3061/1276 4075/3079/1276
f 4075/3079/1276 4074/3061/1276 4076/3059/1276
f 4075/3079/1276 4076/3059/1276 4077/3081/1276
f 4077/3081/1276 4076/3059/1276 4078/3058/1276
f 4077/3081/1276 4078/3058/1276 4079/3083/1276
f 4079/3083/1276 4078/3058/1276 4080/3085/1276
f 4080/3085/1276 4078/3058/1276 4081/3103/1276
f 4080/3085/1276 4081/3103/1276 4082/3101/1276
f 4080/3085/1276 4082/3101/1276 4083/3087/1276
f 4083/3087/1276 4082/3101/1276 4084/3099/1276
f 4083/3087/1276 4084/3099/1276 4085/3089/1276
f 4085/3089/1276 4084/3099/1276 4086/3097/1276
f 4085/3089/1276 4086/3097/1276 4087/3091/1276
f 4087/3091/1276 4086/3097/1276 4088/3095/1276
f 4087/3091/1276 4088/3095/1276 4089/3093/1276
f 4090/3204/1007 4091/3205/1007 4092/3206/1007
f 4091/3205/1007 4090/3204/1007 4093/3207/1007
f 4091/3205/1007 4093/3207/1007 4094/3208/1007
f 4094/3208/1007 4093/3207/1007 4095/3209/1007
f 4094/3208/1007 4095/3209/1007 4096/3210/1007
f 4096/3210/1007 4095/3209/1007 4097/3211/1007
f 4096/3210/1007 4097/3211/1007 4098/3212/1007
f 4098/3212/1007 4097/3211/1007 4099/3213/1007
f 4098/3212/1007 4099/3213/1007 4100/3214/1007
f 4100/3214/1007 4099/3213/1007 4101/3215/1007
f 4100/3214/1007 4101/3215/1007 4102/3216/1007
f 4102/3216/1007 4101/3215/1007 4103/3217/1007
f 4102/3216/1007 4103/3217/1007 4104/3218/1007
f 4102/3216/1007 4104/3218/1007 4105/3219/1007
f 4105/3219/1007 4104/3218/1007 4106/3220/1007
f 4106/3220/1007 4104/3218/1007 4107/3221/1007
f 4106/3220/1007 4107/3221/1007 4108/3222/1007
f 4108/3222/1007 4107/3221/1007 4109/3223/1007
f 4108/3222/1007 4109/3223/1007 4110/3224/1007
f 4110/3224/1007 4109/3223/1007 4111/3225/1007
f 4110/3224/1007 4111/3225/1007 4112/3226/1007
f 4112/3226/1007 4111/3225/1007 4113/3227/1007
o lock_2_door_old_metal_0_1
v 50.803276 132.053299 -5.496527
v 50.788254 132.014160 -5.337438
v 50.114807 132.379822 -5.337438
v 50.139446 132.413742 -5.496527
v 50.848335 132.170685 -5.621190
v 50.213352 132.515457 -5.621190
v 49.558949 132.907333 -5.337438
v 49.591522 132.933701 -5.496527
v 49.689243 133.012833 -5.621190
v 54.941765 142.778305 4.096435
v 48.738781 142.778305 4.096435
v 48.738781 142.778305 4.674757
v 54.941765 142.778305 4.674757
v 48.349388 142.719818 4.096435
v 48.349388 142.719818 4.674757
v 47.968628 142.531570 4.096435
v 47.968628 142.531570 4.674757
v 47.660202 142.223145 4.096435
v 47.660202 142.223145 4.674757
v 47.660202 142.223145 4.096435
v 47.471958 141.842392 4.096436
v 47.471958 141.842392 4.674757
v 47.660202 142.223145 4.674757
v 47.413460 141.452988 4.096436
v 47.413460 141.452988 4.674757
v 47.413460 115.648811 4.096437
v 47.413460 115.648811 4.674759
v 47.471958 115.259422 4.096437
v 47.471958 115.259422 4.674759
v 47.660202 114.878662 4.096437
v 47.660202 114.878662 4.674759
v 47.660202 114.878662 4.096437
v 47.968628 114.570236 4.096437
v 47.968628 114.570236 4.674759
v 47.660202 114.878662 4.674759
v 48.349388 114.381989 4.096437
v 48.349388 114.381989 4.674759
v 48.738781 114.323494 4.096437
v 48.738781 114.323494 4.674759
v 54.941765 114.323494 4.096437
v 54.941765 114.323494 4.674759
v 55.331161 114.381989 4.096437
v 55.331161 114.381989 4.674759
v 55.711922 114.570236 4.096437
v 55.711922 114.570236 4.674759
v 55.711922 114.570236 4.096437
v 56.020348 114.878662 4.096437
v 56.020348 114.878662 4.674759
v 55.711922 114.570236 4.674759
v 56.208591 115.259422 4.096437
v 56.208591 115.259422 4.674759
v 56.267086 115.648811 4.096437
v 56.267086 115.648811 4.674759
v 56.267086 141.452988 4.096436
v 56.267086 141.452988 4.674757
v 56.208591 141.842392 4.096436
v 56.208591 141.842392 4.674757
v 56.020348 142.223145 4.096435
v 56.020348 142.223145 4.674757
v 55.711922 142.531570 4.096435
v 55.711922 142.531570 4.674757
v 55.711922 142.531570 4.096435
v 55.331161 142.719818 4.096435
v 55.331161 142.719818 4.674757
v 55.711922 142.531570 4.674757
v 48.738781 142.778305 4.674757
v 48.740620 142.753693 4.769032
v 54.939926 142.753693 4.769032
v 54.941765 142.778305 4.674757
v 48.349388 142.719818 4.674757
v 48.356850 142.696030 4.769032
v 47.968628 142.531570 4.674757
v 47.983173 142.511292 4.769032
v 47.660202 142.223145 4.674757
v 47.680481 142.208603 4.769032
v 47.471958 141.842392 4.674757
v 47.495735 141.834915 4.769032
v 47.680481 142.208603 4.769032
v 47.660202 142.223145 4.674757
v 47.413460 141.452988 4.674757
v 47.438087 141.451157 4.769032
v 47.413460 115.648811 4.674759
v 47.438087 115.650658 4.769034
v 47.471958 115.259422 4.674759
v 47.495735 115.266884 4.769034
v 47.660202 114.878662 4.674759
v 47.680481 114.893204 4.769034
v 47.968628 114.570236 4.674759
v 47.983173 114.590515 4.769034
v 47.680481 114.893204 4.769034
v 47.660202 114.878662 4.674759
v 48.349388 114.381989 4.674759
v 48.356850 114.405769 4.769034
v 48.738781 114.323494 4.674759
v 48.740620 114.348122 4.769034
v 54.941765 114.323494 4.674759
v 54.939926 114.348122 4.769034
v 55.331161 114.381989 4.674759
v 55.323696 114.405769 4.769034
v 55.711922 114.570236 4.674759
v 55.697372 114.590515 4.769034
v 56.020348 114.878662 4.674759
v 56.000069 114.893204 4.769034
v 56.208591 115.259422 4.674759
v 56.184811 115.266884 4.769034
v 56.000069 114.893204 4.769034
v 56.020348 114.878662 4.674759
v 56.267086 115.648811 4.674759
v 56.242462 115.650658 4.769034
v 56.267086 141.452988 4.674757
v 56.242462 141.451157 4.769032
v 56.208591 141.842392 4.674757
v 56.184811 141.834915 4.769032
v 56.020348 142.223145 4.674757
v 56.000069 142.208603 4.769032
v 55.711922 142.531570 4.674757
v 55.697372 142.511292 4.769032
v 55.331161 142.719818 4.674757
v 55.323696 142.696030 4.769032
v 55.697372 142.511292 4.769032
v 55.711922 142.531570 4.674757
v 48.746140 142.679810 4.842906
v 54.934406 142.679810 4.842906
v 54.939926 142.753693 4.769032
v 48.740620 142.753693 4.769032
v 48.753181 142.585541 4.867531
v 54.927368 142.585541 4.867531
v 48.379242 142.624695 4.842906
v 48.356850 142.696030 4.769032
v 48.407818 142.533661 4.867531
v 48.026814 142.450455 4.842906
v 47.983173 142.511292 4.769032
v 48.082504 142.372818 4.867531
v 47.741314 142.164963 4.842906
v 47.680481 142.208603 4.769032
v 47.818947 142.109268 4.867531
v 47.567078 141.812531 4.842906
v 47.495735 141.834915 4.769032
v 47.658115 141.783951 4.867531
v 47.511963 141.445633 4.842906
v 47.438087 141.451157 4.769032
v 47.606236 141.438583 4.867531
v 47.511963 115.656174 4.842908
v 47.438087 115.650658 4.769034
v 47.606236 115.663216 4.867533
v 47.567078 115.289276 4.842908
v 47.495735 115.266884 4.769034
v 47.658115 115.317848 4.867533
v 47.741314 114.936844 4.842908
v 47.680481 114.893204 4.769034
v 47.818947 114.992538 4.867533
v 48.026814 114.651344 4.842908
v 47.983173 114.590515 4.769034
v 48.082504 114.728981 4.867533
v 48.379242 114.477112 4.842908
v 48.356850 114.405769 4.769034
v 48.407818 114.568146 4.867533
v 48.746140 114.421997 4.842908
v 48.740620 114.348122 4.769034
v 48.753181 114.516266 4.867533
v 54.934406 114.421997 4.842908
v 48.746140 114.421997 4.842908
v 54.927368 114.516266 4.867533
v 54.934406 114.421997 4.842908
v 55.301304 114.477112 4.842908
v 54.939926 114.348122 4.769034
v 55.323696 114.405769 4.769034
v 55.272732 114.568146 4.867533
v 55.653736 114.651344 4.842908
v 55.697372 114.590515 4.769034
v 55.598045 114.728981 4.867533
v 55.939232 114.936844 4.842908
v 56.000069 114.893204 4.769034
v 55.861599 114.992538 4.867533
v 56.113472 115.289276 4.842908
v 56.184811 115.266884 4.769034
v 56.022430 115.317848 4.867533
v 56.168587 115.656174 4.842908
v 56.242462 115.650658 4.769034
v 56.074310 115.663216 4.867533
v 56.168587 141.445633 4.842906
v 56.168587 115.656174 4.842908
v 56.074310 141.438583 4.867531
v 56.168587 141.445633 4.842906
v 56.113472 141.812531 4.842906
v 56.242462 141.451157 4.769032
v 56.184811 141.834915 4.769032
v 56.022430 141.783951 4.867531
v 55.939232 142.164963 4.842906
v 56.000069 142.208603 4.769032
v 55.861599 142.109268 4.867531
v 55.653736 142.450455 4.842906
v 55.697372 142.511292 4.769032
v 55.598045 142.372818 4.867531
v 55.301304 142.624695 4.842906
v 55.323696 142.696030 4.769032
v 55.272732 142.533661 4.867531
v 52.721867 123.217659 4.867532
v 52.097439 123.367577 4.867532
v 52.097439 123.367577 5.566338
v 52.721867 123.217659 5.566338
v 52.225060 118.491470 6.566353
v 52.097439 123.367577 6.566352
v 51.455486 123.350777 6.566352
v 51.583107 118.474670 6.566353
v 51.455486 123.350777 4.867532
v 51.455486 123.350777 5.566338
v 50.839760 123.168396 4.867532
v 50.839760 123.168396 5.566338
v 50.839760 123.168396 4.867532
v 50.292213 122.832870 4.867533
v 50.292213 122.832870 5.566338
v 50.839760 123.168396 5.566338
v 49.850163 122.367065 4.867533
v 49.850163 122.367065 5.566338
v 49.543739 121.802719 4.867533
v 49.543739 121.802719 5.566338
v 49.393818 121.178291 4.867533
v 49.393818 121.178291 5.566338
v 49.410622 120.536339 4.867533
v 49.410622 120.536339 5.566338
v 49.592999 119.920609 4.867533
v 49.592999 119.920609 5.566338
v 49.928524 119.373062 4.867533
v 49.928524 119.373062 5.566338
v 50.394333 118.931015 4.867533
v 50.394333 118.931015 5.566338
v 50.958679 118.624588 4.867533
v 50.958679 118.624588 5.566338
v 51.583107 118.474670 4.867533
v 51.583107 118.474670 5.566338
v 51.583107 118.474670 4.867533
v 52.225060 118.491470 4.867533
v 52.225060 118.491470 5.566338
v 51.583107 118.474670 5.566338
v 52.225060 118.491470 4.867533
v 52.840790 118.673851 4.867533
v 52.840790 118.673851 5.566338
v 52.225060 118.491470 5.566338
v 53.388336 119.009377 4.867533
v 53.388336 119.009377 5.566338
v 53.830383 119.475182 4.867533
v 53.830383 119.475182 5.566338
v 54.136806 120.039528 4.867533
v 54.136806 120.039528 5.566338
v 54.286728 120.663956 4.867533
v 54.286728 120.663956 5.566338
v 54.269928 121.305908 4.867533
v 54.269928 121.305908 5.566338
v 54.087547 121.921638 4.867533
v 54.087547 121.921638 5.566338
v 53.752022 122.469185 4.867533
v 53.752022 122.469185 5.566338
v 53.286213 122.911232 4.867533
v 53.286213 122.911232 5.566338
v 52.721867 123.217659 4.867532
v 52.721867 123.217659 5.566338
v 52.225060 118.491470 6.566353
v 51.583107 118.474670 6.566353
v 52.225060 118.491470 5.566338
v 52.097439 123.367577 5.566338
v 52.097439 123.367577 6.566352
v 52.225060 118.491470 6.566353
v 52.097439 123.367577 5.566338
v 51.455486 123.350777 5.566338
v 51.455486 123.350777 6.566352
v 52.097439 123.367577 6.566352
v 51.455486 123.350777 5.566338
v 51.583107 118.474670 5.566338
v 51.583107 118.474670 6.566353
v 51.455486 123.350777 6.566352
v 52.147156 137.674057 4.867531
v 51.381104 137.654007 4.867531
v 51.381104 137.654007 5.337418
v 52.147156 137.674057 5.337418
v 50.646339 137.436371 4.867531
v 50.646339 137.436371 5.337418
v 49.992947 137.035980 4.867531
v 49.992947 137.035980 5.337418
v 49.465443 136.480133 4.867531
v 49.465443 136.480133 5.337418
v 49.099777 135.806686 4.867531
v 49.099777 135.806686 5.337418
v 48.920876 135.061539 4.867532
v 48.920876 135.061539 5.337418
v 48.940926 134.295486 4.867532
v 48.940926 134.295486 5.337418
v 49.158562 133.560730 4.867532
v 49.158562 133.560730 5.337418
v 49.558949 132.907333 4.867532
v 49.558949 132.907333 5.337418
v 50.114807 132.379822 4.867532
v 50.114807 132.379822 5.337418
v 50.788254 132.014160 4.867532
v 50.788254 132.014160 5.337418
v 51.533394 131.835266 4.867532
v 51.533394 131.835266 5.337418
v 52.299446 131.855316 4.867532
v 52.299446 131.855316 5.337418
v 53.034206 132.072952 4.867532
v 53.034206 132.072952 5.337418
v 53.687603 132.473343 4.867532
v 53.687603 132.473343 5.337418
v 54.215107 133.029190 4.867532
v 54.215107 133.029190 5.337418
v 54.580769 133.702637 4.867532
v 54.580769 133.702637 5.337418
v 54.759670 134.447784 4.867532
v 54.759670 134.447784 5.337418
v 54.759670 134.447784 4.867532
v 54.739620 135.213837 4.867532
v 54.739620 135.213837 5.337418
v 54.759670 134.447784 5.337418
v 54.521988 135.948593 4.867531
v 54.521988 135.948593 5.337418
v 54.121597 136.601990 4.867531
v 54.121597 136.601990 5.337418
v 53.565739 137.129486 4.867531
v 53.565739 137.129486 5.337418
v 52.892292 137.495163 4.867531
v 52.892292 137.495163 5.337418
v 52.112854 137.347748 5.662724
v 51.432426 137.329926 5.662724
v 51.586399 136.357712 5.662724
v 52.009949 136.368790 5.662724
v 50.779793 137.136627 5.662724
v 51.180149 136.237381 5.662724
v 50.199429 136.780991 5.662724
v 50.818886 136.016006 5.662724
v 49.730888 136.287262 5.662724
v 50.527225 135.708664 5.662724
v 49.406097 135.689087 5.662724
v 50.325050 135.336319 5.662724
v 49.247192 135.027237 5.662724
v 50.226135 134.924332 5.662724
v 49.264999 134.346817 5.662724
v 50.237221 134.500778 5.662724
v 49.458309 133.694183 5.662724
v 50.357552 134.094528 5.662724
v 49.813946 133.113815 5.662724
v 50.578930 133.733276 5.662724
v 50.307671 132.645279 5.662724
v 50.886261 133.441620 5.662724
v 50.905842 132.320480 5.662724
v 51.258610 133.239441 5.662724
v 51.567696 132.161575 5.662724
v 51.670601 133.140518 5.662724
v 52.248123 132.179382 5.662724
v 52.094151 133.151611 5.662724
v 52.900753 132.372696 5.662724
v 52.500401 133.271942 5.662724
v 53.481117 132.728333 5.662724
v 52.861664 133.493317 5.662724
v 53.949661 133.222061 5.662724
v 53.153320 133.800644 5.662724
v 54.274452 133.820236 5.662724
v 53.355495 134.173004 5.662724
v 54.433357 134.482086 5.662724
v 53.454411 134.584991 5.662724
v 54.433357 134.482086 5.662724
v 54.415546 135.162506 5.662724
v 53.443325 135.008530 5.662724
v 53.454411 134.584991 5.662724
v 54.222237 135.815140 5.662724
v 53.322994 135.414780 5.662724
v 53.866604 136.395508 5.662724
v 53.101620 135.776047 5.662724
v 53.372875 136.864044 5.662724
v 52.794285 136.067703 5.662724
v 52.774704 137.188843 5.662724
v 52.421936 136.269882 5.662724
v 49.158562 133.560730 -5.337438
v 49.196850 133.577774 -5.496527
v 49.311718 133.628922 -5.621190
v 48.940926 134.295486 -5.337438
v 48.982323 134.302048 -5.496527
v 49.106514 134.321716 -5.621190
v 48.920876 135.061539 -5.337438
v 48.962559 135.057159 -5.496527
v 49.087608 135.044006 -5.621190
v 49.099777 135.806686 -5.337439
v 49.138908 135.791656 -5.496527
v 49.256294 135.746597 -5.621190
v 49.465443 136.480133 -5.337439
v 49.499348 136.455490 -5.496527
v 49.601074 136.381577 -5.621190
v 49.992947 137.035980 -5.337439
v 50.019321 137.003418 -5.496527
v 50.098450 136.905685 -5.621190
v 50.646339 137.436371 -5.337439
v 50.663387 137.398087 -5.496527
v 50.714531 137.283218 -5.621190
v 51.381104 137.654007 -5.337439
v 51.387657 137.612610 -5.496527
v 51.407326 137.488419 -5.621190
v 52.147156 137.674057 -5.337439
v 52.142773 137.632370 -5.496527
v 52.129627 137.507324 -5.621190
v 52.832211 137.338638 -5.621190
v 52.774704 137.188843 -5.662745
v 52.112854 137.347748 -5.662745
v 53.467194 136.993866 -5.621190
v 53.372875 136.864044 -5.662745
v 53.991306 136.496490 -5.621190
v 53.866604 136.395508 -5.662745
v 54.368828 135.880402 -5.621190
v 54.222237 135.815140 -5.662745
v 54.574032 135.187607 -5.621190
v 54.415546 135.162506 -5.662744
v 54.592937 134.465302 -5.621190
v 54.433357 134.482086 -5.662744
v 52.112854 137.347748 5.662724
v 52.129627 137.507324 5.621169
v 51.407326 137.488419 5.621169
v 51.432426 137.329926 5.662724
v 50.714531 137.283218 5.621169
v 50.779793 137.136627 5.662724
v 50.098450 136.905685 5.621169
v 50.199429 136.780991 5.662724
v 49.601074 136.381577 5.621169
v 49.730888 136.287262 5.662724
v 49.256294 135.746597 5.621170
v 49.406097 135.689087 5.662724
v 49.087608 135.044006 5.621170
v 49.247192 135.027237 5.662724
v 49.106514 134.321716 5.621170
v 49.264999 134.346817 5.662724
v 49.311718 133.628922 5.621170
v 49.458309 133.694183 5.662724
v 49.689243 133.012833 5.621170
v 49.813946 133.113815 5.662724
v 50.213352 132.515457 5.621170
v 50.307671 132.645279 5.662724
v 50.848335 132.170685 5.621170
v 50.905842 132.320480 5.662724
v 51.550919 132.001999 5.621170
v 51.567696 132.161575 5.662724
v 52.273220 132.020905 5.621170
v 52.248123 132.179382 5.662724
v 52.966019 132.226105 5.621170
v 52.900753 132.372696 5.662724
v 53.582096 132.603622 5.621170
v 53.481117 132.728333 5.662724
v 54.079475 133.127747 5.621170
v 53.949661 133.222061 5.662724
v 54.424252 133.762726 5.621170
v 54.274452 133.820236 5.662724
v 54.592937 134.465302 5.621170
v 54.433357 134.482086 5.662724
v 54.433357 134.482086 5.662724
v 54.592937 134.465302 5.621170
v 54.574032 135.187607 5.621170
v 54.415546 135.162506 5.662724
v 54.368828 135.880402 5.621169
v 54.222237 135.815140 5.662724
v 53.991306 136.496490 5.621169
v 53.866604 136.395508 5.662724
v 53.467194 136.993866 5.621169
v 53.372875 136.864044 5.662724
v 52.832211 137.338638 5.621169
v 52.774704 137.188843 5.662724
v 52.142773 137.632370 5.496506
v 51.387657 137.612610 5.496506
v 52.147156 137.674057 5.337418
v 51.381104 137.654007 5.337418
v 50.663387 137.398087 5.496506
v 50.646339 137.436371 5.337418
v 50.019321 137.003418 5.496506
v 49.992947 137.035980 5.337418
v 49.499348 136.455490 5.496506
v 49.465443 136.480133 5.337418
v 49.138908 135.791656 5.496507
v 49.099777 135.806686 5.337418
v 48.962559 135.057159 5.496507
v 48.920876 135.061539 5.337418
v 48.982323 134.302048 5.496507
v 48.940926 134.295486 5.337418
v 49.196850 133.577774 5.496507
v 49.158562 133.560730 5.337418
v 49.591522 132.933701 5.496507
v 49.558949 132.907333 5.337418
v 50.139446 132.413742 5.496507
v 50.114807 132.379822 5.337418
v 50.803276 132.053299 5.496507
v 50.788254 132.014160 5.337418
v 51.537773 131.876938 5.496507
v 51.533394 131.835266 5.337418
v 52.292889 131.896713 5.496507
v 52.299446 131.855316 5.337418
v 53.017159 132.111237 5.496507
v 53.034206 132.072952 5.337418
v 53.661224 132.505905 5.496507
v 53.687603 132.473343 5.337418
v 54.181198 133.053833 5.496507
v 54.215107 133.029190 5.337418
v 54.541641 133.717667 5.496507
v 54.580769 133.702637 5.337418
v 54.717987 134.452164 5.496507
v 54.759670 134.447784 5.337418
v 54.717987 134.452164 5.496507
v 54.698223 135.207275 5.496507
v 54.759670 134.447784 5.337418
v 54.739620 135.213837 5.337418
v 54.483696 135.931549 5.496506
v 54.521988 135.948593 5.337418
v 54.089024 136.575607 5.496506
v 54.121597 136.601990 5.337418
v 53.541103 137.095581 5.496506
v 53.565739 137.129486 5.337418
v 52.877274 137.456024 5.496506
v 52.892292 137.495163 5.337418
v 54.592937 134.465302 -5.621190
v 54.424252 133.762726 -5.621190
v 54.274452 133.820236 -5.662744
v 54.433357 134.482086 -5.662744
v 54.079475 133.127747 -5.621190
v 53.949661 133.222061 -5.662744
v 53.582096 132.603622 -5.621190
v 53.481117 132.728333 -5.662744
v 52.966019 132.226105 -5.621190
v 52.900753 132.372696 -5.662744
v 52.273220 132.020905 -5.621190
v 52.248123 132.179382 -5.662744
v 51.550919 132.001999 -5.621190
v 51.567696 132.161575 -5.662744
v 50.905842 132.320480 -5.662744
v 50.307671 132.645279 -5.662744
v 49.813946 133.113815 -5.662744
v 49.458309 133.694183 -5.662744
v 49.264999 134.346817 -5.662744
v 49.247192 135.027237 -5.662744
v 49.406097 135.689087 -5.662744
v 49.730888 136.287262 -5.662745
v 50.199429 136.780991 -5.662745
v 50.779793 137.136627 -5.662745
v 51.432426 137.329926 -5.662745
v 52.009949 136.368790 -5.662745
v 52.112854 137.347748 -5.662745
v 52.774704 137.188843 -5.662745
v 52.421936 136.269882 -5.662745
v 53.372875 136.864044 -5.662745
v 52.794285 136.067703 -5.662745
v 53.866604 136.395508 -5.662745
v 53.101620 135.776047 -5.662744
v 54.222237 135.815140 -5.662745
v 53.322994 135.414780 -5.662744
v 54.415546 135.162506 -5.662744
v 53.443325 135.008530 -5.662744
v 54.433357 134.482086 -5.662744
v 53.454411 134.584991 -5.662744
v 53.454411 134.584991 -5.662744
v 54.433357 134.482086 -5.662744
v 54.274452 133.820236 -5.662744
v 53.355495 134.173004 -5.662744
v 53.949661 133.222061 -5.662744
v 53.153320 133.800644 -5.662744
v 53.481117 132.728333 -5.662744
v 52.861664 133.493317 -5.662744
v 52.900753 132.372696 -5.662744
v 52.500401 133.271942 -5.662744
v 52.248123 132.179382 -5.662744
v 52.094151 133.151611 -5.662744
v 51.567696 132.161575 -5.662744
v 51.670601 133.140518 -5.662744
v 50.905842 132.320480 -5.662744
v 51.258610 133.239441 -5.662744
v 50.307671 132.645279 -5.662744
v 50.886261 133.441620 -5.662744
v 49.813946 133.113815 -5.662744
v 50.578930 133.733276 -5.662744
v 49.458309 133.694183 -5.662744
v 50.357552 134.094528 -5.662744
v 49.264999 134.346817 -5.662744
v 50.237221 134.500778 -5.662744
v 49.247192 135.027237 -5.662744
v 50.226135 134.924332 -5.662744
v 49.406097 135.689087 -5.662744
v 50.325050 135.336319 -5.662744
v 49.730888 136.287262 -5.662745
v 50.527225 135.708664 -5.662744
v 50.199429 136.780991 -5.662745
v 50.818886 136.016006 -5.662745
v 50.779793 137.136627 -5.662745
v 51.180149 136.237381 -5.662745
v 51.432426 137.329926 -5.662745
v 51.586399 136.357712 -5.662745
v 52.147156 137.674057 -5.337439
v 52.147156 137.674057 -4.867552
v 52.892292 137.495163 -4.867552
v 52.892292 137.495163 -5.337439
v 53.565739 137.129486 -4.867552
v 53.565739 137.129486 -5.337439
v 54.121597 136.601990 -4.867552
v 54.121597 136.601990 -5.337439
v 54.521988 135.948593 -4.867552
v 54.521988 135.948593 -5.337439
v 54.739620 135.213837 -4.867552
v 54.739620 135.213837 -5.337438
v 54.759670 134.447784 -4.867552
v 54.759670 134.447784 -5.337438
v 54.759670 134.447784 -5.337438
v 54.759670 134.447784 -4.867552
v 54.580769 133.702637 -4.867552
v 54.580769 133.702637 -5.337438
v 54.215107 133.029190 -4.867552
v 54.215107 133.029190 -5.337438
v 53.687603 132.473343 -4.867552
v 53.687603 132.473343 -5.337438
v 53.034206 132.072952 -4.867552
v 53.034206 132.072952 -5.337438
v 52.299446 131.855316 -4.867552
v 52.299446 131.855316 -5.337438
v 51.533394 131.835266 -4.867552
v 51.533394 131.835266 -5.337438
v 50.788254 132.014160 -4.867552
v 50.788254 132.014160 -5.337438
v 50.114807 132.379822 -4.867552
v 50.114807 132.379822 -5.337438
v 49.558949 132.907333 -4.867552
v 49.558949 132.907333 -5.337438
v 49.158562 133.560730 -4.867552
v 49.158562 133.560730 -5.337438
v 48.940926 134.295486 -4.867552
v 48.940926 134.295486 -5.337438
v 48.920876 135.061539 -4.867552
v 48.920876 135.061539 -5.337438
v 49.099777 135.806686 -4.867552
v 49.099777 135.806686 -5.337439
v 49.465443 136.480133 -4.867552
v 49.465443 136.480133 -5.337439
v 49.992947 137.035980 -4.867552
v 49.992947 137.035980 -5.337439
v 50.646339 137.436371 -4.867552
v 50.646339 137.436371 -5.337439
v 51.381104 137.654007 -4.867552
v 51.381104 137.654007 -5.337439
v 51.583107 118.474670 -6.566371
v 51.583107 118.474670 -5.566356
v 51.455486 123.350777 -5.566357
v 51.455486 123.350777 -6.566371
v 51.455486 123.350777 -6.566371
v 51.455486 123.350777 -5.566357
v 52.097439 123.367577 -5.566357
v 52.097439 123.367577 -6.566371
v 52.097439 123.367577 -6.566371
v 52.097439 123.367577 -5.566357
v 52.225060 118.491470 -5.566356
v 52.225060 118.491470 -6.566371
v 52.225060 118.491470 -6.566371
v 52.225060 118.491470 -5.566356
v 51.583107 118.474670 -5.566356
v 51.583107 118.474670 -6.566371
v 52.721867 123.217659 -5.566357
v 52.721867 123.217659 -4.867551
v 53.286213 122.911232 -4.867551
v 53.286213 122.911232 -5.566356
v 53.752022 122.469185 -4.867551
v 53.752022 122.469185 -5.566356
v 54.087547 121.921638 -4.867551
v 54.087547 121.921638 -5.566356
v 54.269928 121.305908 -4.867551
v 54.269928 121.305908 -5.566356
v 54.286728 120.663956 -4.867551
v 54.286728 120.663956 -5.566356
v 54.136806 120.039528 -4.867551
v 54.136806 120.039528 -5.566356
v 53.830383 119.475182 -4.867551
v 53.830383 119.475182 -5.566356
v 53.388336 119.009377 -4.867551
v 53.388336 119.009377 -5.566356
v 52.840790 118.673851 -4.867551
v 52.840790 118.673851 -5.566356
v 52.225060 118.491470 -4.867551
v 52.225060 118.491470 -5.566356
v 52.225060 118.491470 -4.867551
v 51.583107 118.474670 -4.867551
v 51.583107 118.474670 -5.566356
v 51.583107 118.474670 -4.867551
v 50.958679 118.624588 -4.867551
v 50.958679 118.624588 -5.566356
v 50.394333 118.931015 -4.867551
v 50.394333 118.931015 -5.566356
v 49.928524 119.373062 -4.867551
v 49.928524 119.373062 -5.566356
v 49.592999 119.920609 -4.867551
v 49.592999 119.920609 -5.566356
v 49.410622 120.536339 -4.867551
v 49.410622 120.536339 -5.566356
v 49.393818 121.178291 -4.867551
v 49.393818 121.178291 -5.566356
v 49.543739 121.802719 -4.867551
v 49.543739 121.802719 -5.566356
v 49.850163 122.367065 -4.867551
v 49.850163 122.367065 -5.566356
v 50.292213 122.832870 -4.867551
v 50.292213 122.832870 -5.566356
v 50.839760 123.168396 -4.867551
v 50.839760 123.168396 -5.566357
v 50.839760 123.168396 -5.566357
v 50.839760 123.168396 -4.867551
v 51.455486 123.350777 -4.867551
v 51.455486 123.350777 -5.566357
v 52.097439 123.367577 -4.867551
v 52.097439 123.367577 -5.566357
v 51.455486 123.350777 -6.566371
v 52.097439 123.367577 -6.566371
v 52.225060 118.491470 -6.566371
v 51.583107 118.474670 -6.566371
v 52.721867 123.217659 -4.867551
v 52.721867 123.217659 -5.566357
v 55.301304 142.624695 -4.842928
v 55.272732 142.533661 -4.867553
v 54.927368 142.585541 -4.867553
v 54.934406 142.679810 -4.842928
v 55.323696 142.696030 -4.769053
v 54.939926 142.753693 -4.769053
v 55.653736 142.450455 -4.842928
v 55.598045 142.372818 -4.867553
v 55.697372 142.511292 -4.769053
v 55.939232 142.164963 -4.842928
v 55.861599 142.109268 -4.867553
v 56.000069 142.208603 -4.769053
v 56.113472 141.812531 -4.842927
v 56.022430 141.783951 -4.867552
v 56.184811 141.834915 -4.769053
v 56.168587 141.445633 -4.842927
v 56.074310 141.438583 -4.867552
v 56.242462 141.451157 -4.769053
v 56.168587 115.656174 -4.842926
v 56.074310 115.663216 -4.867550
v 56.242462 115.650658 -4.769051
v 56.168587 115.656174 -4.842926
v 56.168587 141.445633 -4.842927
v 56.242462 141.451157 -4.769053
v 56.113472 115.289276 -4.842926
v 56.022430 115.317848 -4.867550
v 56.184811 115.266884 -4.769051
v 56.242462 115.650658 -4.769051
v 55.939232 114.936844 -4.842926
v 55.861599 114.992538 -4.867550
v 56.000069 114.893204 -4.769051
v 55.653736 114.651344 -4.842926
v 55.598045 114.728981 -4.867550
v 55.697372 114.590515 -4.769051
v 55.301304 114.477112 -4.842926
v 55.272732 114.568146 -4.867550
v 55.323696 114.405769 -4.769051
v 54.934406 114.421997 -4.842926
v 54.927368 114.516266 -4.867550
v 54.939926 114.348122 -4.769051
v 48.746140 114.421997 -4.842926
v 48.753181 114.516266 -4.867550
v 48.740620 114.348122 -4.769051
v 48.746140 114.421997 -4.842926
v 54.934406 114.421997 -4.842926
v 54.939926 114.348122 -4.769051
v 48.379242 114.477112 -4.842926
v 48.407818 114.568146 -4.867550
v 48.356850 114.405769 -4.769051
v 48.740620 114.348122 -4.769051
v 48.026814 114.651344 -4.842926
v 48.082504 114.728981 -4.867550
v 47.983173 114.590515 -4.769051
v 47.741314 114.936844 -4.842926
v 47.818947 114.992538 -4.867550
v 47.680481 114.893204 -4.769051
v 47.567078 115.289276 -4.842926
v 47.658115 115.317848 -4.867550
v 47.495735 115.266884 -4.769051
v 47.511963 115.656174 -4.842926
v 47.606236 115.663216 -4.867550
v 47.438087 115.650658 -4.769051
v 47.511963 141.445633 -4.842927
v 47.606236 141.438583 -4.867552
v 47.438087 141.451157 -4.769053
v 47.567078 141.812531 -4.842927
v 47.658115 141.783951 -4.867552
v 47.495735 141.834915 -4.769053
v 47.741314 142.164963 -4.842928
v 47.818947 142.109268 -4.867553
v 47.680481 142.208603 -4.769053
v 48.026814 142.450455 -4.842928
v 48.082504 142.372818 -4.867553
v 47.983173 142.511292 -4.769053
v 48.379242 142.624695 -4.842928
v 48.407818 142.533661 -4.867553
v 48.356850 142.696030 -4.769053
v 48.746140 142.679810 -4.842928
v 48.753181 142.585541 -4.867553
v 48.740620 142.753693 -4.769053
v 55.323696 142.696030 -4.769053
v 54.939926 142.753693 -4.769053
v 54.941765 142.778305 -4.674779
v 55.331161 142.719818 -4.674779
v 55.697372 142.511292 -4.769053
v 55.711922 142.531570 -4.674779
v 56.000069 142.208603 -4.769053
v 55.697372 142.511292 -4.769053
v 55.711922 142.531570 -4.674779
v 56.020348 142.223145 -4.674779
v 56.184811 141.834915 -4.769053
v 56.208591 141.842392 -4.674778
v 56.267086 141.452988 -4.674778
v 56.267086 115.648811 -4.674777
v 56.184811 115.266884 -4.769051
v 56.208591 115.259422 -4.674777
v 56.000069 114.893204 -4.769051
v 56.020348 114.878662 -4.674777
v 55.697372 114.590515 -4.769051
v 56.000069 114.893204 -4.769051
v 56.020348 114.878662 -4.674777
v 55.711922 114.570236 -4.674777
v 55.323696 114.405769 -4.769051
v 55.331161 114.381989 -4.674777
v 54.941765 114.323494 -4.674777
v 48.738781 114.323494 -4.674777
v 48.356850 114.405769 -4.769051
v 48.349388 114.381989 -4.674777
v 47.983173 114.590515 -4.769051
v 47.968628 114.570236 -4.674777
v 47.680481 114.893204 -4.769051
v 47.660202 114.878662 -4.674777
v 47.495735 115.266884 -4.769051
v 47.680481 114.893204 -4.769051
v 47.660202 114.878662 -4.674777
v 47.471958 115.259422 -4.674777
v 47.438087 115.650658 -4.769051
v 47.413460 115.648811 -4.674777
v 47.438087 141.451157 -4.769053
v 47.413460 141.452988 -4.674778
v 47.495735 141.834915 -4.769053
v 47.471958 141.842392 -4.674778
v 47.680481 142.208603 -4.769053
v 47.660202 142.223145 -4.674779
v 47.983173 142.511292 -4.769053
v 47.680481 142.208603 -4.769053
v 47.660202 142.223145 -4.674779
v 47.968628 142.531570 -4.674779
v 48.356850 142.696030 -4.769053
v 48.349388 142.719818 -4.674779
v 48.740620 142.753693 -4.769053
v 48.738781 142.778305 -4.674779
v 54.941765 142.778305 -4.674779
v 54.941765 142.778305 -4.096457
v 55.331161 142.719818 -4.096457
v 55.331161 142.719818 -4.674779
v 55.711922 142.531570 -4.096457
v 55.711922 142.531570 -4.674779
v 55.711922 142.531570 -4.674779
v 55.711922 142.531570 -4.096457
v 56.020348 142.223145 -4.096457
v 56.020348 142.223145 -4.674779
v 56.208591 141.842392 -4.096457
v 56.208591 141.842392 -4.674778
v 56.267086 141.452988 -4.096457
v 56.267086 141.452988 -4.674778
v 56.267086 115.648811 -4.096455
v 56.267086 115.648811 -4.674777
v 56.208591 115.259422 -4.096455
v 56.208591 115.259422 -4.674777
v 56.020348 114.878662 -4.096455
v 56.020348 114.878662 -4.674777
v 55.711922 114.570236 -4.096455
v 55.711922 114.570236 -4.674777
v 55.711922 114.570236 -4.674777
v 55.711922 114.570236 -4.096455
v 55.331161 114.381989 -4.096455
v 55.331161 114.381989 -4.674777
v 54.941765 114.323494 -4.096455
v 54.941765 114.323494 -4.674777
v 48.738781 114.323494 -4.096455
v 48.738781 114.323494 -4.674777
v 48.349388 114.381989 -4.096455
v 48.349388 114.381989 -4.674777
v 47.968628 114.570236 -4.096455
v 47.968628 114.570236 -4.674777
v 47.660202 114.878662 -4.096455
v 47.660202 114.878662 -4.674777
v 47.660202 114.878662 -4.674777
v 47.660202 114.878662 -4.096455
v 47.471958 115.259422 -4.096455
v 47.471958 115.259422 -4.674777
v 47.413460 115.648811 -4.096455
v 47.413460 115.648811 -4.674777
v 47.413460 141.452988 -4.096457
v 47.413460 141.452988 -4.674778
v 47.471958 141.842392 -4.096457
v 47.471958 141.842392 -4.674778
v 47.660202 142.223145 -4.096457
v 47.660202 142.223145 -4.674779
v 47.660202 142.223145 -4.674779
v 47.660202 142.223145 -4.096457
v 47.968628 142.531570 -4.096457
v 47.968628 142.531570 -4.674779
v 48.349388 142.719818 -4.096457
v 48.349388 142.719818 -4.674779
v 48.738781 142.778305 -4.096457
v 48.738781 142.778305 -4.674779
v 52.892292 137.495163 -5.337439
v 52.877274 137.456024 -5.496527
v 53.565739 137.129486 -5.337439
v 53.541103 137.095581 -5.496527
v 54.121597 136.601990 -5.337439
v 54.089024 136.575607 -5.496527
v 54.521988 135.948593 -5.337439
v 54.483696 135.931549 -5.496527
v 54.739620 135.213837 -5.337438
v 54.698223 135.207275 -5.496527
v 54.759670 134.447784 -5.337438
v 54.717987 134.452164 -5.496527
v 54.717987 134.452164 -5.496527
v 54.759670 134.447784 -5.337438
v 54.580769 133.702637 -5.337438
v 54.541641 133.717667 -5.496527
v 54.215107 133.029190 -5.337438
v 54.181198 133.053833 -5.496527
v 53.687603 132.473343 -5.337438
v 53.661224 132.505905 -5.496527
v 53.034206 132.072952 -5.337438
v 53.017159 132.111237 -5.496527
v 52.299446 131.855316 -5.337438
v 52.292889 131.896713 -5.496527
v 51.533394 131.835266 -5.337438
v 51.537773 131.876938 -5.496527
v 47.658115 115.317848 4.867533
v 47.606236 141.438583 4.867531
v 47.606236 115.663216 4.867533
v 47.658115 141.783951 4.867531
v 47.818947 114.992538 4.867533
v 47.818947 142.109268 4.867531
v 48.082504 114.728981 4.867533
v 48.082504 142.372818 4.867531
v 48.407818 114.568146 4.867533
v 48.407818 142.533661 4.867531
v 48.753181 114.516266 4.867533
v 48.753181 142.585541 4.867531
v 54.927368 114.516266 4.867533
v 54.927368 142.585541 4.867531
v 55.272732 114.568146 4.867533
v 55.272732 142.533661 4.867531
v 55.598045 114.728981 4.867533
v 55.598045 142.372818 4.867531
v 55.861599 114.992538 4.867533
v 55.861599 142.109268 4.867531
v 56.022430 115.317848 4.867533
v 56.022430 141.783951 4.867531
v 56.074310 115.663216 4.867533
v 56.074310 141.438583 4.867531
v 49.410622 120.536339 5.566338
v 49.543739 121.802719 5.566338
v 49.393818 121.178291 5.566338
v 49.592999 119.920609 5.566338
v 49.850163 122.367065 5.566338
v 49.928524 119.373062 5.566338
v 50.292213 122.832870 5.566338
v 50.394333 118.931015 5.566338
v 50.839760 123.168396 5.566338
v 50.958679 118.624588 5.566338
v 51.455486 123.350777 5.566338
v 51.583107 118.474670 5.566338
v 52.225060 118.491470 5.566338
v 52.721867 123.217659 5.566338
v 52.097439 123.367577 5.566338
v 52.840790 118.673851 5.566338
v 53.286213 122.911232 5.566338
v 53.388336 119.009377 5.566338
v 53.752022 122.469185 5.566338
v 53.830383 119.475182 5.566338
v 54.087547 121.921638 5.566338
v 54.136806 120.039528 5.566338
v 54.269928 121.305908 5.566338
v 54.286728 120.663956 5.566338
v 50.237221 134.500778 10.521942
v 50.325050 135.336319 10.521942
v 50.226135 134.924332 10.521942
v 50.357552 134.094528 10.521942
v 50.527225 135.708664 10.521942
v 50.578930 133.733276 10.521942
v 50.818886 136.016006 10.521942
v 50.886261 133.441620 10.521942
v 51.180149 136.237381 10.521942
v 51.258610 133.239441 10.521942
v 51.586399 136.357712 10.521942
v 51.670601 133.140518 10.521942
v 52.009949 136.368790 10.521942
v 52.094151 133.151611 10.521942
v 52.421936 136.269882 10.521942
v 52.500401 133.271942 10.521942
v 52.794285 136.067703 10.521942
v 52.861664 133.493317 10.521942
v 53.101620 135.776047 10.521942
v 53.153320 133.800644 10.521942
v 53.322994 135.414780 10.521942
v 53.355495 134.173004 10.521942
v 53.443325 135.008530 10.521942
v 53.454411 134.584991 10.521942
v 47.658115 141.783951 -4.867552
v 47.606236 115.663216 -4.867550
v 47.606236 141.438583 -4.867552
v 47.658115 115.317848 -4.867550
v 47.818947 142.109268 -4.867553
v 47.818947 114.992538 -4.867550
v 48.082504 142.372818 -4.867553
v 48.082504 114.728981 -4.867550
v 48.407818 142.533661 -4.867553
v 48.407818 114.568146 -4.867550
v 48.753181 142.585541 -4.867553
v 48.753181 114.516266 -4.867550
v 54.927368 142.585541 -4.867553
v 54.927368 114.516266 -4.867550
v 55.272732 142.533661 -4.867553
v 55.272732 114.568146 -4.867550
v 55.598045 142.372818 -4.867553
v 55.598045 114.728981 -4.867550
v 55.861599 142.109268 -4.867553
v 55.861599 114.992538 -4.867550
v 56.022430 141.783951 -4.867552
v 56.022430 115.317848 -4.867550
v 56.074310 141.438583 -4.867552
v 56.074310 115.663216 -4.867550
v 49.543739 121.802719 -5.566356
v 49.410622 120.536339 -5.566356
v 49.393818 121.178291 -5.566356
v 49.592999 119.920609 -5.566356
v 49.850163 122.367065 -5.566356
v 49.928524 119.373062 -5.566356
v 50.292213 122.832870 -5.566356
v 50.394333 118.931015 -5.566356
v 50.839760 123.168396 -5.566357
v 50.958679 118.624588 -5.566356
v 51.455486 123.350777 -5.566357
v 51.583107 118.474670 -5.566356
v 52.721867 123.217659 -5.566357
v 52.225060 118.491470 -5.566356
v 52.097439 123.367577 -5.566357
v 52.840790 118.673851 -5.566356
v 53.286213 122.911232 -5.566356
v 53.388336 119.009377 -5.566356
v 53.752022 122.469185 -5.566356
v 53.830383 119.475182 -5.566356
v 54.087547 121.921638 -5.566356
v 54.136806 120.039528 -5.566356
v 54.269928 121.305908 -5.566356
v 54.286728 120.663956 -5.566356
v 50.325050 135.336319 -10.521963
v 50.237221 134.500778 -10.521963
v 50.226135 134.924332 -10.521963
v 50.357552 134.094528 -10.521963
v 50.527225 135.708664 -10.521963
v 50.578930 133.733276 -10.521963
v 50.818886 136.016006 -10.521963
v 50.886261 133.441620 -10.521963
v 51.180149 136.237381 -10.521963
v 51.258610 133.239441 -10.521963
v 51.586399 136.357712 -10.521963
v 51.670601 133.140518 -10.521963
v 52.009949 136.368790 -10.521963
v 52.094151 133.151611 -10.521963
v 52.421936 136.269882 -10.521963
v 52.500401 133.271942 -10.521963
v 52.794285 136.067703 -10.521963
v 52.861664 133.493317 -10.521963
v 53.101620 135.776047 -10.521963
v 53.153320 133.800644 -10.521963
v 53.322994 135.414780 -10.521963
v 53.355495 134.173004 -10.521963
v 53.443325 135.008530 -10.521963
v 53.454411 134.584991 -10.521963
vn -0.3143 -0.8030 -0.5064
vn -0.3070 -0.9170 -0.2545
vn -0.5339 -0.8063 -0.2545
vn -0.5114 -0.6943 -0.5064
vn -0.2024 -0.4644 -0.8622
vn -0.3157 -0.3962 -0.8622
vn -0.7244 -0.6406 -0.2545
vn -0.6737 -0.5383 -0.5064
vn -0.4075 -0.3010 -0.8622
vn 0.0046 1.0000 -0.0000
vn -0.0168 0.9999 -0.0000
vn -0.0046 1.0000 -0.0000
vn 0.0168 0.9999 -0.0000
vn -0.3535 0.9354 -0.0000
vn -0.2546 0.9670 -0.0000
vn -0.6280 0.7782 -0.0000
vn -0.5391 0.8422 -0.0000
vn -0.7071 0.7071 -0.0000
vn -0.8964 0.4432 -0.0000
vn -0.9671 0.2546 -0.0000
vn -0.9354 0.3535 -0.0000
vn -1.0000 0.0011 -0.0000
vn -1.0000 0.0044 -0.0000
vn -1.0000 -0.0044 -0.0000
vn -1.0000 -0.0011 -0.0000
vn -0.9354 -0.3535 -0.0000
vn -0.9671 -0.2546 -0.0000
vn -0.8964 -0.4432 -0.0000
vn -0.7071 -0.7071 -0.0000
vn -0.5391 -0.8422 -0.0000
vn -0.6280 -0.7782 -0.0000
vn -0.2546 -0.9671 -0.0000
vn -0.3535 -0.9354 -0.0000
vn -0.0046 -1.0000 -0.0000
vn -0.0168 -0.9999 -0.0000
vn 0.0168 -0.9999 -0.0000
vn 0.0046 -1.0000 -0.0000
vn 0.3535 -0.9354 -0.0000
vn 0.2546 -0.9671 -0.0000
vn 0.4432 -0.8964 -0.0000
vn 0.7071 -0.7071 -0.0000
vn 0.8422 -0.5391 -0.0000
vn 0.7782 -0.6280 -0.0000
vn 0.9671 -0.2546 -0.0000
vn 0.9354 -0.3535 -0.0000
vn 1.0000 -0.0011 -0.0000
vn 1.0000 -0.0044 -0.0000
vn 1.0000 0.0044 -0.0000
vn 1.0000 0.0011 -0.0000
vn 0.9354 0.3535 -0.0000
vn 0.9671 0.2546 -0.0000
vn 0.7782 0.6280 -0.0000
vn 0.8422 0.5391 -0.0000
vn 0.7071 0.7071 -0.0000
vn 0.4432 0.8964 -0.0000
vn 0.2546 0.9670 -0.0000
vn 0.3535 0.9354 -0.0000
vn -0.0044 0.9675 0.2528
vn -0.0162 0.9673 0.2530
vn 0.0044 0.9675 0.2528
vn 0.0161 0.9673 0.2530
vn -0.2466 0.9349 0.2553
vn -0.3421 0.9043 0.2552
vn -0.5218 0.8139 0.2556
vn -0.6077 0.7520 0.2555
vn -0.6841 0.6841 0.2529
vn -0.6842 0.6842 0.2526
vn -0.9047 0.3413 0.2552
vn -0.9352 0.2454 0.2553
vn -0.8673 0.4288 0.2528
vn -0.9675 0.0043 0.2528
vn -0.9675 0.0011 0.2527
vn -0.9675 -0.0011 0.2527
vn -0.9675 -0.0043 0.2528
vn -0.9349 -0.2466 0.2553
vn -0.9043 -0.3421 0.2552
vn -0.8673 -0.4288 0.2527
vn -0.6066 -0.7528 0.2555
vn -0.5207 -0.8146 0.2556
vn -0.6842 -0.6842 0.2527
vn -0.3413 -0.9047 0.2552
vn -0.2454 -0.9352 0.2553
vn -0.0161 -0.9673 0.2530
vn -0.0022 -0.8650 0.5017
vn 0.0044 -0.9675 0.2528
vn 0.0086 -0.8707 0.4917
vn 0.2466 -0.9349 0.2553
vn 0.3421 -0.9043 0.2552
vn 0.5218 -0.8139 0.2556
vn 0.6077 -0.7520 0.2555
vn 0.6841 -0.6842 0.2528
vn 0.9047 -0.3413 0.2552
vn 0.9352 -0.2454 0.2553
vn 0.8673 -0.4288 0.2527
vn 0.9675 -0.0043 0.2528
vn 0.8634 -0.0005 0.5045
vn 0.9675 0.0011 0.2527
vn 0.8649 0.0022 0.5020
vn 0.9349 0.2466 0.2553
vn 0.9043 0.3421 0.2552
vn 0.8139 0.5218 0.2556
vn 0.7520 0.6077 0.2555
vn 0.6841 0.6842 0.2527
vn 0.6841 0.6842 0.2528
vn 0.3412 0.9047 0.2552
vn 0.2454 0.9352 0.2553
vn 0.4288 0.8674 0.2526
vn 0.4288 0.8673 0.2530
vn -0.0035 0.5722 0.8201
vn 0.0051 0.4342 0.9008
vn 0.0032 0.7070 0.7072
vn -0.0115 0.7066 0.7075
vn -0.0010 0.2527 0.9676
vn 0.0039 0.2524 0.9676
vn -0.1391 0.4840 0.8639
vn -0.2472 0.6585 0.7108
vn -0.0625 0.2423 0.9682
vn -0.2825 0.4185 0.8632
vn -0.4403 0.5479 0.7113
vn -0.1341 0.2109 0.9683
vn -0.4020 0.3089 0.8620
vn -0.5911 0.3802 0.7114
vn -0.1941 0.1576 0.9682
vn -0.4793 0.1681 0.8614
vn -0.6798 0.1799 0.7110
vn -0.2341 0.0885 0.9682
vn -0.4271 0.0013 0.9042
vn -0.7071 0.0008 0.7071
vn -0.2527 0.0010 0.9676
vn -0.5781 -0.0009 0.8159
vn -0.7070 -0.0030 0.7072
vn -0.2527 -0.0002 0.9675
vn -0.4840 -0.1391 0.8639
vn -0.6585 -0.2472 0.7108
vn -0.2423 -0.0625 0.9682
vn -0.4185 -0.2825 0.8632
vn -0.5479 -0.4403 0.7113
vn -0.2109 -0.1341 0.9683
vn -0.3089 -0.4021 0.8620
vn -0.3802 -0.5911 0.7114
vn -0.1576 -0.1941 0.9682
vn -0.1681 -0.4793 0.8614
vn -0.1799 -0.6798 0.7110
vn -0.0885 -0.2341 0.9682
vn -0.0074 -0.2817 0.9595
vn -0.1050 -0.6993 0.7070
vn -0.0039 -0.2524 0.9676
vn -0.0000 -0.7071 0.7071
vn -0.0000 -0.7070 0.7072
vn 0.0010 -0.2527 0.9676
vn 0.0095 -0.2788 0.9603
vn 0.1391 -0.4840 0.8639
vn 0.1050 -0.6992 0.7071
vn 0.2472 -0.6585 0.7108
vn 0.0625 -0.2423 0.9682
vn 0.2825 -0.4185 0.8632
vn 0.4403 -0.5479 0.7113
vn 0.1341 -0.2109 0.9683
vn 0.4020 -0.3089 0.8620
vn 0.5911 -0.3802 0.7114
vn 0.1941 -0.1576 0.9682
vn 0.4793 -0.1681 0.8614
vn 0.6798 -0.1799 0.7110
vn 0.2341 -0.0885 0.9682
vn 0.2602 -0.0019 0.9656
vn 0.6993 -0.1050 0.7071
vn 0.2527 -0.0010 0.9676
vn 0.7071 -0.0000 0.7071
vn 0.2527 0.0002 0.9675
vn 0.2598 0.0026 0.9657
vn 0.4840 0.1391 0.8639
vn 0.6993 0.1050 0.7071
vn 0.6585 0.2472 0.7108
vn 0.2423 0.0625 0.9682
vn 0.4185 0.2824 0.8632
vn 0.5479 0.4403 0.7113
vn 0.2109 0.1341 0.9683
vn 0.3089 0.4020 0.8620
vn 0.3802 0.5911 0.7114
vn 0.1576 0.1941 0.9682
vn 0.1681 0.4793 0.8614
vn 0.1799 0.6798 0.7110
vn 0.0885 0.2341 0.9682
vn 0.2335 0.9724 -0.0000
vn 0.0609 0.9981 -0.0000
vn 0.1480 0.9890 -0.0000
vn -0.0000 -0.0000 1.0000
vn -0.1996 0.9799 -0.0000
vn -0.1130 0.9936 -0.0000
vn -0.2840 0.9588 -0.0000
vn -0.5225 0.8526 -0.0000
vn -0.6628 0.7488 -0.0000
vn -0.5946 0.8040 -0.0000
vn -0.8340 0.5518 -0.0000
vn -0.7825 0.6227 -0.0000
vn -0.9484 0.3171 -0.0000
vn -0.9170 0.3989 -0.0000
vn -0.9981 0.0609 -0.0000
vn -0.9890 0.1480 -0.0000
vn -0.9799 -0.1995 -0.0000
vn -0.9936 -0.1130 -0.0000
vn -0.8949 -0.4464 -0.0000
vn -0.9305 -0.3663 -0.0000
vn -0.7488 -0.6628 -0.0000
vn -0.8040 -0.5947 -0.0000
vn -0.5518 -0.8340 -0.0000
vn -0.6227 -0.7825 -0.0000
vn -0.3171 -0.9484 -0.0000
vn -0.3989 -0.9170 -0.0000
vn -0.2335 -0.9724 -0.0000
vn 0.0262 -0.9997 -0.0000
vn 0.2840 -0.9588 -0.0000
vn 0.4464 -0.8949 -0.0000
vn 0.3663 -0.9305 -0.0000
vn 0.6628 -0.7488 -0.0000
vn 0.5947 -0.8040 -0.0000
vn 0.8340 -0.5518 -0.0000
vn 0.7825 -0.6227 -0.0000
vn 0.9484 -0.3171 -0.0000
vn 0.9170 -0.3989 -0.0000
vn 0.9981 -0.0609 -0.0000
vn 0.9890 -0.1480 -0.0000
vn 0.9799 0.1996 -0.0000
vn 0.9936 0.1130 -0.0000
vn 0.8949 0.4464 -0.0000
vn 0.9305 0.3663 -0.0000
vn 0.7488 0.6628 -0.0000
vn 0.8040 0.5947 -0.0000
vn 0.5518 0.8340 -0.0000
vn 0.6227 0.7825 -0.0000
vn 0.4772 0.8788 -0.0000
vn 0.9997 0.0262 -0.0000
vn -0.0262 0.9997 -0.0000
vn -0.9997 -0.0262 -0.0000
vn -0.1995 0.9799 -0.0000
vn -0.4464 0.8949 -0.0000
vn -0.3663 0.9305 -0.0000
vn -0.5947 0.8040 -0.0000
vn -0.7488 -0.6627 -0.0000
vn -0.8040 -0.5946 -0.0000
vn -0.0609 -0.9981 -0.0000
vn -0.1480 -0.9890 -0.0000
vn 0.1995 -0.9799 -0.0000
vn 0.1130 -0.9936 -0.0000
vn 0.9724 -0.2335 -0.0000
vn 0.9799 0.1995 -0.0000
vn 0.3171 0.9484 -0.0000
vn 0.3989 0.9170 -0.0000
vn -0.8655 -0.4313 -0.2545
vn -0.7900 -0.3456 -0.5064
vn -0.4715 -0.1853 -0.8622
vn -0.9477 -0.1926 -0.2545
vn -0.8526 -0.1293 -0.5064
vn -0.5034 -0.0570 -0.8622
vn -0.9652 0.0593 -0.2545
vn -0.8570 0.0957 -0.5064
vn -0.5010 0.0753 -0.8622
vn -0.9170 0.3070 -0.2545
vn -0.8030 0.3143 -0.5064
vn -0.4644 0.2024 -0.8622
vn -0.8063 0.5339 -0.2545
vn -0.6943 0.5114 -0.5064
vn -0.3962 0.3157 -0.8622
vn -0.6406 0.7244 -0.2545
vn -0.5383 0.6737 -0.5064
vn -0.3010 0.4075 -0.8622
vn -0.4313 0.8655 -0.2545
vn -0.3455 0.7900 -0.5064
vn -0.1853 0.4715 -0.8622
vn -0.1926 0.9477 -0.2545
vn -0.1293 0.8526 -0.5064
vn -0.0570 0.5034 -0.8622
vn 0.0592 0.9652 -0.2545
vn 0.0958 0.8570 -0.5064
vn 0.0753 0.5010 -0.8622
vn 0.2024 0.4644 -0.8622
vn 0.0792 0.2381 -0.9680
vn 0.0148 0.2505 -0.9680
vn 0.3157 0.3962 -0.8622
vn 0.1381 0.2095 -0.9680
vn 0.4075 0.3010 -0.8622
vn 0.1876 0.1666 -0.9680
vn 0.4715 0.1853 -0.8622
vn 0.2244 0.1124 -0.9680
vn 0.5034 0.0570 -0.8622
vn 0.2458 0.0505 -0.9680
vn 0.5053 0.0132 -0.8629
vn 0.2526 0.0066 -0.9675
vn 0.0148 0.2505 0.9680
vn 0.0753 0.5010 0.8622
vn -0.0570 0.5034 0.8622
vn -0.0505 0.2458 0.9680
vn -0.1853 0.4715 0.8622
vn -0.1124 0.2244 0.9680
vn -0.3010 0.4075 0.8622
vn -0.1666 0.1876 0.9680
vn -0.3962 0.3157 0.8622
vn -0.2095 0.1381 0.9680
vn -0.4644 0.2024 0.8622
vn -0.2381 0.0792 0.9680
vn -0.5010 0.0753 0.8622
vn -0.2505 0.0148 0.9680
vn -0.5034 -0.0570 0.8622
vn -0.2458 -0.0505 0.9680
vn -0.4715 -0.1853 0.8622
vn -0.2244 -0.1124 0.9680
vn -0.4075 -0.3010 0.8622
vn -0.1876 -0.1666 0.9680
vn -0.3157 -0.3962 0.8622
vn -0.1381 -0.2095 0.9680
vn -0.2024 -0.4644 0.8622
vn -0.0792 -0.2381 0.9680
vn -0.0753 -0.5010 0.8622
vn -0.0148 -0.2505 0.9680
vn 0.0570 -0.5034 0.8622
vn 0.0505 -0.2458 0.9680
vn 0.1853 -0.4715 0.8622
vn 0.1124 -0.2244 0.9680
vn 0.3010 -0.4075 0.8622
vn 0.1667 -0.1876 0.9680
vn 0.3962 -0.3157 0.8622
vn 0.2095 -0.1381 0.9680
vn 0.4644 -0.2024 0.8622
vn 0.2381 -0.0792 0.9680
vn 0.4974 -0.1194 0.8593
vn 0.2457 -0.0590 0.9675
vn 0.2526 0.0066 0.9675
vn 0.5053 0.0132 0.8629
vn 0.5034 0.0570 0.8622
vn 0.2458 0.0505 0.9680
vn 0.4715 0.1853 0.8622
vn 0.2244 0.1124 0.9680
vn 0.4075 0.3010 0.8622
vn 0.1876 0.1666 0.9680
vn 0.3157 0.3962 0.8622
vn 0.1381 0.2095 0.9680
vn 0.2024 0.4644 0.8622
vn 0.0792 0.2381 0.9680
vn 0.0957 0.8570 0.5064
vn -0.1293 0.8525 0.5064
vn 0.0592 0.9652 0.2545
vn -0.1926 0.9477 0.2545
vn -0.3456 0.7900 0.5064
vn -0.4313 0.8655 0.2545
vn -0.5383 0.6737 0.5064
vn -0.6407 0.7244 0.2545
vn -0.6943 0.5114 0.5064
vn -0.8063 0.5339 0.2545
vn -0.8030 0.3143 0.5064
vn -0.9170 0.3070 0.2545
vn -0.8570 0.0957 0.5064
vn -0.9652 0.0592 0.2545
vn -0.8526 -0.1293 0.5064
vn -0.9477 -0.1926 0.2545
vn -0.7900 -0.3456 0.5064
vn -0.8655 -0.4313 0.2545
vn -0.6737 -0.5383 0.5064
vn -0.7244 -0.6406 0.2545
vn -0.5114 -0.6943 0.5064
vn -0.5339 -0.8063 0.2545
vn -0.3143 -0.8030 0.5064
vn -0.3070 -0.9170 0.2545
vn -0.0958 -0.8570 0.5064
vn -0.0593 -0.9652 0.2545
vn 0.1293 -0.8525 0.5064
vn 0.1926 -0.9477 0.2545
vn 0.3456 -0.7900 0.5064
vn 0.4313 -0.8655 0.2545
vn 0.5383 -0.6737 0.5064
vn 0.6407 -0.7244 0.2545
vn 0.6943 -0.5114 0.5064
vn 0.8063 -0.5339 0.2545
vn 0.8030 -0.3143 0.5064
vn 0.9170 -0.3070 0.2545
vn 0.8807 -0.2114 0.4240
vn 0.9408 -0.2259 0.2527
vn 0.8157 0.0213 0.5780
vn 0.8526 0.1293 0.5064
vn 0.9672 0.0253 0.2527
vn 0.9477 0.1926 0.2545
vn 0.7900 0.3456 0.5064
vn 0.8655 0.4313 0.2545
vn 0.6737 0.5383 0.5064
vn 0.7244 0.6406 0.2545
vn 0.5114 0.6943 0.5064
vn 0.5339 0.8063 0.2545
vn 0.3143 0.8030 0.5064
vn 0.3070 0.9170 0.2545
vn 0.4974 -0.1194 -0.8593
vn 0.4644 -0.2024 -0.8622
vn 0.2381 -0.0792 -0.9680
vn 0.2457 -0.0590 -0.9675
vn 0.3962 -0.3157 -0.8622
vn 0.2095 -0.1381 -0.9680
vn 0.3010 -0.4075 -0.8622
vn 0.1667 -0.1876 -0.9680
vn 0.1853 -0.4715 -0.8622
vn 0.1124 -0.2244 -0.9680
vn 0.0570 -0.5034 -0.8622
vn 0.0505 -0.2458 -0.9680
vn -0.0753 -0.5010 -0.8622
vn -0.0148 -0.2505 -0.9680
vn -0.0792 -0.2381 -0.9680
vn -0.1381 -0.2095 -0.9680
vn -0.1876 -0.1666 -0.9680
vn -0.2244 -0.1124 -0.9680
vn -0.2458 -0.0505 -0.9680
vn -0.2505 0.0148 -0.9680
vn -0.2381 0.0792 -0.9680
vn -0.2095 0.1381 -0.9680
vn -0.1666 0.1876 -0.9680
vn -0.1124 0.2244 -0.9680
vn -0.0505 0.2458 -0.9680
vn -0.0000 -0.0000 -1.0000
vn 0.1681 0.4793 -0.8614
vn 0.0885 0.2341 -0.9682
vn 0.0039 0.2524 -0.9676
vn 0.0051 0.4343 -0.9008
vn 0.1799 0.6798 -0.7110
vn 0.0032 0.7070 -0.7072
vn 0.3089 0.4020 -0.8620
vn 0.1576 0.1941 -0.9682
vn 0.3802 0.5911 -0.7114
vn 0.4185 0.2825 -0.8632
vn 0.2109 0.1341 -0.9683
vn 0.5479 0.4403 -0.7113
vn 0.4840 0.1391 -0.8639
vn 0.2423 0.0625 -0.9682
vn 0.6585 0.2472 -0.7108
vn 0.2598 0.0026 -0.9657
vn 0.2527 0.0002 -0.9675
vn 0.6993 0.1050 -0.7071
vn 0.2602 -0.0019 -0.9656
vn 0.2527 -0.0010 -0.9676
vn 0.8634 -0.0005 -0.5045
vn 0.7071 -0.0000 -0.7071
vn 0.8649 0.0022 -0.5020
vn 0.4793 -0.1681 -0.8614
vn 0.2341 -0.0885 -0.9682
vn 0.6798 -0.1799 -0.7110
vn 0.6993 -0.1050 -0.7071
vn 0.4020 -0.3089 -0.8620
vn 0.1941 -0.1576 -0.9682
vn 0.5911 -0.3802 -0.7114
vn 0.2824 -0.4185 -0.8632
vn 0.1341 -0.2109 -0.9683
vn 0.4403 -0.5479 -0.7113
vn 0.1391 -0.4840 -0.8639
vn 0.0626 -0.2422 -0.9682
vn 0.2472 -0.6585 -0.7108
vn 0.0095 -0.2788 -0.9603
vn 0.0010 -0.2527 -0.9676
vn 0.1050 -0.6992 -0.7071
vn -0.0074 -0.2817 -0.9595
vn -0.0039 -0.2524 -0.9676
vn -0.0022 -0.8650 -0.5018
vn -0.0000 -0.7070 -0.7072
vn -0.0000 -0.7071 -0.7071
vn 0.0086 -0.8707 -0.4917
vn -0.1681 -0.4793 -0.8614
vn -0.0885 -0.2341 -0.9682
vn -0.1799 -0.6798 -0.7110
vn -0.1051 -0.6993 -0.7070
vn -0.3088 -0.4021 -0.8620
vn -0.1576 -0.1941 -0.9682
vn -0.3802 -0.5911 -0.7114
vn -0.4185 -0.2825 -0.8632
vn -0.2109 -0.1341 -0.9683
vn -0.5479 -0.4403 -0.7113
vn -0.4840 -0.1391 -0.8639
vn -0.2423 -0.0625 -0.9682
vn -0.6585 -0.2472 -0.7108
vn -0.5781 -0.0009 -0.8159
vn -0.2527 -0.0002 -0.9675
vn -0.7070 -0.0030 -0.7072
vn -0.4271 0.0013 -0.9042
vn -0.2527 0.0010 -0.9676
vn -0.7071 0.0008 -0.7071
vn -0.4793 0.1681 -0.8614
vn -0.2341 0.0885 -0.9682
vn -0.6798 0.1799 -0.7110
vn -0.4020 0.3089 -0.8620
vn -0.1941 0.1576 -0.9682
vn -0.5911 0.3802 -0.7114
vn -0.2825 0.4185 -0.8632
vn -0.1341 0.2109 -0.9683
vn -0.4403 0.5479 -0.7113
vn -0.1391 0.4840 -0.8639
vn -0.0625 0.2423 -0.9682
vn -0.2472 0.6585 -0.7108
vn -0.0035 0.5722 -0.8201
vn -0.0010 0.2527 -0.9676
vn -0.0115 0.7066 -0.7075
vn 0.2454 0.9352 -0.2553
vn 0.0044 0.9675 -0.2528
vn 0.0161 0.9673 -0.2530
vn 0.3412 0.9047 -0.2552
vn 0.4288 0.8673 -0.2529
vn 0.4288 0.8674 -0.2526
vn 0.7520 0.6077 -0.2555
vn 0.6841 0.6842 -0.2527
vn 0.6842 0.6842 -0.2527
vn 0.8139 0.5218 -0.2556
vn 0.9043 0.3421 -0.2552
vn 0.9349 0.2466 -0.2553
vn 0.9675 0.0011 -0.2527
vn 0.9675 -0.0043 -0.2528
vn 0.9352 -0.2454 -0.2553
vn 0.9047 -0.3413 -0.2552
vn 0.8673 -0.4288 -0.2527
vn 0.6077 -0.7520 -0.2555
vn 0.6841 -0.6842 -0.2527
vn 0.5218 -0.8139 -0.2556
vn 0.3421 -0.9043 -0.2552
vn 0.2466 -0.9349 -0.2553
vn 0.0044 -0.9675 -0.2528
vn -0.0161 -0.9673 -0.2530
vn -0.2454 -0.9352 -0.2553
vn -0.3413 -0.9047 -0.2552
vn -0.5207 -0.8146 -0.2556
vn -0.6066 -0.7528 -0.2555
vn -0.6841 -0.6841 -0.2528
vn -0.9043 -0.3421 -0.2552
vn -0.8673 -0.4288 -0.2527
vn -0.9349 -0.2466 -0.2553
vn -0.9675 -0.0043 -0.2528
vn -0.9675 -0.0011 -0.2527
vn -0.9675 0.0011 -0.2527
vn -0.9675 0.0043 -0.2528
vn -0.9352 0.2454 -0.2553
vn -0.9047 0.3413 -0.2552
vn -0.8673 0.4288 -0.2527
vn -0.6077 0.7520 -0.2555
vn -0.6842 0.6842 -0.2527
vn -0.6842 0.6842 -0.2526
vn -0.5218 0.8139 -0.2556
vn -0.3421 0.9043 -0.2552
vn -0.2466 0.9349 -0.2553
vn -0.0162 0.9673 -0.2530
vn -0.0044 0.9675 -0.2528
vn 0.3070 0.9170 -0.2545
vn 0.3143 0.8030 -0.5064
vn 0.5339 0.8063 -0.2545
vn 0.5114 0.6943 -0.5064
vn 0.7244 0.6406 -0.2545
vn 0.6737 0.5383 -0.5064
vn 0.8655 0.4313 -0.2545
vn 0.7900 0.3456 -0.5064
vn 0.9477 0.1926 -0.2545
vn 0.8526 0.1293 -0.5064
vn 0.9672 0.0253 -0.2527
vn 0.8158 0.0213 -0.5780
vn 0.8807 -0.2114 -0.4239
vn 0.9408 -0.2259 -0.2527
vn 0.9170 -0.3070 -0.2545
vn 0.8030 -0.3143 -0.5064
vn 0.8063 -0.5339 -0.2545
vn 0.6943 -0.5114 -0.5064
vn 0.6407 -0.7244 -0.2545
vn 0.5383 -0.6737 -0.5064
vn 0.4313 -0.8655 -0.2545
vn 0.3456 -0.7900 -0.5064
vn 0.1926 -0.9477 -0.2545
vn 0.1293 -0.8525 -0.5064
vn -0.0593 -0.9652 -0.2545
vn -0.0958 -0.8570 -0.5064
vt 0.661487 0.717320
vt 0.661487 0.717742
vt 0.662626 0.717742
vt 0.662626 0.717320
vt 0.661487 0.716865
vt 0.662626 0.716865
vt 0.663765 0.717742
vt 0.663765 0.717320
vt 0.663765 0.716865
vt 0.671870 0.740798
vt 0.656434 0.740798
vt 0.656434 0.739359
vt 0.671870 0.739359
vt 0.655465 0.740798
vt 0.655465 0.739359
vt 0.654518 0.740798
vt 0.654518 0.739359
vt 0.653750 0.740798
vt 0.653750 0.739359
vt 0.636037 0.044122
vt 0.636037 0.045058
vt 0.634615 0.045058
vt 0.634615 0.044122
vt 0.636037 0.046016
vt 0.634615 0.046016
vt 0.636037 0.109466
vt 0.634615 0.109466
vt 0.636037 0.110424
vt 0.634615 0.110424
vt 0.636037 0.111360
vt 0.634615 0.111360
vt 0.330439 0.693638
vt 0.331218 0.693638
vt 0.331218 0.695099
vt 0.330439 0.695099
vt 0.332180 0.693638
vt 0.332180 0.695099
vt 0.333164 0.693638
vt 0.333164 0.695099
vt 0.348835 0.693638
vt 0.348835 0.695099
vt 0.349819 0.693638
vt 0.349819 0.695099
vt 0.350781 0.693638
vt 0.350781 0.695099
vt 0.819703 0.772407
vt 0.819703 0.771631
vt 0.821156 0.771631
vt 0.821156 0.772407
vt 0.819703 0.770674
vt 0.821156 0.770674
vt 0.819703 0.769696
vt 0.821156 0.769696
vt 0.819703 0.704844
vt 0.821156 0.704844
vt 0.819703 0.703865
vt 0.821156 0.703865
vt 0.819703 0.702908
vt 0.821156 0.702908
vt 0.819703 0.702133
vt 0.821156 0.702133
vt 0.673787 0.740798
vt 0.672839 0.740798
vt 0.672839 0.739359
vt 0.673787 0.739359
vt 0.656439 0.739124
vt 0.671866 0.739124
vt 0.655484 0.739124
vt 0.654554 0.739124
vt 0.653800 0.739124
vt 0.634383 0.045077
vt 0.634383 0.044158
vt 0.634383 0.046020
vt 0.634383 0.109462
vt 0.634383 0.110405
vt 0.634383 0.111324
vt 0.331255 0.695337
vt 0.330490 0.695337
vt 0.332199 0.695337
vt 0.333169 0.695337
vt 0.348831 0.695337
vt 0.349800 0.695337
vt 0.350744 0.695337
vt 0.351560 0.695099
vt 0.351509 0.695337
vt 0.821393 0.770656
vt 0.821393 0.771595
vt 0.821393 0.769691
vt 0.821393 0.704848
vt 0.821393 0.703884
vt 0.821393 0.702945
vt 0.821393 0.702184
vt 0.672821 0.739124
vt 0.673751 0.739124
vt 0.712897 0.701538
vt 0.697698 0.701538
vt 0.697685 0.701357
vt 0.712910 0.701357
vt 0.712879 0.701770
vt 0.697715 0.701770
vt 0.713798 0.701674
vt 0.713853 0.701498
vt 0.713728 0.701897
vt 0.714663 0.702101
vt 0.714770 0.701952
vt 0.714527 0.702292
vt 0.715365 0.702803
vt 0.715514 0.702695
vt 0.715174 0.702939
vt 0.715792 0.703668
vt 0.715968 0.703613
vt 0.715569 0.703738
vt 0.715928 0.704569
vt 0.716109 0.704556
vt 0.715696 0.704587
vt 0.715928 0.767909
vt 0.716109 0.767923
vt 0.715696 0.767892
vt 0.715792 0.768810
vt 0.715968 0.768865
vt 0.715569 0.768740
vt 0.715365 0.769676
vt 0.715514 0.769783
vt 0.715174 0.769539
vt 0.714663 0.770377
vt 0.714770 0.770526
vt 0.714527 0.770186
vt 0.713798 0.770805
vt 0.713853 0.770980
vt 0.713728 0.770581
vt 0.712897 0.770940
vt 0.712910 0.771122
vt 0.712879 0.770709
vt 0.348817 0.695524
vt 0.333183 0.695524
vt 0.697715 0.770709
vt 0.697698 0.770940
vt 0.696797 0.770805
vt 0.697685 0.771122
vt 0.696742 0.770980
vt 0.696867 0.770581
vt 0.695931 0.770377
vt 0.695824 0.770526
vt 0.696068 0.770186
vt 0.695230 0.769676
vt 0.695081 0.769783
vt 0.695421 0.769539
vt 0.694802 0.768810
vt 0.694627 0.768865
vt 0.695026 0.768740
vt 0.694667 0.767909
vt 0.694485 0.767923
vt 0.694898 0.767892
vt 0.821579 0.704862
vt 0.821579 0.769677
vt 0.694898 0.704587
vt 0.694667 0.704569
vt 0.694802 0.703668
vt 0.694485 0.704556
vt 0.694627 0.703613
vt 0.695026 0.703738
vt 0.695230 0.702803
vt 0.695081 0.702695
vt 0.695421 0.702939
vt 0.695931 0.702101
vt 0.695824 0.701952
vt 0.696068 0.702292
vt 0.696797 0.701674
vt 0.696742 0.701498
vt 0.696867 0.701897
vt 0.744530 0.754779
vt 0.744530 0.752436
vt 0.746148 0.752436
vt 0.746148 0.754779
vt 0.759758 0.752436
vt 0.748464 0.752436
vt 0.748464 0.750728
vt 0.759758 0.750728
vt 0.744530 0.750728
vt 0.746148 0.750728
vt 0.744530 0.748386
vt 0.746148 0.748386
vt 0.303363 0.844676
vt 0.304935 0.844676
vt 0.304935 0.846388
vt 0.303363 0.846388
vt 0.306508 0.844676
vt 0.306508 0.846388
vt 0.308080 0.844676
vt 0.308080 0.846388
vt 0.309653 0.844676
vt 0.309653 0.846388
vt 0.311226 0.844676
vt 0.311226 0.846388
vt 0.312798 0.844676
vt 0.312798 0.846388
vt 0.314371 0.844676
vt 0.314371 0.846388
vt 0.315943 0.844676
vt 0.315943 0.846388
vt 0.317516 0.844676
vt 0.317516 0.846388
vt 0.319089 0.844676
vt 0.319089 0.846388
vt 0.763692 0.750728
vt 0.763692 0.752436
vt 0.762074 0.752436
vt 0.762074 0.750728
vt 0.461021 0.045780
vt 0.462594 0.045780
vt 0.462594 0.047491
vt 0.461021 0.047491
vt 0.464167 0.045780
vt 0.464167 0.047491
vt 0.465739 0.045780
vt 0.465739 0.047491
vt 0.467312 0.045780
vt 0.467312 0.047491
vt 0.468884 0.045780
vt 0.468884 0.047491
vt 0.470457 0.045780
vt 0.470457 0.047491
vt 0.472030 0.045780
vt 0.472030 0.047491
vt 0.473602 0.045780
vt 0.473602 0.047491
vt 0.475175 0.045780
vt 0.475175 0.047491
vt 0.476747 0.045780
vt 0.476747 0.047491
vt 0.759758 0.754779
vt 0.748464 0.754779
vt 0.748464 0.748386
vt 0.759758 0.748386
vt 0.674013 0.737789
vt 0.672875 0.737789
vt 0.672875 0.736582
vt 0.674013 0.736582
vt 0.671736 0.737789
vt 0.671736 0.736582
vt 0.670597 0.737789
vt 0.670597 0.736582
vt 0.669458 0.737789
vt 0.669458 0.736582
vt 0.668320 0.737789
vt 0.668320 0.736582
vt 0.667181 0.737789
vt 0.667181 0.736582
vt 0.666042 0.737789
vt 0.666042 0.736582
vt 0.664903 0.737789
vt 0.664903 0.736582
vt 0.663765 0.737789
vt 0.663765 0.736582
vt 0.662626 0.737789
vt 0.662626 0.736582
vt 0.661487 0.737789
vt 0.661487 0.736582
vt 0.660348 0.737789
vt 0.660348 0.736582
vt 0.659210 0.737789
vt 0.659210 0.736582
vt 0.658071 0.737789
vt 0.658071 0.736582
vt 0.656932 0.737789
vt 0.656932 0.736582
vt 0.655793 0.737789
vt 0.655793 0.736582
vt 0.654655 0.737789
vt 0.654655 0.736582
vt 0.653516 0.737789
vt 0.653516 0.736582
vt 0.680846 0.737789
vt 0.679707 0.737789
vt 0.679707 0.736582
vt 0.680846 0.736582
vt 0.678568 0.737789
vt 0.678568 0.736582
vt 0.677429 0.737789
vt 0.677429 0.736582
vt 0.676291 0.737789
vt 0.676291 0.736582
vt 0.675152 0.737789
vt 0.675152 0.736582
vt 0.674013 0.735278
vt 0.672875 0.735278
vt 0.672875 0.732748
vt 0.674013 0.732748
vt 0.671736 0.735278
vt 0.671736 0.732748
vt 0.670597 0.735278
vt 0.670597 0.732748
vt 0.669458 0.735278
vt 0.669458 0.732748
vt 0.668320 0.735278
vt 0.668320 0.732748
vt 0.667181 0.735278
vt 0.667181 0.732748
vt 0.666042 0.735278
vt 0.666042 0.732748
vt 0.664903 0.735278
vt 0.664903 0.732748
vt 0.663765 0.735278
vt 0.663765 0.732748
vt 0.662626 0.735278
vt 0.662626 0.732748
vt 0.661487 0.735278
vt 0.661487 0.732748
vt 0.660348 0.735278
vt 0.660348 0.732748
vt 0.659210 0.735278
vt 0.659210 0.732748
vt 0.658071 0.735278
vt 0.658071 0.732748
vt 0.656932 0.735278
vt 0.656932 0.732748
vt 0.655793 0.735278
vt 0.655793 0.732748
vt 0.654655 0.735278
vt 0.654655 0.732748
vt 0.653516 0.735278
vt 0.653516 0.732748
vt 0.680846 0.735278
vt 0.679707 0.735278
vt 0.679707 0.732748
vt 0.680846 0.732748
vt 0.678568 0.735278
vt 0.678568 0.732748
vt 0.677429 0.735278
vt 0.677429 0.732748
vt 0.676291 0.735278
vt 0.676291 0.732748
vt 0.675152 0.735278
vt 0.675152 0.732748
vt 0.664903 0.717742
vt 0.664903 0.717320
vt 0.664903 0.716865
vt 0.666042 0.717742
vt 0.666042 0.717320
vt 0.666042 0.716865
vt 0.667181 0.717742
vt 0.667181 0.717320
vt 0.667181 0.716865
vt 0.668320 0.717742
vt 0.668320 0.717320
vt 0.668320 0.716865
vt 0.669458 0.717742
vt 0.669458 0.717320
vt 0.669458 0.716865
vt 0.670597 0.717742
vt 0.670597 0.717320
vt 0.670597 0.716865
vt 0.671736 0.717742
vt 0.671736 0.717320
vt 0.671736 0.716865
vt 0.672875 0.717742
vt 0.672875 0.717320
vt 0.672875 0.716865
vt 0.674013 0.717742
vt 0.674013 0.717320
vt 0.674013 0.716865
vt 0.675152 0.716865
vt 0.675152 0.716439
vt 0.674013 0.716439
vt 0.676291 0.716865
vt 0.676291 0.716439
vt 0.677429 0.716865
vt 0.677429 0.716439
vt 0.678568 0.716865
vt 0.678568 0.716439
vt 0.679707 0.716865
vt 0.679707 0.716439
vt 0.680846 0.716865
vt 0.680846 0.716439
vt 0.674013 0.735704
vt 0.672875 0.735704
vt 0.671736 0.735704
vt 0.670597 0.735704
vt 0.669458 0.735704
vt 0.668320 0.735704
vt 0.667181 0.735704
vt 0.666042 0.735704
vt 0.664903 0.735704
vt 0.663765 0.735704
vt 0.662626 0.735704
vt 0.661487 0.735704
vt 0.660348 0.735704
vt 0.659210 0.735704
vt 0.658071 0.735704
vt 0.656932 0.735704
vt 0.655793 0.735704
vt 0.654655 0.735704
vt 0.653516 0.735704
vt 0.680846 0.735704
vt 0.679707 0.735704
vt 0.678568 0.735704
vt 0.677429 0.735704
vt 0.676291 0.735704
vt 0.675152 0.735704
vt 0.674013 0.736159
vt 0.672875 0.736159
vt 0.671736 0.736159
vt 0.670597 0.736159
vt 0.669458 0.736159
vt 0.668320 0.736159
vt 0.667181 0.736159
vt 0.666042 0.736159
vt 0.664903 0.736159
vt 0.663765 0.736159
vt 0.662626 0.736159
vt 0.661487 0.736159
vt 0.660348 0.736159
vt 0.659210 0.736159
vt 0.658071 0.736159
vt 0.656932 0.736159
vt 0.655793 0.736159
vt 0.654655 0.736159
vt 0.653516 0.736159
vt 0.680846 0.736159
vt 0.679707 0.736159
vt 0.678568 0.736159
vt 0.677429 0.736159
vt 0.676291 0.736159
vt 0.675152 0.736159
vt 0.653516 0.716865
vt 0.654655 0.716865
vt 0.654655 0.716439
vt 0.653516 0.716439
vt 0.655793 0.716865
vt 0.655793 0.716439
vt 0.656932 0.716865
vt 0.656932 0.716439
vt 0.658071 0.716865
vt 0.658071 0.716439
vt 0.659210 0.716865
vt 0.659210 0.716439
vt 0.660348 0.716865
vt 0.660348 0.716439
vt 0.661487 0.716439
vt 0.662626 0.716439
vt 0.663765 0.716439
vt 0.664903 0.716439
vt 0.666042 0.716439
vt 0.667181 0.716439
vt 0.668320 0.716439
vt 0.669458 0.716439
vt 0.670597 0.716439
vt 0.671736 0.716439
vt 0.672875 0.716439
vt 0.674013 0.713909
vt 0.675152 0.713909
vt 0.676291 0.713909
vt 0.677429 0.713909
vt 0.678568 0.713909
vt 0.679707 0.713909
vt 0.680846 0.713909
vt 0.653516 0.713909
vt 0.654655 0.713909
vt 0.655793 0.713909
vt 0.656932 0.713909
vt 0.658071 0.713909
vt 0.659210 0.713909
vt 0.660348 0.713909
vt 0.661487 0.713909
vt 0.662626 0.713909
vt 0.663765 0.713909
vt 0.664903 0.713909
vt 0.666042 0.713909
vt 0.667181 0.713909
vt 0.668320 0.713909
vt 0.669458 0.713909
vt 0.670597 0.713909
vt 0.671736 0.713909
vt 0.672875 0.713909
vt 0.674013 0.718950
vt 0.675152 0.718950
vt 0.675152 0.717742
vt 0.676291 0.718950
vt 0.676291 0.717742
vt 0.677429 0.718950
vt 0.677429 0.717742
vt 0.678568 0.718950
vt 0.678568 0.717742
vt 0.679707 0.718950
vt 0.679707 0.717742
vt 0.680846 0.718950
vt 0.680846 0.717742
vt 0.653516 0.717742
vt 0.653516 0.718950
vt 0.654655 0.718950
vt 0.654655 0.717742
vt 0.655793 0.718950
vt 0.655793 0.717742
vt 0.656932 0.718950
vt 0.656932 0.717742
vt 0.658071 0.718950
vt 0.658071 0.717742
vt 0.659210 0.718950
vt 0.659210 0.717742
vt 0.660348 0.718950
vt 0.660348 0.717742
vt 0.661487 0.718950
vt 0.662626 0.718950
vt 0.663765 0.718950
vt 0.664903 0.718950
vt 0.666042 0.718950
vt 0.667181 0.718950
vt 0.668320 0.718950
vt 0.669458 0.718950
vt 0.670597 0.718950
vt 0.671736 0.718950
vt 0.672875 0.718950
vt 0.759758 0.731889
vt 0.759758 0.729547
vt 0.748464 0.729547
vt 0.748464 0.731889
vt 0.746148 0.731889
vt 0.746148 0.733597
vt 0.748464 0.733597
vt 0.748464 0.735940
vt 0.759758 0.735940
vt 0.759758 0.733597
vt 0.762074 0.733597
vt 0.762074 0.731889
vt 0.734916 0.106713
vt 0.734916 0.105001
vt 0.733343 0.105001
vt 0.733343 0.106713
vt 0.731771 0.105001
vt 0.731771 0.106713
vt 0.730198 0.105001
vt 0.730198 0.106713
vt 0.728625 0.105001
vt 0.728625 0.106713
vt 0.727053 0.105001
vt 0.727053 0.106713
vt 0.725480 0.105001
vt 0.725480 0.106713
vt 0.723908 0.105001
vt 0.723908 0.106713
vt 0.722335 0.105001
vt 0.722335 0.106713
vt 0.720763 0.105001
vt 0.720763 0.106713
vt 0.719190 0.105001
vt 0.719190 0.106713
vt 0.763692 0.733597
vt 0.763692 0.731889
vt 0.548612 0.047491
vt 0.548612 0.045780
vt 0.547040 0.045780
vt 0.547040 0.047491
vt 0.545467 0.045780
vt 0.545467 0.047491
vt 0.543894 0.045780
vt 0.543894 0.047491
vt 0.542322 0.045780
vt 0.542322 0.047491
vt 0.540749 0.045780
vt 0.540749 0.047491
vt 0.539177 0.045780
vt 0.539177 0.047491
vt 0.537604 0.045780
vt 0.537604 0.047491
vt 0.536031 0.045780
vt 0.536031 0.047491
vt 0.534459 0.045780
vt 0.534459 0.047491
vt 0.532886 0.045780
vt 0.532886 0.047491
vt 0.746148 0.729547
vt 0.744530 0.729547
vt 0.744530 0.731889
vt 0.744530 0.733597
vt 0.744530 0.735940
vt 0.746148 0.735940
vt 0.719602 0.701674
vt 0.719672 0.701897
vt 0.720520 0.701770
vt 0.720503 0.701538
vt 0.719547 0.701498
vt 0.720490 0.701357
vt 0.718736 0.702101
vt 0.718873 0.702292
vt 0.718629 0.701952
vt 0.718035 0.702803
vt 0.718226 0.702939
vt 0.717886 0.702695
vt 0.717607 0.703668
vt 0.717831 0.703738
vt 0.717432 0.703613
vt 0.717472 0.704569
vt 0.717703 0.704587
vt 0.717290 0.704556
vt 0.717472 0.767909
vt 0.717703 0.767892
vt 0.455095 0.126257
vt 0.455280 0.126243
vt 0.455280 0.061428
vt 0.455095 0.061414
vt 0.717607 0.768810
vt 0.717831 0.768740
vt 0.717432 0.768865
vt 0.717290 0.767923
vt 0.718035 0.769676
vt 0.718226 0.769539
vt 0.717886 0.769783
vt 0.718736 0.770377
vt 0.718873 0.770186
vt 0.718629 0.770526
vt 0.719602 0.770805
vt 0.719672 0.770581
vt 0.719547 0.770980
vt 0.720503 0.770940
vt 0.720520 0.770709
vt 0.720490 0.771122
vt 0.735702 0.770940
vt 0.735684 0.770709
vt 0.333434 0.692270
vt 0.333448 0.692456
vt 0.349082 0.692456
vt 0.349096 0.692270
vt 0.736603 0.770805
vt 0.736533 0.770581
vt 0.736658 0.770980
vt 0.735715 0.771122
vt 0.737468 0.770377
vt 0.737332 0.770186
vt 0.737576 0.770526
vt 0.738169 0.769676
vt 0.737979 0.769539
vt 0.738319 0.769783
vt 0.738597 0.768810
vt 0.738374 0.768740
vt 0.738773 0.768865
vt 0.738733 0.767909
vt 0.738501 0.767892
vt 0.738914 0.767923
vt 0.738733 0.704569
vt 0.738501 0.704587
vt 0.738914 0.704556
vt 0.738597 0.703668
vt 0.738374 0.703738
vt 0.738773 0.703613
vt 0.738169 0.702803
vt 0.737979 0.702939
vt 0.738319 0.702695
vt 0.737468 0.702101
vt 0.737332 0.702292
vt 0.737576 0.701952
vt 0.736603 0.701674
vt 0.736533 0.701897
vt 0.736658 0.701498
vt 0.735702 0.701538
vt 0.735684 0.701770
vt 0.735715 0.701357
vt 0.349744 0.696794
vt 0.348789 0.696794
vt 0.348794 0.697028
vt 0.349763 0.697028
vt 0.350674 0.696794
vt 0.350710 0.697028
vt 0.455095 0.059510
vt 0.455095 0.058749
vt 0.454858 0.058699
vt 0.454858 0.059474
vt 0.455095 0.060449
vt 0.454858 0.060431
vt 0.454858 0.061409
vt 0.454858 0.126261
vt 0.455095 0.127221
vt 0.454858 0.127240
vt 0.455095 0.128160
vt 0.454858 0.128197
vt 0.351010 0.692270
vt 0.351775 0.692270
vt 0.351826 0.692032
vt 0.351047 0.692032
vt 0.350066 0.692270
vt 0.350085 0.692032
vt 0.349101 0.692032
vt 0.333430 0.692032
vt 0.332465 0.692270
vt 0.332446 0.692032
vt 0.331521 0.692270
vt 0.331484 0.692032
vt 0.330756 0.692270
vt 0.330705 0.692032
vt 0.450569 0.128017
vt 0.450569 0.128936
vt 0.450801 0.128972
vt 0.450801 0.128036
vt 0.450569 0.127074
vt 0.450801 0.127078
vt 0.450569 0.063633
vt 0.450801 0.063628
vt 0.450569 0.062689
vt 0.450801 0.062671
vt 0.450569 0.061770
vt 0.450801 0.061734
vt 0.331477 0.696794
vt 0.330724 0.696794
vt 0.330673 0.697028
vt 0.331441 0.697028
vt 0.332407 0.696794
vt 0.332388 0.697028
vt 0.333362 0.696794
vt 0.333357 0.697028
vt 0.348794 0.698467
vt 0.349763 0.698467
vt 0.350710 0.698467
vt 0.453404 0.058699
vt 0.453404 0.059474
vt 0.453404 0.060431
vt 0.453404 0.061409
vt 0.453404 0.126261
vt 0.453404 0.127240
vt 0.453404 0.128197
vt 0.453404 0.128972
vt 0.454858 0.128972
vt 0.351047 0.690571
vt 0.350085 0.690571
vt 0.349101 0.690571
vt 0.333430 0.690571
vt 0.332446 0.690571
vt 0.331484 0.690571
vt 0.330705 0.690571
vt 0.452223 0.128972
vt 0.452223 0.128036
vt 0.452223 0.127078
vt 0.452223 0.063628
vt 0.452223 0.062671
vt 0.452223 0.061734
vt 0.330673 0.698467
vt 0.331441 0.698467
vt 0.332388 0.698467
vt 0.333357 0.698467
vt 0.675152 0.717320
vt 0.676291 0.717320
vt 0.677429 0.717320
vt 0.678568 0.717320
vt 0.679707 0.717320
vt 0.680846 0.717320
vt 0.653516 0.717320
vt 0.654655 0.717320
vt 0.655793 0.717320
vt 0.656932 0.717320
vt 0.658071 0.717320
vt 0.659210 0.717320
vt 0.660348 0.717320
vt 0.754854 0.742754
vt 0.751931 0.743196
vt 0.753367 0.742754
vt 0.756291 0.743196
vt 0.750643 0.744050
vt 0.757578 0.744050
vt 0.749592 0.745257
vt 0.758630 0.745257
vt 0.748848 0.746736
vt 0.759373 0.746736
vt 0.748848 0.756429
vt 0.759373 0.756429
vt 0.749592 0.757908
vt 0.758630 0.757908
vt 0.750643 0.759115
vt 0.757578 0.759115
vt 0.751931 0.759969
vt 0.756291 0.759969
vt 0.753367 0.760411
vt 0.754854 0.760411
vt 0.482925 0.046014
vt 0.483140 0.048060
vt 0.482898 0.047051
vt 0.483220 0.045019
vt 0.483635 0.048971
vt 0.483762 0.044134
vt 0.484349 0.049724
vt 0.484514 0.043420
vt 0.485234 0.050266
vt 0.485426 0.042925
vt 0.486229 0.050561
vt 0.486435 0.042682
vt 0.487266 0.050588
vt 0.487472 0.042710
vt 0.488275 0.050346
vt 0.488467 0.043004
vt 0.489187 0.049851
vt 0.489352 0.043546
vt 0.489939 0.049136
vt 0.490066 0.044299
vt 0.490482 0.048252
vt 0.490561 0.045211
vt 0.490776 0.047257
vt 0.490803 0.046220
vt 0.751931 0.724356
vt 0.754854 0.723914
vt 0.753367 0.723914
vt 0.756291 0.724356
vt 0.750643 0.725210
vt 0.757578 0.725210
vt 0.749592 0.726418
vt 0.758630 0.726418
vt 0.748848 0.727897
vt 0.759373 0.727897
vt 0.748848 0.737589
vt 0.759373 0.737589
vt 0.749592 0.739069
vt 0.758630 0.739069
vt 0.750643 0.740276
vt 0.757578 0.740276
vt 0.751931 0.741130
vt 0.756291 0.741130
vt 0.753367 0.741572
vt 0.754854 0.741572
vt 0.519072 0.048060
vt 0.518857 0.046014
vt 0.518830 0.047051
vt 0.519152 0.045019
vt 0.519568 0.048971
vt 0.519694 0.044134
vt 0.520282 0.049724
vt 0.520447 0.043420
vt 0.521166 0.050266
vt 0.521359 0.042925
vt 0.522161 0.050561
vt 0.522367 0.042682
vt 0.523198 0.050588
vt 0.523405 0.042710
vt 0.524207 0.050346
vt 0.524400 0.043004
vt 0.525119 0.049851
vt 0.525284 0.043546
vt 0.525872 0.049136
vt 0.525998 0.044299
vt 0.526414 0.048252
vt 0.526493 0.045211
vt 0.526709 0.047257
vt 0.526736 0.046220
s 1
usemtl door_old_metal
f 4114/3228/1541 4115/3229/1542 4116/3230/1543
f 4114/3228/1541 4116/3230/1543 4117/3231/1544
f 4118/3232/1545 4114/3228/1541 4117/3231/1544
f 4118/3232/1545 4117/3231/1544 4119/3233/1546
f 4117/3231/1544 4116/3230/1543 4120/3234/1547
f 4117/3231/1544 4120/3234/1547 4121/3235/1548
f 4119/3233/1546 4117/3231/1544 4121/3235/1548
f 4119/3233/1546 4121/3235/1548 4122/3236/1549
f 4123/3237/1550 4124/3238/1551 4125/3239/1552
f 4123/3237/1550 4125/3239/1552 4126/3240/1553
f 4124/3238/1551 4127/3241/1554 4128/3242/1555
f 4124/3238/1551 4128/3242/1555 4125/3239/1552
f 4127/3241/1554 4129/3243/1556 4130/3244/1557
f 4127/3241/1554 4130/3244/1557 4128/3242/1555
f 4129/3243/1556 4131/3245/1558 4132/3246/1558
f 4129/3243/1556 4132/3246/1558 4130/3244/1557
f 4133/3247/1559 4134/3248/1560 4135/3249/1561
f 4133/3247/1559 4135/3249/1561 4136/3250/1559
f 4134/3248/1560 4137/3251/1562 4138/3252/1563
f 4134/3248/1560 4138/3252/1563 4135/3249/1561
f 4137/3251/1562 4139/3253/1564 4140/3254/1565
f 4137/3251/1562 4140/3254/1565 4138/3252/1563
f 4139/3253/1564 4141/3255/1566 4142/3256/1567
f 4139/3253/1564 4142/3256/1567 4140/3254/1565
f 4141/3255/1566 4143/3257/1568 4144/3258/1568
f 4141/3255/1566 4144/3258/1568 4142/3256/1567
f 4145/3259/1569 4146/3260/1570 4147/3261/1571
f 4145/3259/1569 4147/3261/1571 4148/3262/1569
f 4146/3260/1570 4149/3263/1572 4150/3264/1573
f 4146/3260/1570 4150/3264/1573 4147/3261/1571
f 4149/3263/1572 4151/3265/1574 4152/3266/1575
f 4149/3263/1572 4152/3266/1575 4150/3264/1573
f 4151/3265/1574 4153/3267/1576 4154/3268/1577
f 4151/3265/1574 4154/3268/1577 4152/3266/1575
f 4153/3267/1576 4155/3269/1578 4156/3270/1579
f 4153/3267/1576 4156/3270/1579 4154/3268/1577
f 4155/3269/1578 4157/3271/1580 4158/3272/1580
f 4155/3269/1578 4158/3272/1580 4156/3270/1579
f 4159/3273/1581 4160/3274/1582 4161/3275/1583
f 4159/3273/1581 4161/3275/1583 4162/3276/1581
f 4160/3274/1582 4163/3277/1584 4164/3278/1585
f 4160/3274/1582 4164/3278/1585 4161/3275/1583
f 4163/3277/1584 4165/3279/1586 4166/3280/1587
f 4163/3277/1584 4166/3280/1587 4164/3278/1585
f 4165/3279/1586 4167/3281/1588 4168/3282/1589
f 4165/3279/1586 4168/3282/1589 4166/3280/1587
f 4167/3281/1588 4169/3283/1590 4170/3284/1591
f 4167/3281/1588 4170/3284/1591 4168/3282/1589
f 4169/3283/1590 4171/3285/1592 4172/3286/1593
f 4169/3283/1590 4172/3286/1593 4170/3284/1591
f 4171/3285/1592 4173/3287/1594 4174/3288/1594
f 4171/3285/1592 4174/3288/1594 4172/3286/1593
f 4175/3289/1595 4176/3290/1596 4177/3291/1597
f 4175/3289/1595 4177/3291/1597 4178/3292/1595
f 4176/3290/1596 4123/3237/1550 4126/3240/1553
f 4176/3290/1596 4126/3240/1553 4177/3291/1597
f 4179/3239/1598 4180/3293/1599 4181/3294/1600
f 4179/3239/1598 4181/3294/1600 4182/3240/1601
f 4183/3242/1602 4184/3295/1603 4180/3293/1599
f 4183/3242/1602 4180/3293/1599 4179/3239/1598
f 4185/3244/1604 4186/3296/1605 4184/3295/1603
f 4185/3244/1604 4184/3295/1603 4183/3242/1602
f 4187/3246/1606 4188/3297/1607 4186/3296/1605
f 4187/3246/1606 4186/3296/1605 4185/3244/1604
f 4189/3249/1608 4190/3298/1609 4191/3299/1610
f 4189/3249/1608 4191/3299/1610 4192/3250/1610
f 4193/3252/1611 4194/3300/1612 4190/3298/1609
f 4193/3252/1611 4190/3298/1609 4189/3249/1608
f 4195/3254/1613 4196/3301/1614 4194/3300/1612
f 4195/3254/1613 4194/3300/1612 4193/3252/1611
f 4197/3256/1615 4198/3302/1616 4196/3301/1614
f 4197/3256/1615 4196/3301/1614 4195/3254/1613
f 4199/3258/1617 4200/3303/1617 4198/3302/1616
f 4199/3258/1617 4198/3302/1616 4197/3256/1615
f 4201/3261/1618 4202/3304/1619 4203/3305/1620
f 4201/3261/1618 4203/3305/1620 4204/3262/1620
f 4205/3264/1621 4206/3306/1622 4202/3304/1619
f 4205/3264/1621 4202/3304/1619 4201/3261/1618
f 4207/3266/1623 4208/3307/1624 4206/3306/1622
f 4207/3266/1623 4206/3306/1622 4205/3264/1621
f 4209/3268/1625 4210/3308/1626 4208/3307/1624
f 4209/3268/1625 4208/3307/1624 4207/3266/1623
f 4211/3270/1627 4212/3309/1628 4210/3308/1626
f 4211/3270/1627 4210/3308/1626 4209/3268/1625
f 4213/3272/1629 4214/3310/1630 4212/3309/1628
f 4213/3272/1629 4212/3309/1628 4211/3270/1627
f 4215/3311/1631 4216/3312/1631 4214/3310/1630
f 4215/3311/1631 4214/3310/1630 4213/3272/1629
f 4217/3278/1632 4218/3313/1633 4219/3314/1634
f 4217/3278/1632 4219/3314/1634 4220/3275/1634
f 4221/3280/1635 4222/3315/1636 4218/3313/1633
f 4221/3280/1635 4218/3313/1633 4217/3278/1632
f 4223/3282/1637 4224/3316/1638 4222/3315/1636
f 4223/3282/1637 4222/3315/1636 4221/3280/1635
f 4225/3284/1639 4226/3317/1640 4224/3316/1638
f 4225/3284/1639 4224/3316/1638 4223/3282/1637
f 4227/3286/1641 4228/3318/1642 4226/3317/1640
f 4227/3286/1641 4226/3317/1640 4225/3284/1639
f 4229/3288/1643 4230/3319/1644 4228/3318/1642
f 4229/3288/1643 4228/3318/1642 4227/3286/1641
f 4231/3291/1645 4232/3320/1646 4233/3321/1647
f 4231/3291/1645 4233/3321/1647 4234/3292/1648
f 4182/3240/1601 4181/3294/1600 4232/3320/1646
f 4182/3240/1601 4232/3320/1646 4231/3291/1645
f 4235/3322/1649 4236/3323/1650 4237/3324/1651
f 4235/3322/1649 4237/3324/1651 4238/3325/1652
f 4239/3326/1653 4240/3327/1654 4236/3323/1650
f 4239/3326/1653 4236/3323/1650 4235/3322/1649
f 4241/3328/1655 4235/3322/1649 4238/3325/1652
f 4241/3328/1655 4238/3325/1652 4242/3329/1656
f 4243/3330/1657 4239/3326/1653 4235/3322/1649
f 4243/3330/1657 4235/3322/1649 4241/3328/1655
f 4244/3331/1658 4241/3328/1655 4242/3329/1656
f 4244/3331/1658 4242/3329/1656 4245/3332/1659
f 4246/3333/1660 4243/3330/1657 4241/3328/1655
f 4246/3333/1660 4241/3328/1655 4244/3331/1658
f 4247/3334/1661 4244/3331/1658 4245/3332/1659
f 4247/3334/1661 4245/3332/1659 4248/3335/1662
f 4249/3336/1663 4246/3333/1660 4244/3331/1658
f 4249/3336/1663 4244/3331/1658 4247/3334/1661
f 4250/3337/1664 4247/3334/1661 4248/3335/1662
f 4250/3337/1664 4248/3335/1662 4251/3338/1665
f 4252/3339/1666 4249/3336/1663 4247/3334/1661
f 4252/3339/1666 4247/3334/1661 4250/3337/1664
f 4253/3340/1667 4250/3337/1664 4251/3338/1665
f 4253/3340/1667 4251/3338/1665 4254/3341/1668
f 4255/3342/1669 4252/3339/1666 4250/3337/1664
f 4255/3342/1669 4250/3337/1664 4253/3340/1667
f 4256/3343/1670 4253/3340/1667 4254/3341/1668
f 4256/3343/1670 4254/3341/1668 4257/3344/1671
f 4258/3345/1672 4255/3342/1669 4253/3340/1667
f 4258/3345/1672 4253/3340/1667 4256/3343/1670
f 4259/3346/1673 4256/3343/1670 4257/3344/1671
f 4259/3346/1673 4257/3344/1671 4260/3347/1674
f 4261/3348/1675 4258/3345/1672 4256/3343/1670
f 4261/3348/1675 4256/3343/1670 4259/3346/1673
f 4262/3349/1676 4259/3346/1673 4260/3347/1674
f 4262/3349/1676 4260/3347/1674 4263/3350/1677
f 4264/3351/1678 4261/3348/1675 4259/3346/1673
f 4264/3351/1678 4259/3346/1673 4262/3349/1676
f 4265/3352/1679 4262/3349/1676 4263/3350/1677
f 4265/3352/1679 4263/3350/1677 4266/3353/1680
f 4267/3354/1681 4264/3351/1678 4262/3349/1676
f 4267/3354/1681 4262/3349/1676 4265/3352/1679
f 4268/3355/1682 4265/3352/1679 4266/3353/1680
f 4268/3355/1682 4266/3353/1680 4269/3356/1683
f 4270/3357/1684 4267/3354/1681 4265/3352/1679
f 4270/3357/1684 4265/3352/1679 4268/3355/1682
f 4271/3358/1685 4268/3355/1682 4269/3356/1683
f 4271/3358/1685 4269/3356/1683 4272/3359/1686
f 4273/3360/1687 4270/3357/1684 4268/3355/1682
f 4273/3360/1687 4268/3355/1682 4271/3358/1685
f 4274/3361/1688 4275/3362/1689 4208/3307/1624
f 4274/3361/1688 4208/3307/1624 4210/3308/1626
f 4276/3363/1690 4273/3360/1687 4271/3358/1685
f 4276/3363/1690 4271/3358/1685 4277/3364/1691
f 4278/3365/1692 4277/3364/1691 4279/3366/1693
f 4278/3365/1692 4279/3366/1693 4280/3367/1694
f 4281/3368/1695 4276/3363/1690 4277/3364/1691
f 4281/3368/1695 4277/3364/1691 4278/3365/1692
f 4282/3369/1696 4278/3365/1692 4280/3367/1694
f 4282/3369/1696 4280/3367/1694 4283/3370/1697
f 4284/3371/1698 4281/3368/1695 4278/3365/1692
f 4284/3371/1698 4278/3365/1692 4282/3369/1696
f 4285/3372/1699 4282/3369/1696 4283/3370/1697
f 4285/3372/1699 4283/3370/1697 4286/3373/1700
f 4287/3374/1701 4284/3371/1698 4282/3369/1696
f 4287/3374/1701 4282/3369/1696 4285/3372/1699
f 4288/3375/1702 4285/3372/1699 4286/3373/1700
f 4288/3375/1702 4286/3373/1700 4289/3376/1703
f 4290/3377/1704 4287/3374/1701 4285/3372/1699
f 4290/3377/1704 4285/3372/1699 4288/3375/1702
f 4291/3378/1705 4288/3375/1702 4289/3376/1703
f 4291/3378/1705 4289/3376/1703 4292/3379/1706
f 4293/3380/1707 4290/3377/1704 4288/3375/1702
f 4293/3380/1707 4288/3375/1702 4291/3378/1705
f 4294/3381/1708 4295/3382/1708 4222/3315/1636
f 4294/3381/1708 4222/3315/1636 4224/3316/1638
f 4296/3383/1709 4293/3380/1707 4291/3378/1705
f 4296/3383/1709 4291/3378/1705 4297/3384/1710
f 4298/3385/1711 4297/3384/1710 4299/3386/1712
f 4298/3385/1711 4299/3386/1712 4300/3387/1713
f 4301/3388/1714 4296/3383/1709 4297/3384/1710
f 4301/3388/1714 4297/3384/1710 4298/3385/1711
f 4302/3389/1715 4298/3385/1711 4300/3387/1713
f 4302/3389/1715 4300/3387/1713 4303/3390/1716
f 4304/3391/1717 4301/3388/1714 4298/3385/1711
f 4304/3391/1717 4298/3385/1711 4302/3389/1715
f 4305/3392/1718 4302/3389/1715 4303/3390/1716
f 4305/3392/1718 4303/3390/1716 4306/3393/1719
f 4307/3394/1720 4304/3391/1717 4302/3389/1715
f 4307/3394/1720 4302/3389/1715 4305/3392/1718
f 4308/3395/1721 4305/3392/1718 4306/3393/1719
f 4308/3395/1721 4306/3393/1719 4309/3396/1722
f 4310/3397/1723 4307/3394/1720 4305/3392/1718
f 4310/3397/1723 4305/3392/1718 4308/3395/1721
f 4236/3323/1650 4308/3395/1721 4309/3396/1722
f 4236/3323/1650 4309/3396/1722 4237/3324/1651
f 4240/3327/1654 4310/3397/1723 4308/3395/1721
f 4240/3327/1654 4308/3395/1721 4236/3323/1650
f 4311/3398/1724 4312/3399/1725 4313/3400/1726
f 4311/3398/1724 4313/3400/1726 4314/3401/1724
f 4315/3402/1727 4316/3403/1727 4317/3404/1727
f 4315/3402/1727 4317/3404/1727 4318/3405/1727
f 4312/3399/1725 4319/3406/1728 4320/3407/1729
f 4312/3399/1725 4320/3407/1729 4313/3400/1726
f 4319/3406/1728 4321/3408/1730 4322/3409/1730
f 4319/3406/1728 4322/3409/1730 4320/3407/1729
f 4323/3410/1731 4324/3411/1732 4325/3412/1733
f 4323/3410/1731 4325/3412/1733 4326/3413/1731
f 4324/3411/1732 4327/3414/1734 4328/3415/1735
f 4324/3411/1732 4328/3415/1735 4325/3412/1733
f 4327/3414/1734 4329/3416/1736 4330/3417/1737
f 4327/3414/1734 4330/3417/1737 4328/3415/1735
f 4329/3416/1736 4331/3418/1738 4332/3419/1739
f 4329/3416/1736 4332/3419/1739 4330/3417/1737
f 4331/3418/1738 4333/3420/1740 4334/3421/1741
f 4331/3418/1738 4334/3421/1741 4332/3419/1739
f 4333/3420/1740 4335/3422/1742 4336/3423/1743
f 4333/3420/1740 4336/3423/1743 4334/3421/1741
f 4335/3422/1742 4337/3424/1744 4338/3425/1745
f 4335/3422/1742 4338/3425/1745 4336/3423/1743
f 4337/3424/1744 4339/3426/1746 4340/3427/1747
f 4337/3424/1744 4340/3427/1747 4338/3425/1745
f 4339/3426/1746 4341/3428/1748 4342/3429/1749
f 4339/3426/1746 4342/3429/1749 4340/3427/1747
f 4341/3428/1748 4343/3430/1750 4344/3431/1750
f 4341/3428/1748 4344/3431/1750 4342/3429/1749
f 4345/3432/1751 4346/3433/1751 4347/3434/1751
f 4345/3432/1751 4347/3434/1751 4348/3435/1751
f 4349/3436/1752 4350/3437/1753 4351/3438/1754
f 4349/3436/1752 4351/3438/1754 4352/3439/1752
f 4350/3437/1753 4353/3440/1755 4354/3441/1756
f 4350/3437/1753 4354/3441/1756 4351/3438/1754
f 4353/3440/1755 4355/3442/1757 4356/3443/1758
f 4353/3440/1755 4356/3443/1758 4354/3441/1756
f 4355/3442/1757 4357/3444/1759 4358/3445/1760
f 4355/3442/1757 4358/3445/1760 4356/3443/1758
f 4357/3444/1759 4359/3446/1761 4360/3447/1762
f 4357/3444/1759 4360/3447/1762 4358/3445/1760
f 4359/3446/1761 4361/3448/1763 4362/3449/1764
f 4359/3446/1761 4362/3449/1764 4360/3447/1762
f 4361/3448/1763 4363/3450/1765 4364/3451/1766
f 4361/3448/1763 4364/3451/1766 4362/3449/1764
f 4363/3450/1765 4365/3452/1767 4366/3453/1768
f 4363/3450/1765 4366/3453/1768 4364/3451/1766
f 4365/3452/1767 4367/3454/1769 4368/3455/1770
f 4365/3452/1767 4368/3455/1770 4366/3453/1768
f 4367/3454/1769 4369/3456/1771 4370/3457/1771
f 4367/3454/1769 4370/3457/1771 4368/3455/1770
f 4348/3435/1751 4347/3434/1751 4371/3402/1751
f 4348/3435/1751 4371/3402/1751 4372/3405/1751
f 4373/3458/1772 4374/3459/1772 4375/3403/1772
f 4373/3458/1772 4375/3403/1772 4376/3402/1772
f 4377/3400/1773 4378/3407/1773 4379/3404/1773
f 4377/3400/1773 4379/3404/1773 4380/3403/1773
f 4381/3460/1774 4382/3461/1774 4383/3405/1774
f 4381/3460/1774 4383/3405/1774 4384/3404/1774
f 4385/3462/1725 4386/3463/1775 4387/3464/1729
f 4385/3462/1725 4387/3464/1729 4388/3465/1726
f 4386/3463/1775 4389/3466/1776 4390/3467/1777
f 4386/3463/1775 4390/3467/1777 4387/3464/1729
f 4389/3466/1776 4391/3468/1732 4392/3469/1778
f 4389/3466/1776 4392/3469/1778 4390/3467/1777
f 4391/3468/1732 4393/3470/1734 4394/3471/1735
f 4391/3468/1732 4394/3471/1735 4392/3469/1778
f 4393/3470/1734 4395/3472/1736 4396/3473/1737
f 4393/3470/1734 4396/3473/1737 4394/3471/1735
f 4395/3472/1736 4397/3474/1738 4398/3475/1739
f 4395/3472/1736 4398/3475/1739 4396/3473/1737
f 4397/3474/1738 4399/3476/1740 4400/3477/1741
f 4397/3474/1738 4400/3477/1741 4398/3475/1739
f 4399/3476/1740 4401/3478/1742 4402/3479/1743
f 4399/3476/1740 4402/3479/1743 4400/3477/1741
f 4401/3478/1742 4403/3480/1779 4404/3481/1780
f 4401/3478/1742 4404/3481/1780 4402/3479/1743
f 4403/3480/1779 4405/3482/1746 4406/3483/1747
f 4403/3480/1779 4406/3483/1747 4404/3481/1780
f 4405/3482/1746 4407/3484/1748 4408/3485/1749
f 4405/3482/1746 4408/3485/1749 4406/3483/1747
f 4407/3484/1748 4409/3486/1781 4410/3487/1782
f 4407/3484/1748 4410/3487/1782 4408/3485/1749
f 4409/3486/1781 4411/3488/1783 4412/3489/1784
f 4409/3486/1781 4412/3489/1784 4410/3487/1782
f 4411/3488/1783 4413/3490/1753 4414/3491/1754
f 4411/3488/1783 4414/3491/1754 4412/3489/1784
f 4413/3490/1753 4415/3492/1755 4416/3493/1756
f 4413/3490/1753 4416/3493/1756 4414/3491/1754
f 4415/3492/1755 4417/3494/1757 4418/3495/1758
f 4415/3492/1755 4418/3495/1758 4416/3493/1756
f 4417/3494/1757 4419/3496/1759 4420/3497/1760
f 4417/3494/1757 4420/3497/1760 4418/3495/1758
f 4419/3496/1759 4421/3498/1785 4422/3499/1785
f 4419/3496/1759 4422/3499/1785 4420/3497/1760
f 4423/3500/1772 4424/3501/1786 4425/3502/1764
f 4423/3500/1772 4425/3502/1764 4426/3503/1772
f 4424/3501/1786 4427/3504/1765 4428/3505/1766
f 4424/3501/1786 4428/3505/1766 4425/3502/1764
f 4427/3504/1765 4429/3506/1767 4430/3507/1768
f 4427/3504/1765 4430/3507/1768 4428/3505/1766
f 4429/3506/1767 4431/3508/1769 4432/3509/1770
f 4429/3506/1767 4432/3509/1770 4430/3507/1768
f 4431/3508/1769 4433/3510/1787 4434/3511/1788
f 4431/3508/1769 4434/3511/1788 4432/3509/1770
f 4433/3510/1787 4385/3462/1725 4388/3465/1726
f 4433/3510/1787 4388/3465/1726 4434/3511/1788
f 4435/3512/1727 4436/3513/1727 4437/3514/1727
f 4435/3512/1727 4437/3514/1727 4438/3515/1727
f 4436/3513/1727 4439/3516/1727 4440/3517/1727
f 4436/3513/1727 4440/3517/1727 4437/3514/1727
f 4439/3516/1727 4441/3518/1727 4442/3519/1727
f 4439/3516/1727 4442/3519/1727 4440/3517/1727
f 4441/3518/1727 4443/3520/1727 4444/3521/1727
f 4441/3518/1727 4444/3521/1727 4442/3519/1727
f 4443/3520/1727 4445/3522/1727 4446/3523/1727
f 4443/3520/1727 4446/3523/1727 4444/3521/1727
f 4445/3522/1727 4447/3524/1727 4448/3525/1727
f 4445/3522/1727 4448/3525/1727 4446/3523/1727
f 4447/3524/1727 4449/3526/1727 4450/3527/1727
f 4447/3524/1727 4450/3527/1727 4448/3525/1727
f 4449/3526/1727 4451/3528/1727 4452/3529/1727
f 4449/3526/1727 4452/3529/1727 4450/3527/1727
f 4451/3528/1727 4453/3530/1727 4454/3531/1727
f 4451/3528/1727 4454/3531/1727 4452/3529/1727
f 4453/3530/1727 4455/3532/1727 4456/3533/1727
f 4453/3530/1727 4456/3533/1727 4454/3531/1727
f 4455/3532/1727 4457/3534/1727 4458/3535/1727
f 4455/3532/1727 4458/3535/1727 4456/3533/1727
f 4457/3534/1727 4459/3536/1727 4460/3537/1727
f 4457/3534/1727 4460/3537/1727 4458/3535/1727
f 4459/3536/1727 4461/3538/1727 4462/3539/1727
f 4459/3536/1727 4462/3539/1727 4460/3537/1727
f 4461/3538/1727 4463/3540/1727 4464/3541/1727
f 4461/3538/1727 4464/3541/1727 4462/3539/1727
f 4463/3540/1727 4465/3542/1727 4466/3543/1727
f 4463/3540/1727 4466/3543/1727 4464/3541/1727
f 4465/3542/1727 4467/3544/1727 4468/3545/1727
f 4465/3542/1727 4468/3545/1727 4466/3543/1727
f 4467/3544/1727 4469/3546/1727 4470/3547/1727
f 4467/3544/1727 4470/3547/1727 4468/3545/1727
f 4469/3546/1727 4471/3548/1727 4472/3549/1727
f 4469/3546/1727 4472/3549/1727 4470/3547/1727
f 4473/3550/1727 4474/3551/1727 4475/3552/1727
f 4473/3550/1727 4475/3552/1727 4476/3553/1727
f 4474/3551/1727 4477/3554/1727 4478/3555/1727
f 4474/3551/1727 4478/3555/1727 4475/3552/1727
f 4477/3554/1727 4479/3556/1727 4480/3557/1727
f 4477/3554/1727 4480/3557/1727 4478/3555/1727
f 4479/3556/1727 4481/3558/1727 4482/3559/1727
f 4479/3556/1727 4482/3559/1727 4480/3557/1727
f 4481/3558/1727 4483/3560/1727 4484/3561/1727
f 4481/3558/1727 4484/3561/1727 4482/3559/1727
f 4483/3560/1727 4435/3512/1727 4438/3515/1727
f 4483/3560/1727 4438/3515/1727 4484/3561/1727
f 4121/3235/1548 4120/3234/1547 4485/3562/1789
f 4121/3235/1548 4485/3562/1789 4486/3563/1790
f 4122/3236/1549 4121/3235/1548 4486/3563/1790
f 4122/3236/1549 4486/3563/1790 4487/3564/1791
f 4486/3563/1790 4485/3562/1789 4488/3565/1792
f 4486/3563/1790 4488/3565/1792 4489/3566/1793
f 4487/3564/1791 4486/3563/1790 4489/3566/1793
f 4487/3564/1791 4489/3566/1793 4490/3567/1794
f 4489/3566/1793 4488/3565/1792 4491/3568/1795
f 4489/3566/1793 4491/3568/1795 4492/3569/1796
f 4490/3567/1794 4489/3566/1793 4492/3569/1796
f 4490/3567/1794 4492/3569/1796 4493/3570/1797
f 4492/3569/1796 4491/3568/1795 4494/3571/1798
f 4492/3569/1796 4494/3571/1798 4495/3572/1799
f 4493/3570/1797 4492/3569/1796 4495/3572/1799
f 4493/3570/1797 4495/3572/1799 4496/3573/1800
f 4495/3572/1799 4494/3571/1798 4497/3574/1801
f 4495/3572/1799 4497/3574/1801 4498/3575/1802
f 4496/3573/1800 4495/3572/1799 4498/3575/1802
f 4496/3573/1800 4498/3575/1802 4499/3576/1803
f 4498/3575/1802 4497/3574/1801 4500/3577/1804
f 4498/3575/1802 4500/3577/1804 4501/3578/1805
f 4499/3576/1803 4498/3575/1802 4501/3578/1805
f 4499/3576/1803 4501/3578/1805 4502/3579/1806
f 4501/3578/1805 4500/3577/1804 4503/3580/1807
f 4501/3578/1805 4503/3580/1807 4504/3581/1808
f 4502/3579/1806 4501/3578/1805 4504/3581/1808
f 4502/3579/1806 4504/3581/1808 4505/3582/1809
f 4504/3581/1808 4503/3580/1807 4506/3583/1810
f 4504/3581/1808 4506/3583/1810 4507/3584/1811
f 4505/3582/1809 4504/3581/1808 4507/3584/1811
f 4505/3582/1809 4507/3584/1811 4508/3585/1812
f 4507/3584/1811 4506/3583/1810 4509/3586/1813
f 4507/3584/1811 4509/3586/1813 4510/3587/1814
f 4508/3585/1812 4507/3584/1811 4510/3587/1814
f 4508/3585/1812 4510/3587/1814 4511/3588/1815
f 4511/3588/1815 4512/3589/1816 4513/3590/1817
f 4511/3588/1815 4513/3590/1817 4514/3591/1818
f 4512/3589/1816 4515/3592/1819 4516/3593/1820
f 4512/3589/1816 4516/3593/1820 4513/3590/1817
f 4515/3592/1819 4517/3594/1821 4518/3595/1822
f 4515/3592/1819 4518/3595/1822 4516/3593/1820
f 4517/3594/1821 4519/3596/1823 4520/3597/1824
f 4517/3594/1821 4520/3597/1824 4518/3595/1822
f 4519/3596/1823 4521/3598/1825 4522/3599/1826
f 4519/3596/1823 4522/3599/1826 4520/3597/1824
f 4521/3598/1825 4523/3600/1827 4524/3601/1828
f 4521/3598/1825 4524/3601/1828 4522/3599/1826
f 4525/3512/1829 4526/3602/1830 4527/3603/1831
f 4525/3512/1829 4527/3603/1831 4528/3513/1832
f 4528/3513/1832 4527/3603/1831 4529/3604/1833
f 4528/3513/1832 4529/3604/1833 4530/3516/1834
f 4530/3516/1834 4529/3604/1833 4531/3605/1835
f 4530/3516/1834 4531/3605/1835 4532/3518/1836
f 4532/3518/1836 4531/3605/1835 4533/3606/1837
f 4532/3518/1836 4533/3606/1837 4534/3520/1838
f 4534/3520/1838 4533/3606/1837 4535/3607/1839
f 4534/3520/1838 4535/3607/1839 4536/3522/1840
f 4536/3522/1840 4535/3607/1839 4537/3608/1841
f 4536/3522/1840 4537/3608/1841 4538/3524/1842
f 4538/3524/1842 4537/3608/1841 4539/3609/1843
f 4538/3524/1842 4539/3609/1843 4540/3526/1844
f 4540/3526/1844 4539/3609/1843 4541/3610/1845
f 4540/3526/1844 4541/3610/1845 4542/3528/1846
f 4542/3528/1846 4541/3610/1845 4543/3611/1847
f 4542/3528/1846 4543/3611/1847 4544/3530/1848
f 4544/3530/1848 4543/3611/1847 4545/3612/1849
f 4544/3530/1848 4545/3612/1849 4546/3532/1850
f 4546/3532/1850 4545/3612/1849 4547/3613/1851
f 4546/3532/1850 4547/3613/1851 4548/3534/1852
f 4548/3534/1852 4547/3613/1851 4549/3614/1853
f 4548/3534/1852 4549/3614/1853 4550/3536/1854
f 4550/3536/1854 4549/3614/1853 4551/3615/1855
f 4550/3536/1854 4551/3615/1855 4552/3538/1856
f 4552/3538/1856 4551/3615/1855 4553/3616/1857
f 4552/3538/1856 4553/3616/1857 4554/3540/1858
f 4554/3540/1858 4553/3616/1857 4555/3617/1859
f 4554/3540/1858 4555/3617/1859 4556/3542/1860
f 4556/3542/1860 4555/3617/1859 4557/3618/1861
f 4556/3542/1860 4557/3618/1861 4558/3544/1862
f 4558/3544/1862 4557/3618/1861 4559/3619/1863
f 4558/3544/1862 4559/3619/1863 4560/3546/1864
f 4560/3546/1864 4559/3619/1863 4561/3620/1865
f 4560/3546/1864 4561/3620/1865 4562/3548/1866
f 4563/3550/1867 4564/3621/1868 4565/3622/1869
f 4563/3550/1867 4565/3622/1869 4566/3551/1870
f 4566/3551/1870 4565/3622/1869 4567/3623/1871
f 4566/3551/1870 4567/3623/1871 4568/3554/1872
f 4568/3554/1872 4567/3623/1871 4569/3624/1873
f 4568/3554/1872 4569/3624/1873 4570/3556/1874
f 4570/3556/1874 4569/3624/1873 4571/3625/1875
f 4570/3556/1874 4571/3625/1875 4572/3558/1876
f 4572/3558/1876 4571/3625/1875 4573/3626/1877
f 4572/3558/1876 4573/3626/1877 4574/3560/1878
f 4574/3560/1878 4573/3626/1877 4526/3602/1830
f 4574/3560/1878 4526/3602/1830 4525/3512/1829
f 4575/3627/1879 4576/3628/1880 4527/3603/1831
f 4575/3627/1879 4527/3603/1831 4526/3602/1830
f 4577/3465/1881 4578/3464/1882 4576/3628/1880
f 4577/3465/1881 4576/3628/1880 4575/3627/1879
f 4576/3628/1880 4579/3629/1883 4529/3604/1833
f 4576/3628/1880 4529/3604/1833 4527/3603/1831
f 4578/3464/1882 4580/3467/1884 4579/3629/1883
f 4578/3464/1882 4579/3629/1883 4576/3628/1880
f 4579/3629/1883 4581/3630/1885 4531/3605/1835
f 4579/3629/1883 4531/3605/1835 4529/3604/1833
f 4580/3467/1884 4582/3469/1886 4581/3630/1885
f 4580/3467/1884 4581/3630/1885 4579/3629/1883
f 4581/3630/1885 4583/3631/1887 4533/3606/1837
f 4581/3630/1885 4533/3606/1837 4531/3605/1835
f 4582/3469/1886 4584/3471/1888 4583/3631/1887
f 4582/3469/1886 4583/3631/1887 4581/3630/1885
f 4583/3631/1887 4585/3632/1889 4535/3607/1839
f 4583/3631/1887 4535/3607/1839 4533/3606/1837
f 4584/3471/1888 4586/3473/1890 4585/3632/1889
f 4584/3471/1888 4585/3632/1889 4583/3631/1887
f 4585/3632/1889 4587/3633/1891 4537/3608/1841
f 4585/3632/1889 4537/3608/1841 4535/3607/1839
f 4586/3473/1890 4588/3475/1892 4587/3633/1891
f 4586/3473/1890 4587/3633/1891 4585/3632/1889
f 4587/3633/1891 4589/3634/1893 4539/3609/1843
f 4587/3633/1891 4539/3609/1843 4537/3608/1841
f 4588/3475/1892 4590/3477/1894 4589/3634/1893
f 4588/3475/1892 4589/3634/1893 4587/3633/1891
f 4589/3634/1893 4591/3635/1895 4541/3610/1845
f 4589/3634/1893 4541/3610/1845 4539/3609/1843
f 4590/3477/1894 4592/3479/1896 4591/3635/1895
f 4590/3477/1894 4591/3635/1895 4589/3634/1893
f 4591/3635/1895 4593/3636/1897 4543/3611/1847
f 4591/3635/1895 4543/3611/1847 4541/3610/1845
f 4592/3479/1896 4594/3481/1898 4593/3636/1897
f 4592/3479/1896 4593/3636/1897 4591/3635/1895
f 4593/3636/1897 4595/3637/1899 4545/3612/1849
f 4593/3636/1897 4545/3612/1849 4543/3611/1847
f 4594/3481/1898 4596/3483/1900 4595/3637/1899
f 4594/3481/1898 4595/3637/1899 4593/3636/1897
f 4595/3637/1899 4597/3638/1901 4547/3613/1851
f 4595/3637/1899 4547/3613/1851 4545/3612/1849
f 4596/3483/1900 4598/3485/1902 4597/3638/1901
f 4596/3483/1900 4597/3638/1901 4595/3637/1899
f 4597/3638/1901 4599/3639/1903 4549/3614/1853
f 4597/3638/1901 4549/3614/1853 4547/3613/1851
f 4598/3485/1902 4600/3487/1904 4599/3639/1903
f 4598/3485/1902 4599/3639/1903 4597/3638/1901
f 4599/3639/1903 4601/3640/1905 4551/3615/1855
f 4599/3639/1903 4551/3615/1855 4549/3614/1853
f 4600/3487/1904 4602/3489/1906 4601/3640/1905
f 4600/3487/1904 4601/3640/1905 4599/3639/1903
f 4601/3640/1905 4603/3641/1907 4553/3616/1857
f 4601/3640/1905 4553/3616/1857 4551/3615/1855
f 4602/3489/1906 4604/3491/1908 4603/3641/1907
f 4602/3489/1906 4603/3641/1907 4601/3640/1905
f 4603/3641/1907 4605/3642/1909 4555/3617/1859
f 4603/3641/1907 4555/3617/1859 4553/3616/1857
f 4604/3491/1908 4606/3493/1910 4605/3642/1909
f 4604/3491/1908 4605/3642/1909 4603/3641/1907
f 4605/3642/1909 4607/3643/1911 4557/3618/1861
f 4605/3642/1909 4557/3618/1861 4555/3617/1859
f 4606/3493/1910 4608/3495/1912 4607/3643/1911
f 4606/3493/1910 4607/3643/1911 4605/3642/1909
f 4607/3643/1911 4609/3644/1913 4559/3619/1863
f 4607/3643/1911 4559/3619/1863 4557/3618/1861
f 4608/3495/1912 4610/3497/1914 4609/3644/1913
f 4608/3495/1912 4609/3644/1913 4607/3643/1911
f 4609/3644/1913 4611/3645/1915 4561/3620/1865
f 4609/3644/1913 4561/3620/1865 4559/3619/1863
f 4610/3497/1914 4612/3499/1916 4611/3645/1915
f 4610/3497/1914 4611/3645/1915 4609/3644/1913
f 4613/3646/1917 4614/3647/1918 4565/3622/1869
f 4613/3646/1917 4565/3622/1869 4564/3621/1868
f 4615/3503/1919 4616/3502/1920 4614/3647/1918
f 4615/3503/1919 4614/3647/1918 4613/3646/1917
f 4614/3647/1918 4617/3648/1921 4567/3623/1871
f 4614/3647/1918 4567/3623/1871 4565/3622/1869
f 4616/3502/1920 4618/3505/1922 4617/3648/1921
f 4616/3502/1920 4617/3648/1921 4614/3647/1918
f 4617/3648/1921 4619/3649/1923 4569/3624/1873
f 4617/3648/1921 4569/3624/1873 4567/3623/1871
f 4618/3505/1922 4620/3507/1924 4619/3649/1923
f 4618/3505/1922 4619/3649/1923 4617/3648/1921
f 4619/3649/1923 4621/3650/1925 4571/3625/1875
f 4619/3649/1923 4571/3625/1875 4569/3624/1873
f 4620/3507/1924 4622/3509/1926 4621/3650/1925
f 4620/3507/1924 4621/3650/1925 4619/3649/1923
f 4621/3650/1925 4623/3651/1927 4573/3626/1877
f 4621/3650/1925 4573/3626/1877 4571/3625/1875
f 4622/3509/1926 4624/3511/1928 4623/3651/1927
f 4622/3509/1926 4623/3651/1927 4621/3650/1925
f 4623/3651/1927 4575/3627/1879 4526/3602/1830
f 4623/3651/1927 4526/3602/1830 4573/3626/1877
f 4624/3511/1928 4577/3465/1881 4575/3627/1879
f 4624/3511/1928 4575/3627/1879 4623/3651/1927
f 4625/3652/1929 4626/3653/1930 4627/3654/1931
f 4625/3652/1929 4627/3654/1931 4628/3655/1932
f 4626/3653/1930 4629/3656/1933 4630/3657/1934
f 4626/3653/1930 4630/3657/1934 4627/3654/1931
f 4629/3656/1933 4631/3658/1935 4632/3659/1936
f 4629/3656/1933 4632/3659/1936 4630/3657/1934
f 4631/3658/1935 4633/3660/1937 4634/3661/1938
f 4631/3658/1935 4634/3661/1938 4632/3659/1936
f 4633/3660/1937 4635/3662/1939 4636/3663/1940
f 4633/3660/1937 4636/3663/1940 4634/3661/1938
f 4635/3662/1939 4637/3664/1941 4638/3665/1942
f 4635/3662/1939 4638/3665/1942 4636/3663/1940
f 4637/3664/1941 4118/3232/1545 4639/3666/1943
f 4637/3664/1941 4639/3666/1943 4638/3665/1942
f 4118/3232/1545 4119/3233/1546 4640/3667/1944
f 4118/3232/1545 4640/3667/1944 4639/3666/1943
f 4119/3233/1546 4122/3236/1549 4641/3668/1945
f 4119/3233/1546 4641/3668/1945 4640/3667/1944
f 4122/3236/1549 4487/3564/1791 4642/3669/1946
f 4122/3236/1549 4642/3669/1946 4641/3668/1945
f 4487/3564/1791 4490/3567/1794 4643/3670/1947
f 4487/3564/1791 4643/3670/1947 4642/3669/1946
f 4490/3567/1794 4493/3570/1797 4644/3671/1948
f 4490/3567/1794 4644/3671/1948 4643/3670/1947
f 4493/3570/1797 4496/3573/1800 4645/3672/1949
f 4493/3570/1797 4645/3672/1949 4644/3671/1948
f 4496/3573/1800 4499/3576/1803 4646/3673/1950
f 4496/3573/1800 4646/3673/1950 4645/3672/1949
f 4499/3576/1803 4502/3579/1806 4647/3674/1951
f 4499/3576/1803 4647/3674/1951 4646/3673/1950
f 4502/3579/1806 4505/3582/1809 4648/3675/1952
f 4502/3579/1806 4648/3675/1952 4647/3674/1951
f 4505/3582/1809 4508/3585/1812 4649/3676/1953
f 4505/3582/1809 4649/3676/1953 4648/3675/1952
f 4508/3585/1812 4511/3588/1815 4514/3591/1818
f 4508/3585/1812 4514/3591/1818 4649/3676/1953
f 4650/3677/1954 4651/3591/1954 4652/3590/1954
f 4650/3677/1954 4652/3590/1954 4653/3678/1954
f 4653/3678/1954 4652/3590/1954 4654/3593/1954
f 4653/3678/1954 4654/3593/1954 4655/3679/1954
f 4655/3679/1954 4654/3593/1954 4656/3595/1954
f 4655/3679/1954 4656/3595/1954 4657/3680/1954
f 4657/3680/1954 4656/3595/1954 4658/3597/1954
f 4657/3680/1954 4658/3597/1954 4659/3681/1954
f 4659/3681/1954 4658/3597/1954 4660/3599/1954
f 4659/3681/1954 4660/3599/1954 4661/3682/1954
f 4661/3682/1954 4660/3599/1954 4662/3601/1954
f 4661/3682/1954 4662/3601/1954 4663/3683/1954
f 4664/3684/1954 4665/3655/1954 4666/3654/1954
f 4664/3684/1954 4666/3654/1954 4667/3685/1954
f 4667/3685/1954 4666/3654/1954 4668/3657/1954
f 4667/3685/1954 4668/3657/1954 4669/3686/1954
f 4669/3686/1954 4668/3657/1954 4670/3659/1954
f 4669/3686/1954 4670/3659/1954 4671/3687/1954
f 4671/3687/1954 4670/3659/1954 4672/3661/1954
f 4671/3687/1954 4672/3661/1954 4673/3688/1954
f 4673/3688/1954 4672/3661/1954 4674/3663/1954
f 4673/3688/1954 4674/3663/1954 4675/3689/1954
f 4675/3689/1954 4674/3663/1954 4676/3665/1954
f 4675/3689/1954 4676/3665/1954 4677/3690/1954
f 4677/3690/1954 4676/3665/1954 4678/3666/1954
f 4677/3690/1954 4678/3666/1954 4679/3691/1954
f 4679/3691/1954 4678/3666/1954 4680/3667/1954
f 4679/3691/1954 4680/3667/1954 4681/3692/1954
f 4681/3692/1954 4680/3667/1954 4682/3668/1954
f 4681/3692/1954 4682/3668/1954 4683/3693/1954
f 4683/3693/1954 4682/3668/1954 4684/3669/1954
f 4683/3693/1954 4684/3669/1954 4685/3694/1954
f 4685/3694/1954 4684/3669/1954 4686/3670/1954
f 4685/3694/1954 4686/3670/1954 4687/3695/1954
f 4687/3695/1954 4686/3670/1954 4688/3671/1954
f 4687/3695/1954 4688/3671/1954 4689/3696/1954
f 4689/3696/1954 4688/3671/1954 4690/3672/1954
f 4689/3696/1954 4690/3672/1954 4691/3697/1954
f 4691/3697/1954 4690/3672/1954 4692/3673/1954
f 4691/3697/1954 4692/3673/1954 4693/3698/1954
f 4693/3698/1954 4692/3673/1954 4694/3674/1954
f 4693/3698/1954 4694/3674/1954 4695/3699/1954
f 4695/3699/1954 4694/3674/1954 4696/3675/1954
f 4695/3699/1954 4696/3675/1954 4697/3700/1954
f 4697/3700/1954 4696/3675/1954 4698/3676/1954
f 4697/3700/1954 4698/3676/1954 4699/3701/1954
f 4699/3701/1954 4698/3676/1954 4651/3591/1954
f 4699/3701/1954 4651/3591/1954 4650/3677/1954
f 4700/3586/1726 4701/3702/1725 4702/3703/1787
f 4700/3586/1726 4702/3703/1787 4703/3704/1788
f 4703/3704/1788 4702/3703/1787 4704/3705/1769
f 4703/3704/1788 4704/3705/1769 4705/3706/1770
f 4705/3706/1770 4704/3705/1769 4706/3707/1767
f 4705/3706/1770 4706/3707/1767 4707/3708/1768
f 4707/3708/1768 4706/3707/1767 4708/3709/1765
f 4707/3708/1768 4708/3709/1765 4709/3710/1766
f 4709/3710/1766 4708/3709/1765 4710/3711/1786
f 4709/3710/1766 4710/3711/1786 4711/3712/1764
f 4711/3712/1764 4710/3711/1786 4712/3713/1772
f 4711/3712/1764 4712/3713/1772 4713/3714/1772
f 4714/3715/1785 4715/3716/1785 4716/3717/1759
f 4714/3715/1785 4716/3717/1759 4717/3718/1760
f 4717/3718/1760 4716/3717/1759 4718/3719/1757
f 4717/3718/1760 4718/3719/1757 4719/3720/1758
f 4719/3720/1758 4718/3719/1757 4720/3721/1755
f 4719/3720/1758 4720/3721/1755 4721/3722/1756
f 4721/3722/1756 4720/3721/1755 4722/3723/1753
f 4721/3722/1756 4722/3723/1753 4723/3724/1754
f 4723/3724/1754 4722/3723/1753 4724/3725/1783
f 4723/3724/1754 4724/3725/1783 4725/3726/1784
f 4725/3726/1784 4724/3725/1783 4726/3727/1781
f 4725/3726/1784 4726/3727/1781 4727/3728/1782
f 4727/3728/1782 4726/3727/1781 4728/3729/1748
f 4727/3728/1782 4728/3729/1748 4729/3229/1749
f 4729/3229/1749 4728/3729/1748 4730/3730/1746
f 4729/3229/1749 4730/3730/1746 4731/3230/1747
f 4731/3230/1747 4730/3730/1746 4732/3731/1779
f 4731/3230/1747 4732/3731/1779 4733/3234/1780
f 4733/3234/1780 4732/3731/1779 4734/3732/1742
f 4733/3234/1780 4734/3732/1742 4735/3562/1743
f 4735/3562/1743 4734/3732/1742 4736/3733/1740
f 4735/3562/1743 4736/3733/1740 4737/3565/1741
f 4737/3565/1741 4736/3733/1740 4738/3734/1738
f 4737/3565/1741 4738/3734/1738 4739/3568/1739
f 4739/3568/1739 4738/3734/1738 4740/3735/1736
f 4739/3568/1739 4740/3735/1736 4741/3571/1737
f 4741/3571/1737 4740/3735/1736 4742/3736/1734
f 4741/3571/1737 4742/3736/1734 4743/3574/1735
f 4743/3574/1735 4742/3736/1734 4744/3737/1732
f 4743/3574/1735 4744/3737/1732 4745/3577/1778
f 4745/3577/1778 4744/3737/1732 4746/3738/1776
f 4745/3577/1778 4746/3738/1776 4747/3580/1777
f 4747/3580/1777 4746/3738/1776 4748/3739/1775
f 4747/3580/1777 4748/3739/1775 4749/3583/1729
f 4749/3583/1729 4748/3739/1775 4701/3702/1725
f 4749/3583/1729 4701/3702/1725 4700/3586/1726
f 4750/3740/1774 4751/3741/1774 4752/3742/1774
f 4750/3740/1774 4752/3742/1774 4753/3743/1774
f 4754/3743/1773 4755/3744/1773 4756/3745/1773
f 4754/3743/1773 4756/3745/1773 4757/3746/1773
f 4758/3746/1772 4759/3747/1772 4760/3748/1772
f 4758/3746/1772 4760/3748/1772 4761/3749/1772
f 4762/3749/1751 4763/3750/1751 4764/3751/1751
f 4762/3749/1751 4764/3751/1751 4765/3740/1751
f 4766/3752/1771 4767/3753/1771 4768/3754/1769
f 4766/3752/1771 4768/3754/1769 4769/3755/1770
f 4769/3755/1770 4768/3754/1769 4770/3756/1767
f 4769/3755/1770 4770/3756/1767 4771/3757/1768
f 4771/3757/1768 4770/3756/1767 4772/3758/1765
f 4771/3757/1768 4772/3758/1765 4773/3759/1766
f 4773/3759/1766 4772/3758/1765 4774/3760/1763
f 4773/3759/1766 4774/3760/1763 4775/3761/1764
f 4775/3761/1764 4774/3760/1763 4776/3762/1761
f 4775/3761/1764 4776/3762/1761 4777/3763/1762
f 4777/3763/1762 4776/3762/1761 4778/3764/1759
f 4777/3763/1762 4778/3764/1759 4779/3765/1760
f 4779/3765/1760 4778/3764/1759 4780/3766/1757
f 4779/3765/1760 4780/3766/1757 4781/3767/1758
f 4781/3767/1758 4780/3766/1757 4782/3768/1755
f 4781/3767/1758 4782/3768/1755 4783/3769/1756
f 4783/3769/1756 4782/3768/1755 4784/3770/1753
f 4783/3769/1756 4784/3770/1753 4785/3771/1754
f 4785/3771/1754 4784/3770/1753 4786/3772/1752
f 4785/3771/1754 4786/3772/1752 4787/3773/1752
f 4763/3750/1751 4788/3774/1751 4789/3775/1751
f 4763/3750/1751 4789/3775/1751 4764/3751/1751
f 4790/3776/1750 4791/3777/1750 4792/3778/1748
f 4790/3776/1750 4792/3778/1748 4793/3779/1749
f 4793/3779/1749 4792/3778/1748 4794/3780/1746
f 4793/3779/1749 4794/3780/1746 4795/3781/1747
f 4795/3781/1747 4794/3780/1746 4796/3782/1744
f 4795/3781/1747 4796/3782/1744 4797/3783/1745
f 4797/3783/1745 4796/3782/1744 4798/3784/1742
f 4797/3783/1745 4798/3784/1742 4799/3785/1743
f 4799/3785/1743 4798/3784/1742 4800/3786/1740
f 4799/3785/1743 4800/3786/1740 4801/3787/1741
f 4801/3787/1741 4800/3786/1740 4802/3788/1738
f 4801/3787/1741 4802/3788/1738 4803/3789/1739
f 4803/3789/1739 4802/3788/1738 4804/3790/1736
f 4803/3789/1739 4804/3790/1736 4805/3791/1737
f 4805/3791/1737 4804/3790/1736 4806/3792/1734
f 4805/3791/1737 4806/3792/1734 4807/3793/1735
f 4807/3793/1735 4806/3792/1734 4808/3794/1732
f 4807/3793/1735 4808/3794/1732 4809/3795/1733
f 4809/3795/1733 4808/3794/1732 4810/3796/1731
f 4809/3795/1733 4810/3796/1731 4811/3797/1731
f 4812/3798/1730 4813/3799/1730 4814/3800/1728
f 4812/3798/1730 4814/3800/1728 4815/3744/1729
f 4815/3744/1729 4814/3800/1728 4816/3801/1725
f 4815/3744/1729 4816/3801/1725 4817/3745/1726
f 4818/3743/1954 4819/3746/1954 4820/3749/1954
f 4818/3743/1954 4820/3749/1954 4821/3740/1954
f 4817/3745/1726 4816/3801/1725 4822/3802/1724
f 4817/3745/1726 4822/3802/1724 4823/3803/1724
f 4824/3804/1955 4825/3805/1956 4826/3806/1957
f 4824/3804/1955 4826/3806/1957 4827/3807/1958
f 4828/3808/1959 4824/3804/1955 4827/3807/1958
f 4828/3808/1959 4827/3807/1958 4829/3809/1960
f 4830/3810/1961 4831/3811/1962 4825/3805/1956
f 4830/3810/1961 4825/3805/1956 4824/3804/1955
f 4832/3812/1963 4830/3810/1961 4824/3804/1955
f 4832/3812/1963 4824/3804/1955 4828/3808/1959
f 4833/3813/1964 4834/3814/1965 4831/3811/1962
f 4833/3813/1964 4831/3811/1962 4830/3810/1961
f 4835/3815/1966 4833/3813/1964 4830/3810/1961
f 4835/3815/1966 4830/3810/1961 4832/3812/1963
f 4836/3816/1967 4837/3817/1968 4834/3814/1965
f 4836/3816/1967 4834/3814/1965 4833/3813/1964
f 4838/3818/1969 4836/3816/1967 4833/3813/1964
f 4838/3818/1969 4833/3813/1964 4835/3815/1966
f 4839/3819/1970 4840/3820/1971 4837/3817/1968
f 4839/3819/1970 4837/3817/1968 4836/3816/1967
f 4841/3821/1972 4839/3819/1970 4836/3816/1967
f 4841/3821/1972 4836/3816/1967 4838/3818/1969
f 4842/3822/1973 4843/3823/1974 4840/3820/1971
f 4842/3822/1973 4840/3820/1971 4839/3819/1970
f 4844/3824/1975 4845/3825/1976 4846/3826/1976
f 4844/3824/1975 4846/3826/1976 4847/3827/1977
f 4848/3828/1978 4849/3829/1979 4843/3823/1974
f 4848/3828/1978 4843/3823/1974 4842/3822/1973
f 4850/3830/1980 4848/3828/1978 4842/3822/1973
f 4850/3830/1980 4842/3822/1973 4851/3831/1981
f 4852/3832/1982 4853/3833/1983 4849/3829/1979
f 4852/3832/1982 4849/3829/1979 4848/3828/1978
f 4854/3834/1984 4852/3832/1982 4848/3828/1978
f 4854/3834/1984 4848/3828/1978 4850/3830/1980
f 4855/3835/1985 4856/3836/1986 4853/3833/1983
f 4855/3835/1985 4853/3833/1983 4852/3832/1982
f 4857/3837/1987 4855/3835/1985 4852/3832/1982
f 4857/3837/1987 4852/3832/1982 4854/3834/1984
f 4858/3838/1988 4859/3839/1989 4856/3836/1986
f 4858/3838/1988 4856/3836/1986 4855/3835/1985
f 4860/3840/1990 4858/3838/1988 4855/3835/1985
f 4860/3840/1990 4855/3835/1985 4857/3837/1987
f 4861/3841/1991 4862/3842/1992 4859/3839/1989
f 4861/3841/1991 4859/3839/1989 4858/3838/1988
f 4863/3843/1993 4861/3841/1991 4858/3838/1988
f 4863/3843/1993 4858/3838/1988 4860/3840/1990
f 4864/3844/1994 4865/3845/1995 4862/3842/1992
f 4864/3844/1994 4862/3842/1992 4861/3841/1991
f 4866/3846/1996 4867/3847/1997 4868/3848/1998
f 4866/3846/1996 4868/3848/1998 4869/3849/1999
f 4870/3850/2000 4871/3851/2001 4865/3845/1995
f 4870/3850/2000 4865/3845/1995 4864/3844/1994
f 4872/3852/2002 4870/3850/2000 4864/3844/1994
f 4872/3852/2002 4864/3844/1994 4873/3853/2003
f 4874/3854/2004 4875/3855/2005 4871/3851/2001
f 4874/3854/2004 4871/3851/2001 4870/3850/2000
f 4876/3856/2006 4874/3854/2004 4870/3850/2000
f 4876/3856/2006 4870/3850/2000 4872/3852/2002
f 4877/3857/2007 4878/3858/2008 4875/3855/2005
f 4877/3857/2007 4875/3855/2005 4874/3854/2004
f 4879/3859/2009 4877/3857/2007 4874/3854/2004
f 4879/3859/2009 4874/3854/2004 4876/3856/2006
f 4880/3860/2010 4881/3861/2011 4878/3858/2008
f 4880/3860/2010 4878/3858/2008 4877/3857/2007
f 4882/3862/2012 4880/3860/2010 4877/3857/2007
f 4882/3862/2012 4877/3857/2007 4879/3859/2009
f 4883/3863/2013 4884/3864/2014 4881/3861/2011
f 4883/3863/2013 4881/3861/2011 4880/3860/2010
f 4885/3865/2015 4883/3863/2013 4880/3860/2010
f 4885/3865/2015 4880/3860/2010 4882/3862/2012
f 4886/3866/2016 4887/3867/2017 4884/3864/2014
f 4886/3866/2016 4884/3864/2014 4883/3863/2013
f 4888/3868/2018 4886/3866/2016 4883/3863/2013
f 4888/3868/2018 4883/3863/2013 4885/3865/2015
f 4889/3869/2019 4890/3870/2020 4887/3867/2017
f 4889/3869/2019 4887/3867/2017 4886/3866/2016
f 4891/3871/2021 4889/3869/2019 4886/3866/2016
f 4891/3871/2021 4886/3866/2016 4888/3868/2018
f 4892/3872/2022 4893/3873/2023 4890/3870/2020
f 4892/3872/2022 4890/3870/2020 4889/3869/2019
f 4894/3874/2024 4892/3872/2022 4889/3869/2019
f 4894/3874/2024 4889/3869/2019 4891/3871/2021
f 4895/3875/2025 4896/3876/2026 4893/3873/2023
f 4895/3875/2025 4893/3873/2023 4892/3872/2022
f 4897/3877/2027 4895/3875/2025 4892/3872/2022
f 4897/3877/2027 4892/3872/2022 4894/3874/2024
f 4898/3878/2028 4899/3879/2029 4896/3876/2026
f 4898/3878/2028 4896/3876/2026 4895/3875/2025
f 4900/3880/2030 4898/3878/2028 4895/3875/2025
f 4900/3880/2030 4895/3875/2025 4897/3877/2027
f 4901/3881/2031 4902/3882/2032 4899/3879/2029
f 4901/3881/2031 4899/3879/2029 4898/3878/2028
f 4903/3883/2033 4901/3881/2031 4898/3878/2028
f 4903/3883/2033 4898/3878/2028 4900/3880/2030
f 4827/3807/1958 4826/3806/1957 4902/3882/2032
f 4827/3807/1958 4902/3882/2032 4901/3881/2031
f 4829/3809/1960 4827/3807/1958 4901/3881/2031
f 4829/3809/1960 4901/3881/2031 4903/3883/2033
f 4904/3884/2034 4905/3885/2035 4906/3886/2036
f 4904/3884/2034 4906/3886/2036 4907/3887/2037
f 4908/3888/2038 4904/3884/2034 4907/3887/2037
f 4908/3888/2038 4907/3887/2037 4909/3889/2039
f 4910/3890/2040 4911/3891/2041 4912/3892/2042
f 4910/3890/2040 4912/3892/2042 4913/3893/2043
f 4914/3894/2044 4910/3890/2040 4913/3893/2043
f 4914/3894/2044 4913/3893/2043 4915/3895/2045
f 4847/3827/1977 4914/3894/2044 4915/3895/2045
f 4847/3827/1977 4915/3895/2045 4916/3896/2046
f 4844/3824/1975 4847/3827/1977 4916/3896/2046
f 4844/3824/1975 4916/3896/2046 4917/3897/2047
f 4918/3898/2048 4844/3824/1975 4917/3897/2047
f 4918/3898/2048 4917/3897/2047 4919/3899/2049
f 4920/3900/2050 4918/3898/2048 4919/3899/2049
f 4920/3900/2050 4919/3899/2049 4921/3901/2050
f 4922/3902/2051 4923/3903/2052 4924/3904/2052
f 4922/3902/2051 4924/3904/2052 4925/3905/2053
f 4926/3906/2054 4922/3902/2051 4925/3905/2053
f 4926/3906/2054 4925/3905/2053 4927/3907/2055
f 4869/3849/1999 4926/3906/2054 4927/3907/2055
f 4869/3849/1999 4927/3907/2055 4928/3908/2056
f 4866/3846/1996 4869/3849/1999 4928/3908/2056
f 4866/3846/1996 4928/3908/2056 4929/3909/2057
f 4930/3910/2058 4866/3846/1996 4929/3909/2057
f 4930/3910/2058 4929/3909/2057 4931/3911/2059
f 4932/3912/2060 4930/3910/2058 4931/3911/2059
f 4932/3912/2060 4931/3911/2059 4933/3913/2061
f 4934/3914/2062 4932/3912/2060 4933/3913/2061
f 4934/3914/2062 4933/3913/2061 4935/3915/2062
f 4936/3916/2063 4937/3917/2064 4938/3918/2064
f 4936/3916/2063 4938/3918/2064 4939/3919/2065
f 4940/3920/2066 4936/3916/2063 4939/3919/2065
f 4940/3920/2066 4939/3919/2065 4941/3921/2067
f 4942/3922/2068 4940/3920/2066 4941/3921/2067
f 4942/3922/2068 4941/3921/2067 4943/3923/2069
f 4944/3924/2070 4942/3922/2068 4943/3923/2069
f 4944/3924/2070 4943/3923/2069 4945/3925/2071
f 4946/3926/2072 4944/3924/2070 4945/3925/2071
f 4946/3926/2072 4945/3925/2071 4947/3927/2072
f 4948/3928/2073 4949/3929/2074 4950/3930/2075
f 4948/3928/2073 4950/3930/2075 4951/3931/2076
f 4952/3932/2077 4948/3928/2073 4951/3931/2076
f 4952/3932/2077 4951/3931/2076 4953/3933/2078
f 4954/3934/2079 4952/3932/2077 4953/3933/2078
f 4954/3934/2079 4953/3933/2078 4955/3935/2080
f 4905/3885/2035 4954/3934/2079 4955/3935/2080
f 4905/3885/2035 4955/3935/2080 4906/3886/2036
f 4956/3886/1553 4957/3936/1550 4958/3937/1596
f 4956/3886/1553 4958/3937/1596 4959/3887/1597
f 4959/3887/1597 4958/3937/1596 4960/3938/1595
f 4959/3887/1597 4960/3938/1595 4961/3889/1595
f 4962/3892/1594 4963/3939/1594 4964/3940/1592
f 4962/3892/1594 4964/3940/1592 4965/3893/1593
f 4965/3893/1593 4964/3940/1592 4966/3941/1590
f 4965/3893/1593 4966/3941/1590 4967/3895/1591
f 4967/3895/1591 4966/3941/1590 4968/3942/1588
f 4967/3895/1591 4968/3942/1588 4969/3896/1589
f 4969/3896/1589 4968/3942/1588 4970/3943/1586
f 4969/3896/1589 4970/3943/1586 4971/3897/1587
f 4971/3897/1587 4970/3943/1586 4972/3944/1584
f 4971/3897/1587 4972/3944/1584 4973/3899/1585
f 4973/3899/1585 4972/3944/1584 4974/3945/1582
f 4973/3899/1585 4974/3945/1582 4975/3901/1583
f 4975/3901/1583 4974/3945/1582 4976/3946/1581
f 4975/3901/1583 4976/3946/1581 4977/3947/1581
f 4978/3905/1580 4979/3948/1580 4980/3949/1578
f 4978/3905/1580 4980/3949/1578 4981/3907/1579
f 4981/3907/1579 4980/3949/1578 4982/3950/1576
f 4981/3907/1579 4982/3950/1576 4983/3908/1577
f 4983/3908/1577 4982/3950/1576 4984/3951/1574
f 4983/3908/1577 4984/3951/1574 4985/3909/1575
f 4985/3909/1575 4984/3951/1574 4986/3952/1572
f 4985/3909/1575 4986/3952/1572 4987/3911/1573
f 4987/3911/1573 4986/3952/1572 4988/3953/1570
f 4987/3911/1573 4988/3953/1570 4989/3913/1571
f 4989/3913/1571 4988/3953/1570 4990/3954/1569
f 4989/3913/1571 4990/3954/1569 4991/3915/1569
f 4992/3918/1568 4993/3955/1568 4994/3956/1566
f 4992/3918/1568 4994/3956/1566 4995/3919/1567
f 4995/3919/1567 4994/3956/1566 4996/3957/1564
f 4995/3919/1567 4996/3957/1564 4997/3921/1565
f 4997/3921/1565 4996/3957/1564 4998/3958/1562
f 4997/3921/1565 4998/3958/1562 4999/3923/1563
f 4999/3923/1563 4998/3958/1562 5000/3959/1560
f 4999/3923/1563 5000/3959/1560 5001/3925/1561
f 5001/3925/1561 5000/3959/1560 5002/3960/1559
f 5001/3925/1561 5002/3960/1559 5003/3927/1559
f 5004/3930/1558 5005/3961/1558 5006/3962/1556
f 5004/3930/1558 5006/3962/1556 5007/3931/1557
f 5007/3931/1557 5006/3962/1556 5008/3963/1554
f 5007/3931/1557 5008/3963/1554 5009/3933/1555
f 5009/3933/1555 5008/3963/1554 5010/3964/1551
f 5009/3933/1555 5010/3964/1551 5011/3935/1552
f 4510/3587/1814 4509/3586/1813 5012/3704/2081
f 4510/3587/1814 5012/3704/2081 5013/3965/2082
f 4511/3588/1815 4510/3587/1814 5013/3965/2082
f 4511/3588/1815 5013/3965/2082 4512/3589/1816
f 5013/3965/2082 5012/3704/2081 5014/3706/2083
f 5013/3965/2082 5014/3706/2083 5015/3966/2084
f 4512/3589/1816 5013/3965/2082 5015/3966/2084
f 4512/3589/1816 5015/3966/2084 4515/3592/1819
f 5015/3966/2084 5014/3706/2083 5016/3708/2085
f 5015/3966/2084 5016/3708/2085 5017/3967/2086
f 4515/3592/1819 5015/3966/2084 5017/3967/2086
f 4515/3592/1819 5017/3967/2086 4517/3594/1821
f 5017/3967/2086 5016/3708/2085 5018/3710/2087
f 5017/3967/2086 5018/3710/2087 5019/3968/2088
f 4517/3594/1821 5017/3967/2086 5019/3968/2088
f 4517/3594/1821 5019/3968/2088 4519/3596/1823
f 5019/3968/2088 5018/3710/2087 5020/3712/2089
f 5019/3968/2088 5020/3712/2089 5021/3969/2090
f 4519/3596/1823 5019/3968/2088 5021/3969/2090
f 4519/3596/1823 5021/3969/2090 4521/3598/1825
f 5021/3969/2090 5020/3712/2089 5022/3714/2091
f 5021/3969/2090 5022/3714/2091 5023/3970/2092
f 4521/3598/1825 5021/3969/2090 5023/3970/2092
f 4521/3598/1825 5023/3970/2092 4523/3600/1827
f 5024/3971/2093 5025/3715/2094 5026/3718/2095
f 5024/3971/2093 5026/3718/2095 5027/3972/2096
f 4625/3652/1929 5024/3971/2093 5027/3972/2096
f 4625/3652/1929 5027/3972/2096 4626/3653/1930
f 5027/3972/2096 5026/3718/2095 5028/3720/2097
f 5027/3972/2096 5028/3720/2097 5029/3973/2098
f 4626/3653/1930 5027/3972/2096 5029/3973/2098
f 4626/3653/1930 5029/3973/2098 4629/3656/1933
f 5029/3973/2098 5028/3720/2097 5030/3722/2099
f 5029/3973/2098 5030/3722/2099 5031/3974/2100
f 4629/3656/1933 5029/3973/2098 5031/3974/2100
f 4629/3656/1933 5031/3974/2100 4631/3658/1935
f 5031/3974/2100 5030/3722/2099 5032/3724/2101
f 5031/3974/2100 5032/3724/2101 5033/3975/2102
f 4631/3658/1935 5031/3974/2100 5033/3975/2102
f 4631/3658/1935 5033/3975/2102 4633/3660/1937
f 5033/3975/2102 5032/3724/2101 5034/3726/2103
f 5033/3975/2102 5034/3726/2103 5035/3976/2104
f 4633/3660/1937 5033/3975/2102 5035/3976/2104
f 4633/3660/1937 5035/3976/2104 4635/3662/1939
f 5035/3976/2104 5034/3726/2103 5036/3728/2105
f 5035/3976/2104 5036/3728/2105 5037/3977/2106
f 4635/3662/1939 5035/3976/2104 5037/3977/2106
f 4635/3662/1939 5037/3977/2106 4637/3664/1941
f 5037/3977/2106 5036/3728/2105 4115/3229/1542
f 5037/3977/2106 4115/3229/1542 4114/3228/1541
f 4637/3664/1941 5037/3977/2106 4114/3228/1541
f 4637/3664/1941 4114/3228/1541 4118/3232/1545
f 5011/3935/1552 5010/3964/1551 4957/3936/1550
f 5011/3935/1552 4957/3936/1550 4956/3886/1553
f 5038/3348/1727 5039/3342/1727 5040/3345/1727
f 5039/3342/1727 5038/3348/1727 5041/3339/1727
f 5041/3339/1727 5038/3348/1727 5042/3351/1727
f 5041/3339/1727 5042/3351/1727 5043/3336/1727
f 5043/3336/1727 5042/3351/1727 5044/3354/1727
f 5043/3336/1727 5044/3354/1727 5045/3333/1727
f 5045/3333/1727 5044/3354/1727 5046/3357/1727
f 5045/3333/1727 5046/3357/1727 5047/3330/1727
f 5047/3330/1727 5046/3357/1727 5048/3360/1727
f 5047/3330/1727 5048/3360/1727 5049/3326/1727
f 5049/3326/1727 5048/3360/1727 5050/3363/1727
f 5049/3326/1727 5050/3363/1727 5051/3327/1727
f 5051/3327/1727 5050/3363/1727 5052/3368/1727
f 5051/3327/1727 5052/3368/1727 5053/3397/1727
f 5053/3397/1727 5052/3368/1727 5054/3371/1727
f 5053/3397/1727 5054/3371/1727 5055/3394/1727
f 5055/3394/1727 5054/3371/1727 5056/3374/1727
f 5055/3394/1727 5056/3374/1727 5057/3391/1727
f 5057/3391/1727 5056/3374/1727 5058/3377/1727
f 5057/3391/1727 5058/3377/1727 5059/3388/1727
f 5059/3388/1727 5058/3377/1727 5060/3380/1727
f 5059/3388/1727 5060/3380/1727 5061/3383/1727
f 5062/3978/1727 5063/3979/1727 5064/3980/1727
f 5063/3979/1727 5062/3978/1727 5065/3981/1727
f 5063/3979/1727 5065/3981/1727 5066/3982/1727
f 5066/3982/1727 5065/3981/1727 5067/3983/1727
f 5066/3982/1727 5067/3983/1727 5068/3984/1727
f 5068/3984/1727 5067/3983/1727 5069/3985/1727
f 5068/3984/1727 5069/3985/1727 5070/3986/1727
f 5070/3986/1727 5069/3985/1727 5071/3987/1727
f 5070/3986/1727 5071/3987/1727 5072/3460/1727
f 5072/3460/1727 5071/3987/1727 5073/3461/1727
f 5074/3458/1727 5075/3988/1727 5076/3459/1727
f 5075/3988/1727 5074/3458/1727 5077/3989/1727
f 5075/3988/1727 5077/3989/1727 5078/3990/1727
f 5078/3990/1727 5077/3989/1727 5079/3991/1727
f 5078/3990/1727 5079/3991/1727 5080/3992/1727
f 5080/3992/1727 5079/3991/1727 5081/3993/1727
f 5080/3992/1727 5081/3993/1727 5082/3994/1727
f 5082/3994/1727 5081/3993/1727 5083/3995/1727
f 5082/3994/1727 5083/3995/1727 5084/3996/1727
f 5084/3996/1727 5083/3995/1727 5085/3997/1727
f 5086/3998/1727 5087/3999/1727 5088/4000/1727
f 5087/3999/1727 5086/3998/1727 5089/4001/1727
f 5087/3999/1727 5089/4001/1727 5090/4002/1727
f 5090/4002/1727 5089/4001/1727 5091/4003/1727
f 5090/4002/1727 5091/4003/1727 5092/4004/1727
f 5092/4004/1727 5091/4003/1727 5093/4005/1727
f 5092/4004/1727 5093/4005/1727 5094/4006/1727
f 5094/4006/1727 5093/4005/1727 5095/4007/1727
f 5094/4006/1727 5095/4007/1727 5096/4008/1727
f 5096/4008/1727 5095/4007/1727 5097/4009/1727
f 5096/4008/1727 5097/4009/1727 5098/4010/1727
f 5098/4010/1727 5097/4009/1727 5099/4011/1727
f 5098/4010/1727 5099/4011/1727 5100/4012/1727
f 5100/4012/1727 5099/4011/1727 5101/4013/1727
f 5100/4012/1727 5101/4013/1727 5102/4014/1727
f 5102/4014/1727 5101/4013/1727 5103/4015/1727
f 5102/4014/1727 5103/4015/1727 5104/4016/1727
f 5104/4016/1727 5103/4015/1727 5105/4017/1727
f 5104/4016/1727 5105/4017/1727 5106/4018/1727
f 5106/4018/1727 5105/4017/1727 5107/4019/1727
f 5106/4018/1727 5107/4019/1727 5108/4020/1727
f 5108/4020/1727 5107/4019/1727 5109/4021/1727
f 5110/3870/1954 5111/3864/1954 5112/3867/1954
f 5111/3864/1954 5110/3870/1954 5113/3861/1954
f 5113/3861/1954 5110/3870/1954 5114/3873/1954
f 5113/3861/1954 5114/3873/1954 5115/3858/1954
f 5115/3858/1954 5114/3873/1954 5116/3876/1954
f 5115/3858/1954 5116/3876/1954 5117/3855/1954
f 5117/3855/1954 5116/3876/1954 5118/3879/1954
f 5117/3855/1954 5118/3879/1954 5119/3851/1954
f 5119/3851/1954 5118/3879/1954 5120/3882/1954
f 5119/3851/1954 5120/3882/1954 5121/3845/1954
f 5121/3845/1954 5120/3882/1954 5122/3806/1954
f 5121/3845/1954 5122/3806/1954 5123/3842/1954
f 5123/3842/1954 5122/3806/1954 5124/3805/1954
f 5123/3842/1954 5124/3805/1954 5125/3839/1954
f 5125/3839/1954 5124/3805/1954 5126/3811/1954
f 5125/3839/1954 5126/3811/1954 5127/3836/1954
f 5127/3836/1954 5126/3811/1954 5128/3814/1954
f 5127/3836/1954 5128/3814/1954 5129/3833/1954
f 5129/3833/1954 5128/3814/1954 5130/3817/1954
f 5129/3833/1954 5130/3817/1954 5131/3829/1954
f 5131/3829/1954 5130/3817/1954 5132/3820/1954
f 5131/3829/1954 5132/3820/1954 5133/3823/1954
f 5134/4022/1954 5135/4023/1954 5136/4024/1954
f 5135/4023/1954 5134/4022/1954 5137/4025/1954
f 5137/4025/1954 5134/4022/1954 5138/4026/1954
f 5137/4025/1954 5138/4026/1954 5139/4027/1954
f 5139/4027/1954 5138/4026/1954 5140/4028/1954
f 5139/4027/1954 5140/4028/1954 5141/4029/1954
f 5141/4029/1954 5140/4028/1954 5142/4030/1954
f 5141/4029/1954 5142/4030/1954 5143/4031/1954
f 5143/4031/1954 5142/4030/1954 5144/3742/1954
f 5143/4031/1954 5144/3742/1954 5145/3741/1954
f 5146/4032/1954 5147/3748/1954 5148/3747/1954
f 5147/3748/1954 5146/4032/1954 5149/4033/1954
f 5149/4033/1954 5146/4032/1954 5150/4034/1954
f 5149/4033/1954 5150/4034/1954 5151/4035/1954
f 5151/4035/1954 5150/4034/1954 5152/4036/1954
f 5151/4035/1954 5152/4036/1954 5153/4037/1954
f 5153/4037/1954 5152/4036/1954 5154/4038/1954
f 5153/4037/1954 5154/4038/1954 5155/4039/1954
f 5155/4039/1954 5154/4038/1954 5156/4040/1954
f 5155/4039/1954 5156/4040/1954 5157/4041/1954
f 5158/4042/1954 5159/4043/1954 5160/4044/1954
f 5159/4043/1954 5158/4042/1954 5161/4045/1954
f 5161/4045/1954 5158/4042/1954 5162/4046/1954
f 5161/4045/1954 5162/4046/1954 5163/4047/1954
f 5163/4047/1954 5162/4046/1954 5164/4048/1954
f 5163/4047/1954 5164/4048/1954 5165/4049/1954
f 5165/4049/1954 5164/4048/1954 5166/4050/1954
f 5165/4049/1954 5166/4050/1954 5167/4051/1954
f 5167/4051/1954 5166/4050/1954 5168/4052/1954
f 5167/4051/1954 5168/4052/1954 5169/4053/1954
f 5169/4053/1954 5168/4052/1954 5170/4054/1954
f 5169/4053/1954 5170/4054/1954 5171/4055/1954
f 5171/4055/1954 5170/4054/1954 5172/4056/1954
f 5171/4055/1954 5172/4056/1954 5173/4057/1954
f 5173/4057/1954 5172/4056/1954 5174/4058/1954
f 5173/4057/1954 5174/4058/1954 5175/4059/1954
f 5175/4059/1954 5174/4058/1954 5176/4060/1954
f 5175/4059/1954 5176/4060/1954 5177/4061/1954
f 5177/4061/1954 5176/4060/1954 5178/4062/1954
f 5177/4061/1954 5178/4062/1954 5179/4063/1954
f 5179/4063/1954 5178/4062/1954 5180/4064/1954
f 5179/4063/1954 5180/4064/1954 5181/4065/1954
