mtllib Bunker_Light_Clean.mtl
o defaultMaterial_1
usemtl Bunker_Light
v -211.28125810093206 -91.42174290533181 84.61954545887865
v -211.2874872560875 -93.20130245665322 31.443140307081475
v -191.41277655969202 -107.56656372245003 31.650030746924234
v -191.43664191475642 -105.51098393194081 89.6382881752546
v -228.34391263531518 -71.38871089763266 80.0020025603397
v -228.36815849965907 -72.77577563685531 31.26536735162798
v -236.51680273002546 -54.68358713170103 73.58286418911082
v -236.58336268723258 -55.74342952693781 31.17989604049702
v -228.36815849965907 -72.77577563685531 31.26536735162798
v -228.34391263531518 -71.38871089763266 80.0020025603397
v -244.11607463644629 -0.5857124369693869 31.10165716368327
v -173.20168777163153 -114.53582699838682 90.7896095351183
v -173.1805967899188 -116.76821296579068 31.839887775981136
v -154.9280161692312 -121.18628263582401 32.029942695049
v -154.9667340538359 -118.8690425226981 93.25446317062259
v -173.2016894533252 -107.92438579358335 105.67143924870322
v -154.96673579948458 -112.00609925498047 108.70219523036823
v -211.28125944150517 -86.1513953207215 96.48269804572378
v -191.43664346325983 -99.42315738260776 103.34146605711817
v -228.34391368024515 -67.28060180009581 89.24886991872337
v -236.5168035284103 -51.54481268398168 80.6480279162935
v -228.34391368024515 -67.28060180009581 89.24886991872337
v -228.34391483771174 -60.60954645973794 97.77078732073537
v -211.28126092647125 -77.59271716478494 107.41578508003694
v -236.51680441278907 -46.44764017180649 87.1592726874165
v -228.34391483771174 -60.60954645973794 97.77078732073537
v 152.36125209570332 -118.86901699647713 93.2544838854146
v 152.36125035005463 -112.0060737287595 108.70221594516025
v -173.2016913161494 -97.18801149809929 119.38660058908579
v -154.96673773314757 -100.86141341734735 122.93888518863427
v -191.43664517855316 -89.53702796284813 115.97038295468937
v 152.36124841639165 -100.86138789112638 122.93890590342629
v 170.5962020942928 -97.18798294274022 119.38662376205467
v 188.83115549279205 -89.53699637835096 115.97040858583512
v 188.8311518293948 -60.02106608584943 136.12412409488766
v 170.5961981157999 -65.13332208184251 141.27378973484426
v -211.28126092647125 -77.59271716478494 107.41578508003694
v -211.28126409795303 -52.04013819939191 124.8632871932293
v -228.34391730974616 -40.69239994377431 111.37036588213246
v -236.51680630158236 -31.22966424814438 97.55022942278715
v -154.9667418629333 -67.5878005077154 145.65837892742314
v -173.20169529464232 -65.13335063720157 141.2737665618754
v 152.3612442866059 -67.58777498149443 145.6583996422152
v -173.20169725741678 -45.0469366059073 148.60464778315696
v -173.20169529464232 -65.13335063720157 141.2737665618754
v -154.9667418629333 -67.5878005077154 145.65837892742314
v -154.96674390034647 -46.737582189020834 153.2680525935546
v -211.2812656625845 -36.0281856338244 130.70711402341544
v -211.28126409795303 -52.04013819939191 124.8632871932293
v -191.43664884195042 -60.02109767034659 136.12409846374192
v -191.43665064927632 -41.52553732004712 142.87441986105267
v -228.3439185293161 -28.211710282184164 115.92541224003415
v -211.2812656625845 -36.0281856338244 130.70711402341544
v -236.51680723341138 -21.693678142765105 101.03061909835827
v -236.5168088942652 -0.5857127084529389 103.89746860294596
v -154.9667475317432 -0.5857066249425862 159.5362553713893
v -173.2017007557921 -0.5857080788388747 154.6432900883458
v 152.3612442866059 -67.58777498149443 145.6583996422152
v 152.36124224919274 -46.73755666279987 153.26807330834663
v 170.59619615302543 -45.04690805054823 148.60467095612583
v 188.8311500220689 -41.525505735549956 142.87444549219842
v 188.83114680076957 -0.5856779319255302 148.43482894190717
v 170.5961926546501 -0.5856795234798079 154.64331326131466
v -211.2812684513396 -0.5857110045562237 135.52095368756466
v -228.343920703036 -0.5857122252976786 119.67756423386022
v -154.96675012186537 45.566020367437496 153.2679489270846
v -173.20170325103587 43.87537619351529 148.60465027793379
v 152.361238617796 -0.5856810987216174 159.53627608618135
v 188.83114450315514 40.354001282445495 142.87444778938448
v 170.59619015940635 43.87540474887435 148.60467345090265
v -211.2812704404238 34.856619339622576 130.70711601213756
v -228.34392225344948 27.04014152016959 115.92541379016296
v -236.51681007887655 20.52210839248451 101.03062028275129
v -236.51681043255306 30.058092422838293 97.55023114225743
v 152.36123602767384 45.56604589365846 153.26796964187665
v -173.20170399602534 63.96179040661541 141.2737701837286
v -154.96675089519044 66.41624319752897 145.65838268699903
v -211.28127103430538 50.86871902117983 124.86329008040828
v -211.2812704404238 34.856619339622576 130.70711601213756
v -191.43665616819007 40.35396969794833 142.87442215823873
v -191.4366568541719 58.849530215655776 136.12410179873936
v -228.34392271634817 39.52083129472489 111.37036813257
v -211.28127103430538 50.86871902117983 124.86329008040828
v -211.28127130744832 76.42115577088641 107.41578940100237
v -228.34392292925943 59.43797814795809 97.77079068875148
v -236.51681059523045 45.2760707655353 87.15927526078848
v -173.20170399602534 63.96179040661541 141.2737701837286
v -154.96675089519044 66.41624319752897 145.65838268699903
v -154.96675125087907 99.68986099328272 122.93889081523861
v -173.20170433868446 96.01644748763655 119.38660600957016
v 170.59618941441687 63.96181896197447 141.27379335669747
v 188.8311438171733 58.84956180015294 136.1241274298851
v 188.83114350165312 88.3655012378233 115.9704135770124
v 170.5961890717666 96.01647604299694 119.3865229264278
v 152.36123489866014 99.68988651950369 122.93891153003062
v 152.36123525434877 66.41626872374994 145.65840340179108
v -228.34392267108157 66.1090336996607 89.24877921118495
v -228.34392292925943 59.43797814795809 97.77079068875148
v -211.28127130744832 76.42115577088641 107.41578940100237
v -211.2812709762323 84.97982555260819 96.48260249393428
v -236.5168103979798 50.37324343918937 80.64803077567487
v -228.34392267108157 66.1090336996607 89.24877921118495
v -173.20170392318516 106.75282212325666 105.67144527162037
v -154.96675081957432 110.83453853863045 108.7020952262048
v -191.4366571696921 88.36546965332613 115.97038794586665
v -191.4366567871052 98.25159074092626 103.34147160301958
v 152.3612353299649 110.83456406485142 108.70211594099682
v -173.20170313275173 113.36426369712953 90.78961592901254
v -154.9667499990893 117.69734386374438 93.25446980765572
v -211.2812703461412 90.25018207678008 84.61955055580981
v -191.43665605927578 104.33941763009818 89.63829406275237
v -228.34392217995617 70.2171430265187 80.00200653318961
v -236.5168100227198 53.512018062124795 73.58286722461315
v -228.34392217995617 70.2171430265187 80.00200653318961
v -228.36816823134205 71.6042089703731 31.266065018589735
v -211.2874997412656 92.02974294582991 31.44403687457717
v -236.58337012283107 54.57171452682897 31.180394997316927
v -228.36816823134205 71.6042089703731 31.266065018589735
v -173.1806124520686 115.59665977533248 31.840983420278118
v -154.9280324269707 120.01473247271748 32.031138940244
v -191.4127909813978 106.39499886266762 31.65102847346835
v 152.36123615044 117.69751636102816 93.25449052245186
v -211.28127103430538 50.86871902117983 124.86329008040828
v -191.4366568541719 58.849530215655776 136.12410179873936
v -211.2812684513396 -0.5857110045562237 135.52095368756466
v -191.43665387057564 -0.585709516422695 148.43480331076142
v -191.43664884195042 -60.02109767034659 136.12409846374192
v -211.28126409795303 -52.04013819939191 124.8632871932293
v 152.32261107982143 120.01475799251448 32.031159649822904
v 152.36123525434877 66.41626872374994 145.65840340179108
v 188.8072915052379 -107.56653214191746 31.650056374852657
v 208.6821183618272 -93.20126757458118 31.44316861424329
v 208.67576207091815 -91.42170802430509 84.61957376519216
v 188.8311587565888 -105.51095234744365 89.63831380640035
v 225.76266881910558 -72.77573791740127 31.265397961354598
v 225.73850912166301 -71.38867318219913 80.00203316680366
v 225.76266881910558 -72.77573791740127 31.265397961354598
v 233.97787072481918 -55.74339044279785 31.17992775768036
v 233.91130358087895 -54.68354805861842 73.58289589732102
v 225.73850912166301 -71.38867318219913 80.00203316680366
v 241.51069331379873 -0.5856721015077769 31.10168989632706
v 152.32262733756093 -121.18625711602702 32.02996340462791
v 170.5751129443617 -116.76818441393533 31.839910946106713
v 170.5962056388107 -114.53579844302776 90.78963270808718
v 170.59620395712582 -107.92435723822298 105.67135616556087
v 208.67576073034505 -86.15136043969478 96.48272635203729
v 188.8311572080854 -99.42312579811059 103.34149168826391
v 225.73850807673304 -67.28056408466227 89.24890052518732
v 233.91130278249412 -51.54477361089907 80.6480596245037
v 225.73850807673304 -67.28056408466227 89.24890052518732
v 225.73850691926646 -60.60950874430441 97.77081792719932
v 208.67575924537897 -77.59268228375822 107.41581338635045
v 233.91130189811534 -46.44760109872388 87.1593043956267
v 225.73850691926646 -60.60950874430441 97.77081792719932
v 208.67575924537897 -77.59268228375822 107.41581338635045
v 225.73850444723203 -40.69236222834078 111.37039648859641
v 208.6757560738972 -52.0401033183652 124.86331549954281
v 233.91130000932205 -31.22962517506177 97.55026113099736
v 170.5961981157999 -65.13332208184251 141.27378973484426
v 188.8311518293948 -60.02106608584943 136.12412409488766
v 208.6757560738972 -52.0401033183652 124.86331549954281
v 208.67575450926572 -36.028150752797686 130.70714232972895
v 225.73850444723203 -40.69236222834078 111.37039648859641
v 225.73850322766208 -28.211672566750625 115.9254428464981
v 233.91129907749303 -21.693639069682494 101.03065080656847
v 225.73850322766208 -28.211672566750625 115.9254428464981
v 233.9112974166392 -0.5856736353703277 103.89750031115616
v 225.7385010539422 -0.5856745098641415 119.67759484032418
v 208.67575172051062 -0.5856761235295116 135.52098199387817
v 225.7385010539422 -0.5856745098641415 119.67759484032418
v 225.73840505365206 27.040179235595286 115.92544439662055
v 208.6757497314264 34.85665422064929 130.70714431845107
v 233.91129623202787 20.52214746556712 101.03065199096149
v 225.73840505365206 27.040179235595286 115.92544439662055
v 233.91129587835135 30.058131495920904 97.55026285046763
v 170.59618941441687 63.96181896197447 141.27379335669747
v 208.67574913754484 50.86875390220654 124.86331838672179
v 188.8311438171733 58.84956180015294 136.1241274298851
v 208.6757497314264 34.85665422064929 130.70714431845107
v 225.73840459075336 39.520869010150584 111.37039873902758
v 208.67574913754484 50.86875390220654 124.86331838672179
v 225.7384043778421 59.43801586338378 97.77082129520906
v 208.6757488644019 76.42119065191314 107.41581770731588
v 233.91129571567396 45.27610983861791 87.15930696899868
v 208.6757488644019 76.42119065191314 107.41581770731588
v 225.7384043778421 59.43801586338378 97.77082129520906
v 225.73840463601996 66.10907141508639 89.24880981764254
v 208.67574919561793 84.97986043363491 96.48263080024779
v 233.9112959129246 50.373282512271985 80.64806248388507
v 225.73840463601996 66.10907141508639 89.24880981764254
v 170.59618948726586 106.75285067861704 105.67136218847801
v 188.83114388424002 98.25162232542343 103.34149723416533
v 170.59619027769048 113.3642922524886 90.78963910198142
v 208.675749825709 90.2502169578068 84.61957886212332
v 188.83114461206944 104.33944921459535 89.63831969389811
v 225.73840512714537 70.21718074194439 80.0020371396472
v 233.91129628818462 53.51205713520741 73.58289893282335
v 225.73840512714537 70.21718074194439 80.0020371396472
v 225.7626590874226 71.60424668982714 31.266095628316354
v 208.6821058766491 92.02977782790195 31.444065181738985
v 233.9778632892207 54.571753610968926 31.180426714500268
v 225.7626590874226 71.60424668982714 31.266095628316354
v 170.5750972822119 115.59668832718783 31.841006590403694
v 188.80727708353214 106.39503044320018 31.651054101396774
v 208.67574913754484 50.86875390220654 124.86331838672179
v 188.83115549279205 -89.53699637835096 115.97040858583512
v 208.67575924537897 -77.59268228375822 107.41581338635045
v -277.4993572453068 -0.5857148091996961 -1.1997452269049373
v -277.49935978864545 -0.585715188900441 29.421279448606064
v -268.9310132846947 68.01782207050898 29.510811579251584
v -268.9310107413561 68.01782245020972 -1.110212542842171
v -240.15743376608705 -115.77872247536607 -0.8114185021656594
v -240.15743630942575 -115.77872285506682 29.80960645005397
v -259.58639155742253 -90.37394630162675 29.60737095796165
v -259.586389014092 -90.37394592192723 -1.0135553937519757
v 274.89398128847574 -0.5856689282026619 -1.1997079940018627
v 274.8939787451371 -0.5856693079034069 29.42131668150914
v 266.32563222638294 -69.18949794506122 29.510250544356538
v 266.3256347697216 -69.18949756536047 -1.1107745000992972
v -196.81134509563987 143.91915778802056 -0.35880515428469417
v -196.81134763897865 143.9191574083198 30.262220466647435
v -176.0493407219824 149.41419103545775 30.47842073945884
v -176.04933817864372 149.41419141515848 -0.14260393605216348
v -259.5864036614474 89.20237016769984 29.60816701381607
v -259.5864011181087 89.20237054740058 -1.0128570160414763
v -217.55016416689367 132.47423410869933 -0.5748085067447213
v -217.55016671022415 132.47423372899982 30.04611742990597
v -259.586389014092 -90.37394592192723 -1.0135553937519757
v -259.58639155742253 -90.37394630162675 29.60737095796165
v -268.93100403647526 -69.18954240270838 29.510214466516587
v -268.9310014931366 -69.18954202300763 -1.110810577939249
v 173.44395024007943 -150.58572390591482 -0.14377724791031335
v 173.44394769674892 -150.58572428561433 30.477149000037574
v -176.04932050102872 -150.5855976976036 30.47712544318839
v -176.04931795769 -150.58559731790282 -0.14389984338748968
v 194.20585093688646 -145.09068162806605 -0.3600744091351952
v 194.20584839354765 -145.09068200776682 30.260951834391335
v 214.94467004401417 -133.64576658874586 -0.5759752389465526
v 214.94466750067545 -133.64576696844662 30.045049989981695
v 173.44392747578476 149.41422006386645 30.478444296312393
v 173.44393001912343 149.4142204435672 -0.1425803791986094
v 194.20583145668468 143.91919026534543 -0.3587787986000406
v 194.2058289133459 143.91918988564467 30.262246822332088
v 214.94464956333073 132.47426965139786 30.04614658130308
v 214.9446521066612 132.47427003109738 -0.5747793553476075
v 237.55193713899135 114.60718962145945 29.810636836383065
v 237.55193968232194 114.60719000115898 -0.8102903454564301
v 237.5519552110815 -115.77868279751058 -0.811386303176032
v 237.5519526677428 -115.77868317721133 29.809638649043595
v 256.98089242060877 89.20227474733107 29.60820183193675
v 256.9808949639392 89.20227512703059 -1.0127232284699659
v 266.3256255215021 68.01786690785688 -1.1101764650022192
v 266.3256229781635 68.01786652815615 29.510847657091535
v -240.15744929483728 114.6070119975973 -0.8103225444499382
v -240.15745183816787 114.60701161789777 29.810604637389556
v 256.9808949639392 89.20227512703059 -1.0127232284699659
v 256.98089242060877 89.20227474733107 29.60820183193675
v -217.5501462295407 -133.6458025111439 -0.5760043903436664
v -217.55014877287942 -133.64580289084466 30.045020838584584
v 256.9809045246243 -90.37390339628932 29.607405776086207
v 256.98090706795483 -90.37390301658981 -1.0135205756274168
v -228.3681682313337 71.60420897037433 31.26596466559579
v -257.8392699114869 88.21737022958906 31.231397441954808
v -267.1159464765334 67.26329870062304 31.134638233281777
v -275.60011457882837 -0.5857150512958671 31.04579679420186
v -267.1159373300278 -68.4350187715796 31.134038211325485
v -257.8392579402358 -89.38909308460607 31.230601441365973
v -238.55311092381288 -114.52408265067145 31.431449698838275
v -216.09538478008727 -132.19433386429395 31.66527909581755
v -195.48629108065788 -143.50262289836067 31.879699097030027
v -174.8537387901014 -148.9215047914093 32.09441442091965
v 172.24825923671122 -148.92147596161604 32.0944378165947
v 192.88091708855 -143.50259064113834 31.879725274099176
v 213.48999749294097 -132.19429818354934 31.665308051110426
v 235.94774490592707 -114.52404323931212 31.431481681563522
v 255.23377050502737 -89.3890504694975 31.230636023966824
v 264.51056514847636 -68.43497461544614 31.13407404448396
v 272.9947332654599 -0.585669485796012 31.045833771075714
v 264.51055600197077 67.26334285675651 31.13467406644025
v 255.2337585337763 88.21741284469763 31.23143202455566
v 235.94772954630776 113.3525580222088 31.432479798503646
v 213.48997975126176 131.0228092300292 31.666407512546776
v 192.8808978224321 142.33109825877688 31.881020172929926
v 172.2482392400973 147.74997150113512 32.09573301948624
v -174.85375878671533 147.74994267134187 32.09570962381119
v -195.48631034677578 142.33106600155455 31.880993995860777
v -216.09549697164314 131.02277354927674 31.666378557247533
v -191.4127909813978 106.39499886266762 31.65102847346835
v -259.5864011181087 89.20237054740058 -1.0128570160414763
v -259.5864036614474 89.20237016769984 29.60816701381607
v 256.98090706795483 -90.37390301658981 -1.0135205756274168
v 256.9809045246243 -90.37390339628932 29.607405776086207
v -196.81132561543808 -145.09071410539093 -0.36010076481984876
v -196.8113281587769 -145.0907144850917 30.26092547870668
v -238.5531262834322 113.35251861084947 31.4324478157784
v -195.48629108065788 -143.50262289836067 31.879699097030027
v -216.09538478008727 -132.19433386429395 31.66527909581755
v -238.55311092381288 -114.52408265067145 31.431449698838275
v -240.15743630942575 -115.77872285506682 29.80960645005397
v -259.58639155742253 -90.37394630162675 29.60737095796165
v -268.93100403647526 -69.18954240270838 29.510214466516587
v -195.48631034677578 142.33106600155455 31.880993995860777
v -216.09549697164314 131.02277354927674 31.666378557247533
v -238.5531262834322 113.35251861084947 31.4324478157784
v -240.15745183816787 114.60701161789777 29.810604637389556
v -259.5864036614474 89.20237016769984 29.60816701381607
v -268.9310132846947 68.01782207050898 29.510811579251584
v -277.49935978864545 -0.585715188900441 29.421279448606064
v -174.8537387901014 -148.9215047914093 32.09441442091965
v -174.85375878671533 147.74994267134187 32.09570962381119
v 192.88091708855 -143.50259064113834 31.879725274099176
v 213.48999749294097 -132.19429818354934 31.665308051110426
v 214.94466750067545 -133.64576696844662 30.045049989981695
v 237.5519526677428 -115.77868317721133 29.809638649043595
v 256.9809045246243 -90.37390339628932 29.607405776086207
v 266.32563222638294 -69.18949794506122 29.510250544356538
v 192.8808978224321 142.33109825877688 31.881020172929926
v 213.48997975126176 131.0228092300292 31.666407512546776
v 235.94772954630776 113.3525580222088 31.432479798503646
v 237.55193713899135 114.60718962145945 29.810636836383065
v 256.98089242060877 89.20227474733107 29.60820183193675
v 266.3256229781635 68.01786652815615 29.510847657091535
v 274.8939787451371 -0.5856693079034069 29.42131668150914
v 172.24825923671122 -148.92147596161604 32.0944378165947
v 172.2482392400973 147.74997150113512 32.09573301948624
v 4.175523719295568 139.91680624081152 30.747718073701588
v 2.2729069190471844 143.212078863956 30.747718037910897
v 2.2729008925264136 131.8398287582362 112.5338906849438
v 4.175517758868477 128.66870346751773 111.63739610746325
v 3.514743411170249 136.16942447941514 30.747717924027697
v 3.5147375258807 125.06274246263237 110.61799844300347
v 0.5998608137723135 133.7235231643096 30.747717658934757
v 3.514743411170249 136.16942447941514 30.747717924027697
v 3.5147375258807 125.06274246263237 110.61799844300347
v 0.5998549775346057 122.70909575645325 109.95256338075004
v -6.120261216605843 53.79748407573026 169.19324734363428
v -6.120261154911758 125.06274166236322 110.61799779357679
v 0.5998549050836405 53.797484664223006 166.74731475951995
v -6.780936836756636 139.91680533078363 30.74771733520457
v -6.120255269622208 136.16942367914598 30.74771727460102
v -6.120261154911758 125.06274166236322 110.61799779357679
v -6.7809427971837275 128.66870255748984 111.63739536896624
v -4.87841991136181 143.21207826997707 30.74771755589086
v -4.8784259378825805 131.83982816425726 112.53389020292376
v 4.17554266125612 -141.10921712391325 30.747710189322657
v 3.514761847962237 -137.36183547228384 30.74771024991952
v 3.5147542730964463 -122.13124249936939 109.58701207292717
v 4.175534992198366 -125.73735039083168 110.60640953504739
v 2.27290086180284 53.79748468552493 176.2359383809529
v 2.2729008925264136 131.8398287582362 112.5338906849438
v -4.8784259378825805 131.83982816425726 112.53389020292376
v -4.878425968606154 53.797484091545996 176.23593789893283
v -6.120236832830221 -137.361836272553 30.747709600492843
v -6.78101750990037 -141.10921803394942 30.747709450818924
v -6.781025178958124 -125.73735130086781 110.60640879654366
v -6.120244407696012 -122.13124329963854 109.58701142350048
v -4.878400525178988 -144.40449930245052 30.747709486609384
v -4.878408277076285 -128.9083209973997 111.50289164634145
v -4.878425968606154 53.797484091545996 176.23593789893283
v -6.780942842401291 53.79748397438851 172.94054615544886
v 2.272926305230006 -144.40449870847158 30.747709968629422
v 2.2729185533327096 -128.90832040342076 111.5028921283615
v -4.878418829978304 -50.84190550894332 175.20494372208947
v -4.878408277076285 -128.9083209973997 111.50289164634145
v 2.2729185533327096 -128.90832040342076 111.5028921283615
v 2.272908000978158 -50.850027227525 175.20494420388164
v -6.780935703782267 -50.84190562610212 171.90965823471672
v -4.878418829978304 -50.84190550894332 175.20494372208947
v 2.272908000978158 -50.850027227525 175.20494420388164
v 4.1755248522699375 -50.84190471607425 171.90965897321374
v 0.5998620437026658 -50.841904936267625 165.71642683878784
v 0.5998714074652969 -119.77759626089947 108.92157714274009
v -6.120244407696012 -122.13124329963854 109.58701142350048
v -6.120254077978972 -50.8419055247592 168.16226497302551
v 3.514761847962237 -137.36183547228384 30.74771024991952
v 0.5998789208433792 -134.9159432867469 30.747710122069225
v 0.5998714074652969 -119.77759626089947 108.92157714274009
v 3.5147542730964463 -122.13124249936939 109.58701207292717
v -6.120261216605843 53.79748407573026 169.19324734363428
v -6.120254077978972 -50.8419055247592 168.16226497302551
v -6.120261216605843 53.79748407573026 169.19324734363428
v 0.5998549050836405 53.797484664223006 166.74731475951995
v 4.175517713650913 53.797484884416384 172.94054689394588
v 2.27290086180284 53.79748468552493 176.2359383809529
v 2.272908000978158 -50.850027227525 175.20494420388164
v 2.27290086180284 53.79748468552493 176.2359383809529
v -4.878425968606154 53.797484091545996 176.23593789893283
v -4.878418829978304 -50.84190550894332 175.20494372208947
v 3.5147374641866156 53.79748487599941 169.19324799306096
v 3.5147374641866156 53.79748487599941 169.19324799306096
v 0.5998620437026658 -50.841904936267625 165.71642683878784
v 0.5998549050836405 53.797484664223006 166.74731475951995
v 3.5147446028134857 -50.84190472449005 168.1622656224522
v 2.272926305230006 -144.40449870847158 30.747709968629422
v -4.878400525178988 -144.40449930245052 30.747709486609384
v -6.120244407696012 -122.13124329963854 109.58701142350048
v -6.120236832830221 -137.361836272553 30.747709600492843
v 124.2297273795351 133.57631929438602 111.84657539523965
v 131.3810470155199 133.57631988836437 111.84657587725921
v 131.38105310199632 143.21208958749313 30.747726740172055
v 124.22973346601152 143.21208899351478 30.7477262581525
v 3.5147446028134857 -50.84190472449005 168.1622656224522
v 0.5998620437026658 -50.841904936267625 165.71642683878784
v 133.28367525194474 139.9168169643491 30.747726775963105
v 131.38105310199632 143.21208958749313 30.747726740172055
v 131.3810470155199 133.57631988836437 111.84657587725921
v 133.28366923156202 130.40519459764633 110.95008129977904
v 132.6228923612056 136.16943520295249 30.74772662628904
v 132.62288641596825 126.79923359276192 109.93058918544243
v 129.70790959528614 133.72353388783864 30.747726361189347
v 132.6228923612056 136.16943520295249 30.74772662628904
v 132.62288641596825 126.79923359276192 109.93058918544243
v 129.70790369909278 124.44558688657332 109.2652485730589
v 122.98788914925223 55.53397520585863 168.50594434218456
v 122.98788921094729 126.79923279249174 109.9306829858925
v 129.70790362664184 55.53397579434308 166.05999995182884
v 122.32711176028478 139.91681605431265 30.74772603745915
v 122.9878951561925 136.16943440268346 30.74772597686246
v 122.98788921094729 126.79923279249174 109.9306829858925
v 122.32710573990204 130.40519368760988 110.95008056127509
v 124.22973346601152 143.21208899351478 30.7477262581525
v 124.2297273795351 133.57631929438602 111.84657539523965
v 133.28358793779407 -141.10920640038452 30.747718891577012
v 132.6229107979976 -137.3618247487465 30.747718952180865
v 132.6228087324716 -122.13123178192856 110.07804207145008
v 133.2835802279528 -125.73733967339159 111.0974395335697
v 131.38104698479634 55.533975815653086 175.5486235732683
v 124.22972734881154 55.53397522167475 175.54862309124874
v 122.98791359298448 -137.36182554901552 30.747718302754283
v 122.32713070224533 -141.10920731041213 30.747718153080218
v 122.32712299240404 -125.73734058341918 111.0974387950729
v 122.98790597733516 -122.13123258218974 110.07804142202987
v 124.22975285219434 -144.4044885789128 30.747718188871026
v 124.2296388034013 -128.9083102799596 111.99393345109847
v 124.22972734881154 55.53397522167475 175.54862309124874
v 122.32710569468448 55.53397510450856 172.2532313477577
v 131.38107248817914 -144.40448798493446 30.74771867089058
v 131.38106469549734 -128.90830968597245 111.99393393312519
v 124.22973450660267 -50.841894791495584 175.6960799767303
v 124.2296388034013 -128.9083102799596 111.99393345109847
v 131.38106469549734 -128.90830968597245 111.99393393312519
v 131.38105414313495 -50.85001651007786 175.69608045852195
v 122.32711285247464 -50.841894908661914 172.40070003947383
v 124.22973450660267 -50.841894791495584 175.6960799767303
v 131.38105414313495 -50.85001651007786 175.69608045852195
v 133.28357008802337 -50.84189399863432 172.40070077797063
v -124.34156244632197 136.16941385985407 30.747709306144188
v -124.34156836179173 126.78093596999274 109.58701043844682
v -131.06168867822328 124.42728894775605 108.9215751197094
v -131.06158836192873 133.7235122286988 30.747708784573618
v 129.707910784432 -50.8418942188274 166.20746864354498
v 129.7079201481868 -119.77758554346043 109.41271339737388
v 122.98790597733516 -122.13123258218974 110.07804142202987
v 122.98789630705122 -50.84189480731053 168.65330677778945
v 132.6229107979976 -137.3618247487465 30.747718952180865
v 129.7079277023572 -134.91593256321786 30.747718824323815
v 129.7079201481868 -119.77758554346043 109.41271339737388
v 132.6228087324716 -122.13123178192856 110.07804207145008
v 122.98788914925223 55.53397520585863 168.50594434218456
v 122.98789630705122 -50.84189480731053 168.65330677778945
v 122.98788914925223 55.53397520585863 168.50594434218456
v 129.70790362664184 55.53397579434308 166.05999995182884
v 133.28356293022438 55.533976014534844 172.25333834236574
v 131.38104698479634 55.533975815653086 175.5486235732683
v 131.38105414313495 -50.85001651007786 175.69608045852195
v 131.38104698479634 55.533975815653086 175.5486235732683
v 124.22972734881154 55.53397522167475 175.54862309124874
v 124.22973450660267 -50.841894791495584 175.6960799767303
v 132.62288635426535 55.53397600612765 168.50594499161116
v 132.62288635426535 55.53397600612765 168.50594499161116
v 129.707910784432 -50.8418942188274 166.20746864354498
v 129.70790362664184 55.53397579434308 166.05999995182884
v 132.6228935120565 -50.84189400704268 168.6534018770927
v 131.38107248817914 -144.40448798493446 30.74771867089058
v 124.22975285219434 -144.4044885789128 30.747718188871026
v 122.98790597733516 -122.13123258218974 110.07804142202987
v 122.98791359298448 -137.36182554901552 30.747718302754283
v -6.120255269622208 136.16942367914598 30.74771727460102
v 132.6228935120565 -50.84189400704268 168.6534018770927
v 129.707910784432 -50.8418942188274 166.20746864354498
v -123.68079136181743 139.9167956212497 30.747709455817457
v -125.58340170553127 143.21206824439471 30.7477094200272
v -125.58340776223127 133.55802226559646 111.50289087415238
v -123.68079735243462 130.38704394594015 110.60640810291011
v -124.34156244632197 136.16941385985407 30.747709306144188
v -124.34156836179173 126.78093596999274 109.58701043844682
v -124.34156842348581 55.515678383359784 168.1622599885043
v -131.0616887506821 55.51567785552463 165.716420948356
v -133.9765714575697 136.16941305958406 30.74770865671681
v -133.97657737303945 126.78093516972272 109.58700978901945
v -134.6373430472428 139.91679471121424 30.747708717314296
v -133.9765714575697 136.16941305958406 30.74770865671681
v -133.97657737303945 126.78093516972272 109.58700978901945
v -134.63734903786002 130.3870430359047 110.60640736440693
v -132.73473314775066 143.21206765041538 30.747708938006852
v -132.73473920445065 133.55802167161713 111.50289039213203
v -123.68086686973353 -141.10922774348293 30.74770157143216
v -124.34154400952998 -137.3618460918449 30.747701632036012
v -124.34155161293936 -122.1312531231918 109.93065933125831
v -123.68087456733485 -125.73736101466267 110.95005679337156
v -125.58340779295484 55.51567819288521 175.20493857016146
v -125.58340776223127 133.55802226559646 111.50289087415238
v -132.73473920445065 133.55802167161713 111.50289039213203
v -132.73473923517423 55.515677598905896 175.20493808814112
v -133.9765530207777 -137.36184689211493 30.747700982608634
v -134.63732410528226 -141.10922865351054 30.747700832935365
v -134.63733180288358 -125.73736192469026 110.95005605487475
v -133.97656062418704 -122.13125392346181 109.93065868183093
v -132.73471376156783 -144.4045099220122 30.747700868725378
v -132.73472154200968 -128.90833162122286 111.84655071090668
v -132.73473923517423 55.515677598905896 175.20493808814112
v -134.63734908306768 55.515677481740546 171.90955815088543
v -125.58338231934846 -144.40450932803287 30.747701350745725
v -125.5833900997903 -128.90833102724352 111.84655119292704
v -132.7347320949117 -50.84191613276648 175.5486027866547
v -132.73472154200968 -128.90833162122286 111.84655071090668
v -125.5833900997903 -128.90833102724352 111.84655119292704
v -125.58340065215447 -50.84989520296325 175.54860326845116
v -134.63734194280417 -50.841916249931685 172.25321104316444
v -132.7347320949117 -50.84191613276648 175.5486027866547
v -125.58340065215447 -50.84989520296325 175.54860326845116
v -123.68079025737877 -50.84191533989625 172.2532117816676
v -131.0616647047343 -134.91595422236554 30.74770124770172
v -133.9765530207777 -137.36184689211493 30.747700982608634
v -133.97656062418704 -122.13125392346181 109.93065868183093
v -131.06167224665595 -119.77760720077946 109.26522414458725
v -124.34156128322329 -50.84191534831259 168.50592468701788
v -124.34155161293936 -122.1312531231918 109.93065933125831
v -131.06168161041074 -50.84191587614643 166.05997939075834
v -133.9765774347335 55.515677583089776 168.16225933907694
v -133.976570294471 -50.8419161485826 168.50592403759052
v -131.06168161041074 -50.84191587614643 166.05997939075834
v -131.0616887506821 55.51567785552463 165.716420948356
v -124.34156842348581 55.515678383359784 168.1622599885043
v -124.34156128322329 -50.84191534831259 168.50592468701788
v -123.6807973976423 55.515678391775985 171.9095588893886
v -125.58340779295484 55.51567819288521 175.20493857016146
v -125.58340065215447 -50.84989520296325 175.54860326845116
v -125.58340779295484 55.51567819288521 175.20493857016146
v -132.73473923517423 55.515677598905896 175.20493808814112
v -132.7347320949117 -50.84191613276648 175.5486027866547
v -133.9765774347335 55.515677583089776 168.16225933907694
v -124.34156842348581 55.515678383359784 168.1622599885043
v -124.34154400952998 -137.3618460918449 30.747701632036012
v -125.58338231934846 -144.40450932803287 30.747701350745725
v -132.73471376156783 -144.4045099220122 30.747700868725378
v -133.976570294471 -50.8419161485826 168.50592403759052
v -133.9765774347335 55.515677583089776 168.16225933907694
v -124.34156128322329 -50.84191534831259 168.50592468701788
v -131.06167224665595 -119.77760720077946 109.26522414458725
v -133.97656062418704 -122.13125392346181 109.93065868183093
v 256.17313642455605 44.024662434165094 30.613731606239305
v 259.37364120792665 45.872391547269515 30.613731873801868
v 244.3233528960601 45.87253615922386 120.05354332421065
v 241.24357873984962 44.02466009588023 119.18290410176199
v 252.5336048342236 44.66634211487177 30.613731378927163
v 237.74140096487974 44.66633980027233 118.19282124542161
v 250.15807218314043 47.49747575963614 30.613731298238843
v 235.4554068505494 47.497473460488024 117.54650066480804
v 237.7414003341422 54.02406517896787 118.19282150795905
v 235.4554068505494 47.497473460488024 117.54650066480804
v 209.20046381378313 47.497470914250464 147.0255214418032
v 210.3434484307441 54.02406252707384 148.53634192894899
v 256.17313570730676 54.665890427247014 30.6137319047863
v 252.53360420348608 54.0240674935673 30.613731641464604
v 237.7414003341422 54.02406517896787 118.19282150795905
v 241.24357802260033 54.66588808896215 119.18290440030898
v 259.3736407397714 52.81801919741675 30.61373206866624
v 244.32335242791476 52.81801683830827 120.05354351907091
v -258.49212799195277 44.02461969418714 30.018580049739167
v -254.8525728756632 44.666446950547126 30.018580313062575
v -240.43445227909785 44.66644706392299 117.45188876379778
v -243.4327401291915 44.02461983524252 119.5150516493821
v 213.63448373353577 45.872533203119744 152.8866796284064
v 244.3233528960601 45.87253615922386 120.05354332421065
v 244.32335242791476 52.81801683830827 120.05354351907091
v 213.63448326539046 52.81801388220415 152.88667982326666
v -254.85257350640077 54.02417232924266 30.018580575600016
v -258.49212870920206 54.66584768726906 30.01858034828616
v -243.43274084644082 54.66584782832444 119.5150519479291
v -240.43445290983541 54.02417244261852 117.45188902633522
v -261.692633492563 52.817975925780125 30.018580080719595
v -246.06930917944618 52.81797609117825 121.32932759283351
v 168.52708523142732 52.81800978811343 180.91370956947716
v 213.63448326539046 52.81801388220415 152.88667982326666
v 212.09454890842974 54.665885275199514 150.8511550607861
v 168.52708537270584 54.66588132345944 177.71319290717307
v -261.69263302441766 45.87249524669572 30.018579885859346
v -246.06930871130086 45.87249541209385 121.32932739797324
v -203.43281972073996 52.81797918102027 157.73930928082038
v -246.06930917944618 52.81797609117825 121.32932759283351
v -246.06930871130086 45.87249541209385 121.32932739797324
v -203.43440128812767 45.87249850178968 157.7405015155463
v -143.41785841734045 45.87250318955478 181.70202605037662
v -143.41477745806273 52.81798386892455 181.69965319229357
v 168.52708608995516 44.02465333037752 177.7131926086261
v -143.40646506421967 44.0246274038425 179.147239479385
v -143.39705529744094 44.666454394678865 176.24473575719915
v 168.52708634899938 44.666333358508794 174.07364927331292
v -143.39101053880597 47.49744128968127 174.350342854698
v -199.6250012251396 47.49743690289883 151.45258392313553
v -200.60657214280457 54.02402833789892 153.07314321752042
v -143.39705592816858 54.02403280231157 176.24473601973247
v 168.52708571826182 54.02405873720433 174.07364953585036
v 168.52708635548018 47.49746723003794 171.69812869872027
v -252.47715866856905 47.49743401885549 30.01858055259764
v -238.47747452621283 47.49743411417469 116.10526985869903
v -143.41477745806273 52.81798386892455 181.69965319229357
v -143.406465781469 54.66585539692442 179.147239777932
v 212.09454962567906 44.024657282117595 150.85115476223913
v 213.63448373353577 45.872533203119744 152.8866796284064
v 168.52708569957267 45.872529109029024 180.9137093746169
v 244.32345353667841 -45.97431923804967 120.05354074739014
v 244.32345400482376 -52.91979991713407 120.0535405525299
v 259.37364786860513 -52.9197975577645 30.59204104919161
v 259.3736474004598 -45.97431687868009 30.592041244051863
v 210.34344906148166 44.666337148378304 148.53634166641154
v 210.3434484307441 54.02406252707384 148.53634192894899
v 168.52708571826182 54.02405873720433 174.07364953585036
v 168.52708635548018 47.49746723003794 171.69812869872027
v 209.20046381378313 47.497470914250464 147.0255214418032
v -143.41785841734045 45.87250318955478 181.70202605037662
v -143.39705592816858 54.02403280231157 176.24473601973247
v -143.39101053880597 47.49744128968127 174.350342854698
v 168.52708569957267 45.872529109029024 180.9137093746169
v 213.63448373353577 45.872533203119744 152.8866796284064
v 213.63448326539046 52.81801388220415 152.88667982326666
v 168.52708523142732 52.81800978811343 180.91370956947716
v -199.6250012251396 47.49743690289883 151.45258392313553
v -238.47747452621283 47.49743411417469 116.10526985869903
v -240.43445290983541 54.02417244261852 117.45188902633522
v -200.60657214280457 54.02402833789892 153.07314321752042
v -202.11047344857218 44.02462282050288 155.55601758068968
v -200.60657151207693 44.66644993026622 153.0731429549871
v -200.60657214280457 54.02402833789892 153.07314321752042
v -202.11047416582147 54.6658508135848 155.55601787923666
v -199.6250012251396 47.49743690289883 151.45258392313553
v -203.43440128812767 45.87249850178968 157.7405015155463
v -203.43281972073996 52.81797918102027 157.73930928082038
v -261.69263302441766 45.87249524669572 30.018579885859346
v -246.06930871130086 45.87249541209385 121.32932739797324
v -246.06930917944618 52.81797609117825 121.32932759283351
v -261.692633492563 52.817975925780125 30.018580080719595
v -252.47715866856905 47.49743401885549 30.01858055259764
v -254.85257350640077 54.02417232924266 30.018580575600016
v 256.1731430852444 -54.767673641931744 30.592040781624927
v 259.37364786860513 -52.9197975577645 30.59204104919161
v 244.32345400482376 -52.91979991713407 120.0535405525299
v 241.24358539873663 -54.76767598048554 119.18290133007486
v 252.533611494912 -54.12599396122507 30.59204055431278
v 237.74140762376675 -54.12599627609344 118.19281847373448
v 250.1580788438288 -51.294860316460706 30.592040473624465
v 235.45541350943637 -51.294862615877754 117.5464978931209
v 237.7414069930292 -44.768270897397905 118.19281873627192
v 235.45541350943637 -51.294862615877754 117.5464978931209
v 209.20047047267013 -51.294865162115315 147.02551867011607
v 210.3434550896311 -44.76827354929193 148.53633915726186
v 256.1731423679951 -44.126445648849824 30.592041080171917
v 252.53361086417445 -44.76826858252954 30.592040816850222
v 237.7414069930292 -44.768270897397905 118.19281873627192
v 241.24358468148733 -44.12644798740362 119.18290162862185
v 259.3736474004598 -45.97431687868009 30.592041244051863
v 244.32345353667841 -45.97431923804967 120.05354074739014
v -258.4921213382976 -54.767716382959705 30.08156649110598
v -254.85256622200802 -54.125889126599716 30.08156675442939
v -240.43444562021085 -54.125889012442784 117.45188599211065
v -243.4327334703045 -54.76771624112325 119.51504887769497
v 213.63449039242278 -52.919802873246034 152.88667685671928
v 213.63448992427746 -45.97432219416163 152.8866770515795
v -254.85256685274555 -44.76816374790418 30.08156701696683
v -258.4921220555469 -44.126488389877785 30.08156678965297
v -243.43273418755382 -44.12648824804133 119.51504917624196
v -240.4344462509484 -44.76816363374725 117.45188625464809
v -261.6926268389078 -45.974360151366724 30.08156652208641
v -246.0693025205592 -45.974359985187526 121.32932482114637
v 168.52699744043767 -45.974326288260194 180.91370679778365
v 213.63448992427746 -45.97432219416163 152.8866770515795
v 212.09455556731675 -44.12645080116626 150.851152289099
v 168.5269975817162 -44.12645475291418 177.71319013547958
v -261.69262637076247 -52.91984083045113 30.081566327226156
v -246.06930205241386 -52.91984066427193 121.32932462628612
v -203.43281306185295 -45.97435689534551 157.73930650913323
v -246.0693025205592 -45.974359985187526 121.32932482114637
v -246.06930205241386 -52.91984066427193 121.32932462628612
v -203.43439462924067 -52.9198375745761 157.74049874385918
v -143.41785175845345 -52.919832886811 181.7020232786895
v -143.41477079917573 -45.97435220744123 181.69965042060642
v 168.52709274884216 -54.76768274598825 177.71318983693894
v -143.4064584053327 -54.76770867252327 179.14723670769786
v -143.39704863855394 -54.125881681686906 176.24473298551203
v 168.52709300787646 -54.125855746794144 174.07364650162992
v -143.39100387991897 -51.29489478668451 174.35034008301088
v -199.6249945662526 -51.294899173466945 151.4525811514484
v -200.60656548392745 -44.76816076740402 153.07314044583742
v -143.3970492692915 -44.76815630299137 176.24473324804947
v 168.52699792727216 -44.76827733916929 174.07364676415688
v 168.52709301436718 -51.29486884632784 171.69812592703315
v -252.47715201491383 -51.294902058291356 30.081566993964454
v -238.47746786732583 -51.29490196219109 116.1052670870119
v -143.41477079917573 -45.97435220744123 181.69965042060642
v -143.406459122582 -44.12648067944135 179.14723700624486
v 250.15807218314043 47.49747575963614 30.613731298238843
v 235.4554068505494 47.497473460488024 117.54650066480804
v 237.7414003341422 54.02406517896787 118.19282150795905
v 252.53360420348608 54.0240674935673 30.613731641464604
v 212.09455628456607 -54.76767879424818 150.85115199055198
v 213.63449039242278 -52.919802873246034 152.88667685671928
v 168.526997908583 -52.9198069673446 180.9137066029234
v 210.34345572036867 -54.12599892798747 148.53633889472442
v 210.3434550896311 -44.76827354929193 148.53633915726186
v 168.52699792727216 -44.76827733916929 174.07364676415688
v 168.52709301436718 -51.29486884632784 171.69812592703315
v 209.20047047267013 -51.294865162115315 147.02551867011607
v -143.41785175845345 -52.919832886811 181.7020232786895
v -143.3970492692915 -44.76815630299137 176.24473324804947
v -143.39100387991897 -51.29489478668451 174.35034008301088
v 168.526997908583 -52.9198069673446 180.9137066029234
v 213.63449039242278 -52.919802873246034 152.88667685671928
v 213.63448992427746 -45.97432219416163 152.8866770515795
v 168.52699744043767 -45.974326288260194 180.91370679778365
v -199.6249945662526 -51.294899173466945 151.4525811514484
v -238.47746786732583 -51.29490196219109 116.1052670870119
v -240.4344462509484 -44.76816363374725 117.45188625464809
v -200.60656548392745 -44.76816076740402 153.07314044583742
v -202.11037233980852 -54.76771325585505 155.5560148090089
v -200.60656485318992 -54.12588614609955 153.07314018329998
v -200.60656548392745 -44.76816076740402 153.07314044583742
v -202.1103730570578 -44.12648526277313 155.5560151075559
v -199.6249945662526 -51.294899173466945 151.4525811514484
v -203.43439462924067 -52.9198375745761 157.74049874385918
v -203.43281306185295 -45.97435689534551 157.73930650913323
v -261.69262637076247 -52.91984083045113 30.081566327226156
v -246.06930205241386 -52.91984066427193 121.32932462628612
v -246.0693025205592 -45.974359985187526 121.32932482114637
v -261.6926268389078 -45.974360151366724 30.08156652208641
v -252.47715201491383 -51.294902058291356 30.081566993964454
v -254.85256685274555 -44.76816374790418 30.08156701696683
v -125.58340170553127 143.21206824439471 30.7477094200272
v -132.73473314775066 143.21206765041538 30.747708938006852
v 2.2729069190471844 143.212078863956 30.747718037910897
v -4.87841991136181 143.21207826997707 30.74771755589086
v 122.9878951561925 136.16943440268346 30.74772597686246
v 250.1580788438288 -51.294860316460706 30.592040473624465
v 235.45541350943637 -51.294862615877754 117.5464978931209
v 237.7414069930292 -44.768270897397905 118.19281873627192
v 252.53361086417445 -44.76826858252954 30.592040816850222
v 259.37364120792665 45.872391547269515 30.613731873801868
v 259.3736407397714 52.81801919741675 30.61373206866624
vt 0.8682259917259216 0.0938119888305664
vt 0.8161420226097107 0.09370797872543335
vt 0.815796971321106 0.11399400234222412
vt 0.8725979924201965 0.11407297849655151
vt 0.8644729852676392 0.07610100507736206
vt 0.8167470097541809 0.07597899436950684
vt 0.5275689959526062 0.19799602031707764
vt 0.5277780294418335 0.15598201751708984
vt 0.5163649916648865 0.15663397312164307
vt 0.5162379741668701 0.2049199938774109
vt 0.5646889805793762 0.15598201751708984
vt 0.8733810186386108 0.13253498077392578
vt 0.8156319856643677 0.13245701789855957
vt 0.8156489729881287 0.15076500177383423
vt 0.8756260275840759 0.1508299708366394
vt 0.888189971446991 0.13233798742294312
vt 0.8909990191459656 0.15062499046325684
vt 0.8800309896469116 0.09365600347518921
vt 0.8862349987030029 0.11389100551605225
vt 0.8736749887466431 0.07597899436950684
vt 0.5295159816741943 0.20503997802734375
vt 0.5187849998474121 0.21413898468017578
vt 0.8822649717330933 0.07576102018356323
vt 0.8910520076751709 0.09337502717971802
vt 0.5327839851379395 0.2115650177001953
vt 0.523061990737915 0.2226790189743042
vt 0.8756260275840759 0.45635998249053955
vt 0.8909990191459656 0.45615601539611816
vt 0.902014970779419 0.13198697566986084
vt 0.9053500294685364 0.15026098489761353
vt 0.8989650011062622 0.1135680079460144
vt 0.9053500294685364 0.45579200983047485
vt 0.902014970779419 0.4737740159034729
vt 0.8989650011062622 0.4916120171546936
vt 0.9198039770126343 0.49059200286865234
vt 0.9246469736099243 0.47266697883605957
vt 0.5114539861679077 0.23368597030639648
vt 0.5281670093536377 0.2513499855995178
vt 0.5360890030860901 0.2364479899406433
vt 0.5427370071411133 0.22208499908447266
vt 0.9288420081138611 0.14911097288131714
vt 0.9246460199356079 0.1308789849281311
vt 0.9288420081138611 0.45464199781417847
vt 0.2943570017814636 0.4194520115852356
vt 0.30778199434280396 0.4187679886817932
vt 0.30864399671554565 0.4006119966506958
vt 0.2947089970111847 0.40132200717926025
vt 0.2899540066719055 0.4573739767074585
vt 0.3006559908390045 0.4568279981613159
vt 0.30514299869537354 0.43699198961257935
vt 0.2927809953689575 0.4376220107078552
vt 0.5443379878997803 0.241146981716156
vt 0.5387489795684814 0.2573789954185486
vt 0.5490400195121765 0.22567498683929443
vt 0.563094973564148 0.22883301973342896
vt 0.2638620138168335 0.4027649760246277
vt 0.2646409869194031 0.4208419919013977
vt 0.2955299913883209 0.09494900703430176
vt 0.28159400820732117 0.09565901756286621
vt 0.27968600392341614 0.07751601934432983
vt 0.27655500173568726 0.059414029121398926
vt 0.2491919994354248 0.060693979263305664
vt 0.24997000396251678 0.07890599966049194
vt 0.5623499751091003 0.2626820206642151
vt 0.5627340078353882 0.24528002738952637
vt 0.2330159991979599 0.40405499935150146
vt 0.23492400348186493 0.4220839738845825
vt 0.25074800848960876 0.09710097312927246
vt 0.22182999551296234 0.061837971210479736
vt 0.22025400400161743 0.08014798164367676
vt 0.5861589908599854 0.2584499716758728
vt 0.581292986869812 0.24198198318481445
vt 0.5772749781608582 0.22631299495697021
vt 0.583728015422821 0.22301000356674194
vt 0.21990199387073517 0.09839099645614624
vt 0.2214999943971634 0.4225900173187256
vt 0.21908099949359894 0.4045799970626831
vt 0.23187600076198578 0.4598749876022339
vt 0.24257700145244598 0.45947200059890747
vt 0.2380560040473938 0.4400460124015808
vt 0.22569400072097778 0.4405120015144348
vt 0.5897390246391296 0.23765897750854492
vt 0.5969949960708618 0.252905011177063
vt 0.6144629716873169 0.2360129952430725
vt 0.6033539772033691 0.22449302673339844
vt 0.5941320061683655 0.2129499912261963
vt 0.9263420104980469 0.9383379817008972
vt 0.9304159879684448 0.9201970100402832
vt 0.9057040214538574 0.9203199744224548
vt 0.9025350213050842 0.9384570121765137
vt 0.9263420104980469 0.5960580110549927
vt 0.9217320084571838 0.5778779983520508
vt 0.8998100161552429 0.5779880285263062
vt 0.9025350213050842 0.5961769819259644
vt 0.9057040214538574 0.6143490076065063
vt 0.930417001247406 0.6142259836196899
vt 0.8755519986152649 0.9932069778442383
vt 0.8843669891357422 0.9931849837303162
vt 0.8924210071563721 0.9762769937515259
vt 0.8811129927635193 0.9763050079345703
vt 0.597681999206543 0.2065790295600891
vt 0.6079999804496765 0.21615397930145264
vt 0.8883489966392517 0.9384920001029968
vt 0.8909779787063599 0.9203569889068604
vt 0.8998100161552429 0.9565759897232056
vt 0.8867470026016235 0.9566090106964111
vt 0.8909779787063599 0.6143859624862671
vt 0.8733500242233276 0.9385089874267578
vt 0.8754090070724487 0.9203749895095825
vt 0.8691570162773132 0.9763190150260925
vt 0.872937023639679 0.9566249847412109
vt 0.8662329912185669 0.9932180047035217
vt 0.5999339818954468 0.1996300220489502
vt 0.6109480261802673 0.20705997943878174
vt 0.818701982498169 0.9932129979133606
vt 0.8172760009765625 0.9762939810752869
vt 0.6015599966049194 0.1576489806175232
vt 0.6129310131072998 0.15881502628326416
vt 0.8158159852027893 0.9384549856185913
vt 0.815654993057251 0.9203010201454163
vt 0.8163520097732544 0.9565669894218445
vt 0.8754090070724487 0.6144039630889893
vt 0.9114000201225281 0.9761819839477539
vt 0.9217320084571838 0.9564669728279114
vt 0.26626598834991455 0.458482027053833
vt 0.26541900634765625 0.43890202045440674
vt 0.9198039770126343 0.11254799365997314
vt 0.9090930223464966 0.09249299764633179
vt 0.815654993057251 0.6144070029258728
vt 0.2059669941663742 0.09891599416732788
vt 0.815796971321106 0.49199098348617554
vt 0.8161420226097107 0.5112220048904419
vt 0.8682259917259216 0.5113129615783691
vt 0.8725979924201965 0.4921169877052307
vt 0.8167470097541809 0.5274540185928345
vt 0.8644729852676392 0.5275279879570007
vt 0.09842400252819061 0.2279520034790039
vt 0.098301000893116 0.21660500764846802
vt 0.05677099898457527 0.21585297584533691
vt 0.05068900063633919 0.22697299718856812
vt 0.09818899631500244 0.17933201789855957
vt 0.8156489729881287 0.45621901750564575
vt 0.8156319856643677 0.4742029905319214
vt 0.8733810186386108 0.47432202100753784
vt 0.888189971446991 0.4741259813308716
vt 0.8800309896469116 0.5111570358276367
vt 0.8862349987030029 0.49193501472473145
vt 0.8736749887466431 0.5274059772491455
vt 0.04985100030899048 0.21371501684188843
vt 0.04163200035691261 0.22417497634887695
vt 0.8822649717330933 0.5271880030632019
vt 0.8910520076751709 0.5108770132064819
vt 0.043473999947309494 0.2102460265159607
vt 0.033284999430179596 0.21963602304458618
vt 0.02426699921488762 0.23069697618484497
vt 0.019965000450611115 0.2060920000076294
vt 0.007178000174462795 0.21332097053527832
vt 0.033296000212430954 0.19989800453186035
vt 0.29311200976371765 0.07683199644088745
vt 0.28891700506210327 0.05878400802612305
vt 0.28273600339889526 0.03914600610733032
vt 0.2720339894294739 0.03969097137451172
vt 0.2744230031967163 0.022346973419189453
vt 0.2660819888114929 0.022772014141082764
vt 0.029888000339269638 0.19341498613357544
vt 0.015503999777138233 0.19760698080062866
vt 0.027079999446868896 0.17906898260116577
vt 0.24761800467967987 0.023635029792785645
vt 0.2483450025320053 0.04079902172088623
vt 0.01182899996638298 0.17883098125457764
vt 0.22915300726890564 0.024407029151916504
vt 0.22465699911117554 0.04178899526596069
vt 0.029888000339269638 0.16472697257995605
vt 0.015503999777138233 0.16006100177764893
vt 0.03329699859023094 0.15824997425079346
vt 0.2068289965391159 0.08065301179885864
vt 0.21395500004291534 0.04219198226928711
vt 0.20946800708770752 0.062303006649017334
vt 0.0014550000196322799 0.15426599979400635
vt 0.01996600069105625 0.1515830159187317
vt 0.007178000174462795 0.1433899998664856
vt 0.03328600153326988 0.13805800676345825
vt 0.02426699921488762 0.12603801488876343
vt 0.043473999947309494 0.1479160189628601
vt 0.8924220204353333 0.5581740140914917
vt 0.8843669891357422 0.5411080121994019
vt 0.8755519986152649 0.541130006313324
vt 0.8811129927635193 0.5582020282745361
vt 0.049851998686790466 0.14445698261260986
vt 0.0416329987347126 0.13353097438812256
vt 0.8883489966392517 0.5962120294570923
vt 0.8867470026016235 0.5780199766159058
vt 0.8733500242233276 0.5962289571762085
vt 0.8691570162773132 0.5582159757614136
vt 0.872937023639679 0.5780360102653503
vt 0.8662329912185669 0.5411399602890015
vt 0.05677200108766556 0.14232897758483887
vt 0.050689999014139175 0.1307460069656372
vt 0.818701982498169 0.5410870313644409
vt 0.8172760009765625 0.5581780076026917
vt 0.098301000893116 0.1416410207748413
vt 0.09842400252819061 0.1298390030860901
vt 0.8158159852027893 0.5962170362472534
vt 0.8163520097732544 0.5780259966850281
vt 0.9114000201225281 0.5580790042877197
vt 0.30864399671554565 0.05766397714614868
vt 0.29981398582458496 0.038176000118255615
vt 0.459755003452301 0.403564989566803
vt 0.48960399627685547 0.4035639762878418
vt 0.49053698778152466 0.3569290041923523
vt 0.4606879949569702 0.3569290041923523
vt 0.9679279923439026 0.49893397092819214
vt 0.9978809952735901 0.4989969730377197
vt 0.99863201379776 0.47874999046325684
vt 0.9686790108680725 0.47868597507476807
vt 0.1766750067472458 0.37122899293899536
vt 0.1466829925775528 0.37120699882507324
vt 0.14681099355220795 0.417589008808136
vt 0.17680299282073975 0.4176110029220581
vt 0.9328629970550537 0.9299960136413574
vt 0.9626579880714417 0.9300190210342407
vt 0.9624379873275757 0.9093719720840454
vt 0.9326429963111877 0.9093490242958069
vt 0.49155500531196594 0.3425289988517761
vt 0.4617060124874115 0.3425300121307373
vt 0.9335489869117737 0.9505950212478638
vt 0.9633439779281616 0.9506180286407471
vt 0.4617060124874115 0.46460700035095215
vt 0.49155500531196594 0.46460598707199097
vt 0.49053698778152466 0.450203001499176
vt 0.4606879949569702 0.4502040147781372
vt 0.96766197681427 0.9113950133323669
vt 0.9976149797439575 0.9114580154418945
vt 0.9972710013389587 0.5640079975128174
vt 0.9673179984092712 0.5639449954032898
vt 0.9676799774169922 0.931833028793335
vt 0.9976329803466797 0.9318959712982178
vt 0.9679250121116638 0.9520300030708313
vt 0.9978780150413513 0.9520940184593201
vt 0.9624379873275757 0.5614219903945923
vt 0.9326429963111877 0.561398983001709
vt 0.9328629970550537 0.5407060384750366
vt 0.9626579880714417 0.540727972984314
vt 0.9633439779281616 0.5200319886207581
vt 0.9335489869117737 0.5200099945068359
vt 0.964514970779419 0.49744898080825806
vt 0.9347190260887146 0.49742698669433594
vt 0.9683970212936401 0.9738500118255615
vt 0.9983500242233276 0.9739130139350891
vt 0.9663069844245911 0.4779989719390869
vt 0.9365119934082031 0.4779769778251648
vt 0.17680199444293976 0.32437199354171753
vt 0.14681099355220795 0.3243510127067566
vt 0.9347190260887146 0.9730269908905029
vt 0.964514970779419 0.9730499982833862
vt 0.17694200575351715 0.3097180128097534
vt 0.14695000648498535 0.3096960186958313
vt 0.9674999713897705 0.5220650434494019
vt 0.997452974319458 0.5221279859542847
vt 0.14695000648498535 0.43172597885131836
vt 0.17694200575351715 0.4317479729652405
vt 0.053918998688459396 0.9428619742393494
vt 0.04280500113964081 0.9721999764442444
vt 0.0568230003118515 0.9814350008964539
vt 0.10221400111913681 0.9898800253868103
vt 0.14760500192642212 0.9814350008964539
vt 0.1616230010986328 0.9722009897232056
vt 0.1784379929304123 0.953004002571106
vt 0.19025899469852448 0.930649995803833
vt 0.19782400131225586 0.91013503074646
vt 0.20144900679588318 0.88959801197052
vt 0.20144900679588318 0.5440469980239868
vt 0.19782400131225586 0.5235040187835693
vt 0.19025899469852448 0.5029850006103516
vt 0.1784379929304123 0.4806240200996399
vt 0.1616230010986328 0.46142202615737915
vt 0.14760500192642212 0.4521849751472473
vt 0.10221400111913681 0.4437379837036133
vt 0.0568230003118515 0.4521849751472473
vt 0.04280500113964081 0.46142101287841797
vt 0.025988999754190445 0.4806230068206787
vt 0.014167999848723412 0.5029829740524292
vt 0.0066019999794662 0.5235030055046082
vt 0.0029770000837743282 0.5440460443496704
vt 0.0029770000837743282 0.8895959854125977
vt 0.0066019999794662 0.9101340174674988
vt 0.014167999848723412 0.9306479692459106
vt 0.030643999576568604 0.9060760140419006
vt 0.9365119934082031 0.9922630190849304
vt 0.9663069844245911 0.9922850131988525
vt 0.969186007976532 0.9922329783439636
vt 0.9991390109062195 0.9922959804534912
vt 0.9672960042953491 0.5431029796600342
vt 0.9972490072250366 0.5431660413742065
vt 0.025988999754190445 0.9530029892921448
vt 0.9988939762115479 0.5444279909133911
vt 0.9990940093994141 0.5235239863395691
vt 0.999517023563385 0.5005489587783813
vt 0.17927800118923187 0.9545810222625732
vt 0.1622830033302307 0.973921000957489
vt 0.14811000227928162 0.9832220077514648
vt 0.9643579721450806 0.9286940097808838
vt 0.9650350213050842 0.9491639733314514
vt 0.9661909937858582 0.9714480042457581
vt 0.025150999426841736 0.9545800089836121
vt 0.04214699938893318 0.9739199876785278
vt 0.05631899833679199 0.9832220077514648
vt 0.1022149994969368 0.9917510151863098
vt 0.9989179968833923 0.5651389956474304
vt 0.9641420245170593 0.9081760048866272
vt 0.9992759823799133 0.9305239915847778
vt 0.999517023563385 0.9505980014801025
vt 0.19123099744319916 0.5015169978141785
vt 0.17927800118923187 0.4790070056915283
vt 0.1622830033302307 0.4596629738807678
vt 0.14811000227928162 0.4503589868545532
vt 0.9643579721450806 0.5420420169830322
vt 0.9650350213050842 0.5214760303497314
vt 0.9661909937858582 0.49904197454452515
vt 0.025150999426841736 0.47900599241256714
vt 0.04214699938893318 0.4596620202064514
vt 0.05631899833679199 0.45035797357559204
vt 0.1022149994969368 0.4418269991874695
vt 0.9992589950561523 0.9102109670639038
vt 0.9641420245170593 0.5626059770584106
vt 0.4547730088233948 0.27034997940063477
vt 0.45482099056243896 0.26805800199508667
vt 0.37471500039100647 0.2757279872894287
vt 0.3755449950695038 0.27793699502944946
vt 0.45478999614715576 0.2728790044784546
vt 0.3765600025653839 0.28036898374557495
vt 0.48530301451683044 0.3385990262031555
vt 0.4880630075931549 0.3384320139884949
vt 0.4867149889469147 0.2594820261001587
vt 0.48396599292755127 0.2603060007095337
vt 0.47863999009132385 0.20421099662780762
vt 0.477292001247406 0.25972700119018555
vt 0.4852660000324249 0.2064710259437561
vt 0.6540459990501404 0.46049898862838745
vt 0.6539809703826904 0.45795100927352905
vt 0.5761250257492065 0.45040297508239746
vt 0.5751960277557373 0.4528539776802063
vt 0.6538580060005188 0.4627389907836914
vt 0.5741339921951294 0.45500898361206055
vt 0.4547730088233948 0.4613199830055237
vt 0.45478901267051697 0.4587550163269043
vt 0.3775700032711029 0.4483489990234375
vt 0.3765549957752228 0.4508169889450073
vt 0.641543984413147 0.26201701164245605
vt 0.6413879990577698 0.1928200125694275
vt 0.6343809962272644 0.19280701875686646
vt 0.6345369815826416 0.2620049715042114
vt 0.6539809703826904 0.2720029950141907
vt 0.6540459990501404 0.26945602893829346
vt 0.5762010216712952 0.2799069881439209
vt 0.5771300196647644 0.2823590040206909
vt 0.6538580060005188 0.2672150135040283
vt 0.5751389861106873 0.27775102853775024
vt 0.5120390057563782 0.4019569754600525
vt 0.515438973903656 0.40195798873901367
vt 0.45482099056243896 0.46350598335266113
vt 0.37572500109672546 0.45291900634765625
vt 0.624426007270813 0.26207101345062256
vt 0.6231279969215393 0.19568800926208496
vt 0.6161329746246338 0.19554400444030762
vt 0.6174309849739075 0.2619270086288452
vt 0.5164440274238586 0.33082300424575806
vt 0.513043999671936 0.33082300424575806
vt 0.3133319914340973 0.3998289704322815
vt 0.31651198863983154 0.39987897872924805
vt 0.4664599895477295 0.2693629860877991
vt 0.47687000036239624 0.20823997259140015
vt 0.4702549874782562 0.20730000734329224
vt 0.4595380127429962 0.2704640030860901
vt 0.6341320276260376 0.13336002826690674
vt 0.6312659978866577 0.1331700086593628
vt 0.6312659978866577 0.2092599868774414
vt 0.6341320276260376 0.21010100841522217
vt 0.519025981426239 0.4019569754600525
vt 0.5200309753417969 0.33082300424575806
vt 0.4699479937553406 0.3387269973754883
vt 0.47687000036239624 0.33762598037719727
vt 0.31550198793411255 0.3287709951400757
vt 0.3123219907283783 0.328715980052948
vt 0.12710100412368774 0.16005802154541016
vt 0.12710100412368774 0.23119902610778809
vt 0.13410800695419312 0.2311999797821045
vt 0.13410800695419312 0.16006499528884888
vt 0.31918901205062866 0.3287559747695923
vt 0.4880630075931549 0.20396602153778076
vt 0.3226670026779175 0.39978402853012085
vt 0.3216579854488373 0.3286769986152649
vt 0.3201979994773865 0.39986300468444824
vt 0.6174309849739075 0.11468398571014404
vt 0.624426007270813 0.11482799053192139
vt 0.6246920228004456 0.21011602878570557
vt 0.6246920228004456 0.13337498903274536
vt 0.6417589783668518 0.1928200125694275
vt 0.6487650275230408 0.19283199310302734
vt 0.6489239931106567 0.11187797784805298
vt 0.6419169902801514 0.11186599731445312
vt 0.6338760256767273 0.26234501600265503
vt 0.6310179829597473 0.2599310278892517
vt 0.14405199885368347 0.23749101161956787
vt 0.14409999549388885 0.235198974609375
vt 0.0646670013666153 0.2416890263557434
vt 0.0654970034956932 0.24389702081680298
vt 0.14406800270080566 0.2400190234184265
vt 0.06651300191879272 0.24633002281188965
vt 0.81045001745224 0.4635840058326721
vt 0.8132100105285645 0.46341800689697266
vt 0.8118420243263245 0.38508498668670654
vt 0.8090919852256775 0.38590800762176514
vt 0.8037869930267334 0.3298109769821167
vt 0.8024179935455322 0.38532698154449463
vt 0.8104119896888733 0.3320729732513428
vt 0.45378801226615906 0.25995397567749023
vt 0.4537220001220703 0.25740599632263184
vt 0.3765360116958618 0.2510380148887634
vt 0.37560799717903137 0.25348997116088867
vt 0.4535999894142151 0.2621939778327942
vt 0.37454599142074585 0.2556449770927429
vt 0.14405199885368347 0.4284600019454956
vt 0.14406800270080566 0.42589497566223145
vt 0.0663679987192154 0.4154890179634094
vt 0.06535299867391586 0.41795700788497925
vt 0.6489239931106567 0.2620300054550171
vt 0.6419169902801514 0.26201701164245605
vt 0.4537220001220703 0.07145798206329346
vt 0.45378801226615906 0.06891101598739624
vt 0.37546399235725403 0.07936197519302368
vt 0.37639299035072327 0.0818139910697937
vt 0.4535999894142151 0.0666700005531311
vt 0.3744019865989685 0.07720601558685303
vt 0.31244999170303345 0.20259302854537964
vt 0.31584998965263367 0.20259302854537964
vt 0.14409999549388885 0.43064701557159424
vt 0.06452299654483795 0.4200590252876282
vt 0.20393699407577515 0.43136000633239746
vt 0.20263299345970154 0.36497700214385986
vt 0.1956380009651184 0.3648329973220825
vt 0.19694100320339203 0.4312160015106201
vt 0.3157069981098175 0.13027799129486084
vt 0.3123070001602173 0.13027799129486084
vt 0.0021299999207258224 0.3669689893722534
vt 0.0053090001456439495 0.36701899766921997
vt 0.8132069706916809 0.3252900242805481
vt 0.8118420243263245 0.24729901552200317
vt 0.8053709864616394 0.24821799993515015
vt 0.806725025177002 0.32555198669433594
vt 0.18458600342273712 0.3614259958267212
vt 0.195250004529953 0.3003479838371277
vt 0.18863900005817413 0.29938000440597534
vt 0.17765900492668152 0.3624979853630066
vt 0.18697699904441833 0.16598200798034668
vt 0.18411099910736084 0.16579097509384155
vt 0.18411099910736084 0.24236702919006348
vt 0.18697699904441833 0.24320799112319946
vt 0.31943801045417786 0.20259302854537964
vt 0.3192940056324005 0.13027799129486084
vt 0.1883240044116974 0.4315950274467468
vt 0.195250004529953 0.43052399158477783
vt 0.00545400008559227 0.2947319746017456
vt 0.002274000085890293 0.2946770191192627
vt 0.11266899853944778 0.15886199474334717
vt 0.11266899853944778 0.23118197917938232
vt 0.11967500299215317 0.23118197917938232
vt 0.11967500299215317 0.1588670015335083
vt 0.009140999987721443 0.2947160005569458
vt 0.8132100105285645 0.3295699954032898
vt 0.011464999988675117 0.366923987865448
vt 0.011610000394284725 0.2946370244026184
vt 0.008995999582111835 0.36700302362442017
vt 0.19694200158119202 0.2834849953651428
vt 0.20393699407577515 0.28362900018692017
vt 0.1775369942188263 0.24322301149368286
vt 0.1775369942188263 0.16599702835083008
vt 0.47863999009132385 0.33867698907852173
vt 0.18671999871730804 0.2954519987106323
vt 0.18386299908161163 0.293038010597229
vt 0.8000810146331787 0.2695840001106262
vt 0.8001289963722229 0.2672920227050781
vt 0.721032977104187 0.2737950086593628
vt 0.7218639850616455 0.27600300312042236
vt 0.8000980019569397 0.27211201190948486
vt 0.7228789925575256 0.27843600511550903
vt 0.8132069706916809 0.19178402423858643
vt 0.8066880106925964 0.19438302516937256
vt 0.8037829995155334 0.3255329728126526
vt 0.8024179935455322 0.24754101037979126
vt 0.7996330261230469 0.2591879963874817
vt 0.7995679974555969 0.2566400170326233
vt 0.7227169871330261 0.2502589821815491
vt 0.7217890024185181 0.2527109980583191
vt 0.7994459867477417 0.26142698526382446
vt 0.7207270264625549 0.25486600399017334
vt 0.8000810146331787 0.46055299043655396
vt 0.8000980019569397 0.45798802375793457
vt 0.7225419878959656 0.4475820064544678
vt 0.7215269804000854 0.4500499963760376
vt 0.10715000331401825 0.23001998662948608
vt 0.10699199885129929 0.16082197427749634
vt 0.0999860018491745 0.16080999374389648
vt 0.10014399886131287 0.23000699281692505
vt 0.7995679974555969 0.07069200277328491
vt 0.7996339797973633 0.06814402341842651
vt 0.7214540243148804 0.07859599590301514
vt 0.7223820090293884 0.08104699850082397
vt 0.7994459867477417 0.06590402126312256
vt 0.7203919887542725 0.07643997669219971
vt 0.6586310267448425 0.20181399583816528
vt 0.6620309948921204 0.20181399583816528
vt 0.8001289963722229 0.4627400040626526
vt 0.7206969857215881 0.4521520137786865
vt 0.17183199524879456 0.3056489825248718
vt 0.17052899301052094 0.23926597833633423
vt 0.1635340005159378 0.23912197351455688
vt 0.16483600437641144 0.3055049777030945
vt 0.6616960167884827 0.1295120120048523
vt 0.6582959890365601 0.1295109987258911
vt 0.6583030223846436 0.39906299114227295
vt 0.6614829897880554 0.3991119861602783
vt 0.19732500612735748 0.14981597661972046
vt 0.19448000192642212 0.1500149965286255
vt 0.19448000192642212 0.22709602117538452
vt 0.19732500612735748 0.22624599933624268
vt 0.20366300642490387 0.279325008392334
vt 0.20392000675201416 0.22708100080490112
vt 0.19707700610160828 0.2769169807434082
vt 0.6656190156936646 0.20181399583816528
vt 0.6652839779853821 0.1295109987258911
vt 0.14994500577449799 0.2357419729232788
vt 0.1577640026807785 0.30517297983169556
vt 0.16315999627113342 0.3057370185852051
vt 0.1553409993648529 0.23630601167678833
vt 0.6618199944496155 0.32683801651000977
vt 0.6586400270462036 0.3267830014228821
vt 0.11988499760627747 0.1588749885559082
vt 0.11988499760627747 0.23118197917938232
vt 0.12689100205898285 0.23118197917938232
vt 0.12689100205898285 0.15887999534606934
vt 0.8037829995155334 0.1920260190963745
vt 0.6655070185661316 0.3268219828605652
vt 0.20392000675201416 0.1499999761581421
vt 0.16483600437641144 0.15792101621627808
vt 0.17183099687099457 0.15806400775909424
vt 0.14647899568080902 0.23645401000976562
vt 0.15429799258708954 0.3058850169181824
vt 0.6651700139045715 0.3990970253944397
vt 0.16315999627113342 0.17518097162246704
vt 0.1600950062274933 0.17386901378631592
vt 0.3549650013446808 0.4773229956626892
vt 0.35489800572395325 0.4742079973220825
vt 0.26739299297332764 0.4887940287590027
vt 0.268312007188797 0.4917920231819153
vt 0.35493600368499756 0.4809640049934387
vt 0.2692520022392273 0.4953010082244873
vt 0.3548260033130646 0.4834290146827698
vt 0.269773006439209 0.49768000841140747
vt 0.5052239894866943 0.46011799573898315
vt 0.5096480250358582 0.45788097381591797
vt 0.5026220083236694 0.423442006111145
vt 0.49799901247024536 0.4243199825286865
vt 0.65972900390625 0.9890239834785461
vt 0.6596750020980835 0.9854040145874023
vt 0.5744400024414062 0.9707120060920715
vt 0.5735309720039368 0.9741970300674438
vt 0.6595879793167114 0.9922189712524414
vt 0.5725430250167847 0.9772710204124451
vt 0.3549650013446808 0.9889799952507019
vt 0.35494500398635864 0.9853860139846802
vt 0.2694360017776489 0.9706829786300659
vt 0.26743900775909424 0.9736319780349731
vt 0.10784199833869934 0.10992199182510376
vt 0.10733500123023987 0.14182502031326294
vt 0.11197900027036667 0.14177197217941284
vt 0.11248599737882614 0.10986900329589844
vt 0.6596829891204834 0.4802579879760742
vt 0.65972900390625 0.4766309857368469
vt 0.5726630091667175 0.491661012172699
vt 0.5746229887008667 0.4946479797363281
vt 0.6595810055732727 0.47345298528671265
vt 0.5707499980926514 0.4890440106391907
vt 0.5132380127906799 0.9018340110778809
vt 0.5405600070953369 0.9467309713363647
vt 0.542684018611908 0.9451889991760254
vt 0.516497015953064 0.9018250107765198
vt 0.35489100217819214 0.9922299981117249
vt 0.26559001207351685 0.9763129949569702
vt 0.9717079997062683 0.42212098836898804
vt 0.9717260003089905 0.464123010635376
vt 0.976373016834259 0.464123010635376
vt 0.9763550162315369 0.4221230149269104
vt 0.9763439893722534 0.3626670241355896
vt 0.971697986125946 0.3626629710197449
vt 0.2109760046005249 0.5638359785079956
vt 0.2092210054397583 0.8739399909973145
vt 0.21203500032424927 0.8739659786224365
vt 0.21451200544834137 0.5638749599456787
vt 0.5026609897613525 0.08477199077606201
vt 0.5096480250358582 0.0399169921875
vt 0.5050389766693115 0.038771986961364746
vt 0.49796199798583984 0.08444797992706299
vt 0.49229198694229126 0.3766630291938782
vt 0.49711400270462036 0.3771430253982544
vt 0.3548389971256256 0.983128011226654
vt 0.27064698934555054 0.9688469767570496
vt 0.5121229887008667 0.5912699699401855
vt 0.5147510170936584 0.5912699699401855
vt 0.2373020052909851 0.520637035369873
vt 0.23524199426174164 0.5191650390625
vt 0.20777499675750732 0.5638909935951233
vt 0.6537529826164246 0.17376500368118286
vt 0.6491079926490784 0.17381799221038818
vt 0.6496149897575378 0.2624729871749878
vt 0.654259979724884 0.26241999864578247
vt 0.2395389974117279 0.5224109888076782
vt 0.5448840260505676 0.943448007106781
vt 0.5199880003929138 0.901826024055481
vt 0.21672800183296204 0.5639890432357788
vt 0.24090799689292908 0.523656964302063
vt 0.2066510021686554 0.8740079998970032
vt 0.5175250172615051 0.5912799835205078
vt 0.21378099918365479 0.8740710020065308
vt 0.976356029510498 0.05210697650909424
vt 0.976373016834259 0.006859004497528076
vt 0.9717260003089905 0.006859004497528076
vt 0.9717100262641907 0.05210602283477783
vt 0.17732000350952148 0.3044700026512146
vt 0.17668700218200684 0.2682890295982361
vt 0.17225399613380432 0.26952898502349854
vt 0.17291000485420227 0.3060070276260376
vt 0.232231006026268 0.9323989748954773
vt 0.23463700711727142 0.9309380054473877
vt 0.5400069952011108 0.5343140363693237
vt 0.5376399755477905 0.5328149795532227
vt 0.2361149936914444 0.9300730228424072
vt 0.23002199828624725 0.9337739944458008
vt 0.5353689789772034 0.5315079689025879
vt 0.13892899453639984 0.23088699579238892
vt 0.13892899453639984 0.13887202739715576
vt 0.13428199291229248 0.13887298107147217
vt 0.13428199291229248 0.23088699579238892
vt 0.17732000350952148 0.18225300312042236
vt 0.17289100587368011 0.18214201927185059
vt 0.5076850056648254 0.4773229956626892
vt 0.5076169967651367 0.4742090106010437
vt 0.42009299993515015 0.4888089895248413
vt 0.4210120141506195 0.4918059706687927
vt 0.507656991481781 0.4809650182723999
vt 0.4219529926776886 0.4953160285949707
vt 0.5075460076332092 0.48343002796173096
vt 0.42247501015663147 0.4976940155029297
vt 0.9453290104866028 0.4639419913291931
vt 0.949753999710083 0.4617050290107727
vt 0.9427279829978943 0.4272649884223938
vt 0.938103973865509 0.4281430244445801
vt 0.8117200136184692 0.9890239834785461
vt 0.8116660118103027 0.9854030013084412
vt 0.7264130115509033 0.9706979990005493
vt 0.7255039811134338 0.9741820096969604
vt 0.8115789890289307 0.9922189712524414
vt 0.7245150208473206 0.9772570133209229
vt 0.5076839923858643 0.9889799952507019
vt 0.5076640248298645 0.9853860139846802
vt 0.42221400141716003 0.9706979990005493
vt 0.42021700739860535 0.9736469984054565
vt 0.6496149897575378 0.14191502332687378
vt 0.654259979724884 0.14186197519302368
vt 0.8116739988327026 0.4802579879760742
vt 0.8117200136184692 0.4766309857368469
vt 0.7247130274772644 0.4916459918022156
vt 0.7266730070114136 0.4946339726448059
vt 0.8115720152854919 0.47345298528671265
vt 0.7228000164031982 0.48903000354766846
vt 0.6652219891548157 0.9018099904060364
vt 0.6925370097160339 0.946711003780365
vt 0.694661021232605 0.945169985294342
vt 0.6684809923171997 0.9018009901046753
vt 0.5076109766960144 0.9922299981117249
vt 0.41836899518966675 0.9763280153274536
vt 0.9668930172920227 0.42212098836898804
vt 0.9669110178947449 0.464123010635376
vt 0.9715570211410522 0.464123010635376
vt 0.9715399742126465 0.4221230149269104
vt 0.9715290069580078 0.3626670241355896
vt 0.9668819904327393 0.3626629710197449
vt 0.36368900537490845 0.5638610124588013
vt 0.3619830012321472 0.8739640116691589
vt 0.36479800939559937 0.873989999294281
vt 0.3672240078449249 0.563899040222168
vt 0.9427670240402222 0.08859598636627197
vt 0.949753999710083 0.04373997449874878
vt 0.9451450109481812 0.04259598255157471
vt 0.9380679726600647 0.08827102184295654
vt 0.9323980212211609 0.38048601150512695
vt 0.9372199773788452 0.38096702098846436
vt 0.5075579881668091 0.983128011226654
vt 0.42342498898506165 0.968861997127533
vt 0.664156973361969 0.5912460088729858
vt 0.6667850017547607 0.5912449955940247
vt 0.468205988407135 0.20404601097106934
vt 0.468205988407135 0.11941200494766235
vt 0.4638400077819824 0.11854201555252075
vt 0.4638400077819824 0.20380699634552002
vt 0.39000698924064636 0.5206570029258728
vt 0.3879469931125641 0.5191850066184998
vt 0.36048799753189087 0.5639150142669678
vt 0.39224499464035034 0.5224300026893616
vt 0.696861982345581 0.9434289932250977
vt 0.6719729900360107 0.9018030166625977
vt 0.3694399893283844 0.5640119910240173
vt 0.3936139941215515 0.5236769914627075
vt 0.3594140112400055 0.8740329742431641
vt 0.6695590019226074 0.5912569761276245
vt 0.3665429949760437 0.8740949630737305
vt 0.9715409874916077 0.05210697650909424
vt 0.9715570211410522 0.006859004497528076
vt 0.9669110178947449 0.006859004497528076
vt 0.9668939709663391 0.05210602283477783
vt 0.1922599971294403 0.2940019965171814
vt 0.19162799417972565 0.2578210234642029
vt 0.18719500303268433 0.25906097888946533
vt 0.18785099685192108 0.2955390214920044
vt 0.385003000497818 0.932420015335083
vt 0.38740798830986023 0.9309589862823486
vt 0.6920509934425354 0.5342940092086792
vt 0.6896830201148987 0.5327950119972229
vt 0.3888869881629944 0.930092990398407
vt 0.38279399275779724 0.9337949752807617
vt 0.6874129772186279 0.531486988067627
vt 0.13906799256801605 0.13893598318099976
vt 0.13906799256801605 0.2308880090713501
vt 0.1437149941921234 0.2308880090713501
vt 0.1437149941921234 0.13893598318099976
vt 0.1922599971294403 0.17184799909591675
vt 0.18783199787139893 0.17173701524734497
vt 0.10715000331401825 0.0802069902420044
vt 0.10014399886131287 0.08019399642944336
vt 0.641543984413147 0.11104798316955566
vt 0.6345369815826416 0.11103600263595581
vt 0.8037869930267334 0.46366000175476074
vt 0.4637089967727661 0.20404499769210815
vt 0.4637089967727661 0.11939001083374023
vt 0.4593439996242523 0.11852002143859863
vt 0.4593439996242523 0.20380699634552002
vt 0.10784199833869934 0.23045802116394043
vt 0.11248599737882614 0.23040497303009033
vn -0.6654904538298391 -0.7427031490058067 0.07425960084873279
vn -0.7115391756601935 -0.7022817758674615 0.022634239224168188
vn -0.5453569915584622 -0.8377008014824361 0.029036510706139995
vn -0.5151590699156997 -0.8517193050871921 0.09584027350431508
vn -0.767041996575906 -0.6402143495231138 0.04209705635247938
vn -0.7670696193232862 -0.6412932305605082 0.018633076731866646
vn -0.9678037180943221 -0.25108680319662713 0.017645976972225856
vn -0.9770034551545972 -0.2131130812298882 0.006860264184550875
vn -0.9003738413678463 -0.4349354385247945 0.012574183701270706
vn -0.9051989237770678 -0.4212491456396682 0.05625002836165969
vn -0.9982045186381256 -3.3557992983389674e-7 0.05989773760598496
vn -0.3281052709166555 -0.9382316917041018 0.10985546813321365
vn -0.38259426658915785 -0.9232876110937086 0.03408246431784397
vn -0.013346332208885276 -0.9991957510697569 0.03781172385271997
vn -0.01713269452240667 -0.9923486106034274 0.12227307885159734
vn -0.34481346894331816 -0.8037275623431952 0.48489759451366743
vn -0.015743499005206996 -0.8734883158507428 0.48659048933503213
vn -0.6810230301996579 -0.6301477923435131 0.37298980165987466
vn -0.5221369234153844 -0.7304448103022194 0.44025380442293904
vn -0.7613752391482149 -0.5700641183502404 0.30876309070476976
vn -0.9781544028135697 -0.18104497547584492 0.10216007591705968
vn -0.9094654857433236 -0.34798867913004905 0.2275443021457228
vn -0.7495086462739828 -0.5212710394361106 0.4080604031338235
vn -0.6071922799708669 -0.5223810574978099 0.5986948854894704
vn -0.9732707848647506 -0.14688641577632688 0.1765456320307485
vn -0.7876788998463226 -0.35847980038484867 0.5010530744870505
vn 0.008863165560461137 -0.9926556147397636 0.1206493879879624
vn 0.015406936075769678 -0.8331045823596449 0.5529008782522584
vn -0.31750419881274233 -0.5943506160898623 0.738876463889519
vn -0.00802665759380288 -0.6395603529242933 0.7686989838260654
vn -0.4851404806704224 -0.5789379650051054 0.6553392607578299
vn 0.015602344173898051 -0.6395030675075516 0.7686302059538846
vn 0.31750454816233176 -0.5943511340552585 0.7388758971190371
vn 0.4386576271385209 -0.6319960644621352 0.6388743700114876
vn 0.3644080725987211 -0.5251208340769694 0.7690610289458132
vn 0.3158540655160929 -0.5350274785674205 0.7835699116701355
vn -0.7168330916700212 -0.3931726765381496 0.5758173018507056
vn -0.7123411603751768 -0.3430885133567603 0.6122583958084978
vn -0.8294542322067734 -0.27305732396262716 0.48728366944177454
vn -0.9848678803304393 -0.08472082362018922 0.15118743445982563
vn -0.028626888851019303 -0.5636637121450416 0.8255081591635438
vn -0.31585408638755885 -0.535027528123497 0.7835698694196588
vn 0.015105725416584836 -0.563830439639983 0.8257524159183683
vn -0.2892565120696664 -0.18304159599125908 0.9395884441404458
vn -0.31406714956766346 -0.3254998439912349 0.8918585521954278
vn -0.028371577824724617 -0.34271002103002474 0.9390127235864995
vn -0.01156586519480011 -0.2360808556876777 0.9716645822196412
vn -0.5488428222247494 -0.16954482973820473 0.8185512245433485
vn -0.5571547134202623 -0.28470273008006275 0.780078829861793
vn -0.4944154383731397 -0.2980126053265071 0.8165426267898106
vn -0.4383555887700685 -0.20072646958832774 0.8761011712129214
vn -0.7446160592607125 -0.13538287083572206 0.6536194631246267
vn -0.6853842829194778 -0.14769217386938835 0.7130465668556909
vn -0.9719975041986784 -0.04766171963844043 0.23010695841857326
vn -0.9779246197903056 0.007182500380715138 0.20883450312691834
vn -0.014839211825013686 -0.04515854048317286 0.9988696131196715
vn -0.2903210837728238 0.04268178702208657 0.9559769523234198
vn 0.014970886385702627 -0.3428096400830188 0.9392855919404798
vn 0.009185371306638383 -0.1762191463786707 0.98430810288422
vn 0.2892564128729977 -0.18304155513671996 0.9395884826374666
vn 0.46190355477930417 -0.18180198105262294 0.8680974287299692
vn 0.44465034428788897 -0.0028204361734343827 0.8956997914839846
vn 0.2903209180823024 0.04268182617434893 0.9559770008939922
vn -0.6801742500614184 -0.02790080211619802 0.7325193067726339
vn -0.772403119356751 0.017163939954790815 0.634900638189307
vn -0.017458537722535517 0.17704915151028075 0.9840471520257963
vn -0.3007615940695705 0.21103662957578473 0.9300569899258991
vn 0.014842186560794798 0.040285642049838054 0.9990779631954291
vn 0.43608523183631615 0.18061165861961323 0.8815946343671442
vn 0.30076143159920565 0.21103666869118995 0.9300570335899414
vn -0.6853848774196657 0.1476919079384077 0.7130460505002063
vn -0.814038746860756 0.1178019209134418 0.5687386271728634
vn -0.9845439781296952 0.03552211656484977 0.1714973304844935
vn -0.9729439491526131 0.11294388874777504 0.20155334232368194
vn 0.02180179515418107 0.23472288827203489 0.9718178056864819
vn -0.2886173775870226 0.32825586069606544 0.8994154208559442
vn -0.007837479018708966 0.3428332102486678 0.9393635951394027
vn -0.5571548420787453 0.28470272730093965 0.7800787389844791
vn -0.5488441509286895 0.16954483431372844 0.8185503326912136
vn -0.4557485019988053 0.16868676157176762 0.8739783060215364
vn -0.42352568399761514 0.3105808385674383 0.8509791640863477
vn -0.7663594723233608 0.31404050381223997 0.5604210213273718
vn -0.7123427637233058 0.3430875956275379 0.6122570446287715
vn -0.7168342228428856 0.39317274133791147 0.575815849408531
vn -0.8510314889038622 0.31823899671139505 0.41769527872146245
vn -0.9848712378478001 0.11083123915085867 0.1332106650701329
vn -0.31437545478881385 0.53530440350866 0.7839752987247518
vn -0.007908118843984496 0.5638770767757049 0.8258208667400185
vn -0.022787301626237544 0.6743748579190715 0.7380374583252717
vn -0.3378977821491207 0.6210263202498761 0.7072138279018613
vn 0.31437537190079434 0.5353053512241794 0.7839746848546801
vn 0.511370998180065 0.48458910227169016 0.7096993054666473
vn 0.4786104384659183 0.5595183717544404 0.6766618356762268
vn 0.3378973262014956 0.6210273170436598 0.7072131704312594
vn 0.017909691987509274 0.6110375874016893 0.7913989573629948
vn 0.015371661885145462 0.5638280850384727 0.8257491159745419
vn -0.7557610840620147 0.5430851201400266 0.36590126550737867
vn -0.7495085026282211 0.5212750168338381 0.4080555860576884
vn -0.6499410904170332 0.5250457278415591 0.54945751670429
vn -0.6806993828586654 0.6221974531236426 0.38667645325554106
vn -0.977706047653497 0.17606509740008908 0.11442012873299413
vn -0.9099449637092968 0.36178568340987216 0.20275917315805556
vn -0.3481794497287966 0.8003005089553553 0.4881497374293586
vn -0.02211224277068878 0.8564523988563486 0.5157522052428435
vn -0.49619642766862215 0.542543737540719 0.6778166404155663
vn -0.5177748920510586 0.7301772999324309 0.44581416736673984
vn 0.011518705825077172 0.8558001382240163 0.5171783472187037
vn -0.3737085488793401 0.9209158024727349 0.11070684373830109
vn -0.019724258374201893 0.9861625294353297 0.1646038248926808
vn -0.7049369934283323 0.7045718436663518 0.08150062827255523
vn -0.5389251008550564 0.8368649688302398 0.096003956236861
vn -0.7686527796035542 0.6321605145928432 0.09770357310478188
vn -0.9764639230587978 0.21407832938159022 0.026242634277246196
vn -0.9024702823169827 0.42978585015521525 0.02883595916671511
vn -0.7652556889898222 0.6434087656935022 0.02022104590460663
vn -0.6515798402533236 0.7581378924634505 0.025896868276507397
vn -0.9643166090713733 0.26462312951595823 0.008250866273840292
vn -0.9006557255518509 0.4343445301278858 0.012809885973540398
vn -0.31226535481094364 0.9493196966919183 0.03581147382557111
vn -0.006987953620879264 0.9992602172548993 0.037817809506685396
vn -0.5008555651215706 0.8649701959399622 0.031149045287704777
vn 0.013679932928031116 0.9964453553329876 0.08312348206373979
vn -0.5709288759500545 0.4629580406077039 0.6780192263078405
vn -0.48177552191653483 0.4941378390467863 0.7236851128109675
vn -0.5449571995475032 0.04164043819989708 0.8374292355583625
vn -0.444301023343498 -0.0397342319174842 0.8949959728791232
vn -0.476039575577708 -0.49590244948420636 0.7262692910204587
vn -0.5709299576421738 -0.4629568638635427 0.6780191189548705
vn 0.013584096155550115 0.9991926171656706 0.037809868199377546
vn 0.015234406960184108 0.342803969216652 0.9392834244965041
vn 0.5453564257263186 -0.8377011538659337 0.02903697178938331
vn 0.7115386234687231 -0.7022823131206635 0.022634928542520798
vn 0.6654892897229135 -0.7427040937144831 0.07426058472595184
vn 0.5151593382273267 -0.851719144964289 0.09584025426971172
vn 0.7670719218270092 -0.6412905180653994 0.018631644694721797
vn 0.7670421239468427 -0.6402141697390892 0.04209746971499581
vn 0.9003748204352475 -0.4349334358158961 0.01257335021286618
vn 0.9770031523902198 -0.21311446279129317 0.0068604641790140225
vn 0.9678036921771497 -0.251086914548211 0.0176458139777228
vn 0.9052007447852077 -0.4212454514590228 0.05624838900261379
vn 0.9982044534646645 -2.0101624691907098e-7 0.05989882372192415
vn 0.02529689557390714 -0.9989651696812322 0.03779757714549906
vn 0.3825949889001934 -0.9232873127074791 0.034082439200601534
vn 0.3281056804514109 -0.9382315122652671 0.10985577749006413
vn 0.34481353229192563 -0.8037275046782913 0.4848976450468411
vn 0.6810222586193952 -0.6301483092765084 0.372990337114643
vn 0.5221365235299371 -0.7304447287552699 0.44025441398095233
vn 0.7613735263991238 -0.5700658103496592 0.3087641902309089
vn 0.9781544834212923 -0.1810445108921476 0.10216012744044407
vn 0.9094673076397664 -0.34798524106799256 0.22754227812282637
vn 0.7495068386372882 -0.5212725321911701 0.4080618164187179
vn 0.648358764768278 -0.5994932783184639 0.46929598485298546
vn 0.981199547430666 -0.1288511723572718 0.1436830661700016
vn 0.843834066398138 -0.31649502558787956 0.433330090305428
vn 0.7168311855241024 -0.39317363012461 0.5758190236825683
vn 0.7977056570945376 -0.32205906853397 0.5098466838319181
vn 0.7168312436520677 -0.3931736265394619 0.575818953767621
vn 0.9769411258153952 -0.10936301735293094 0.1833732999267094
vn 0.31406707965127356 -0.32549979775651317 0.8918585936906084
vn 0.5290096407377366 -0.3676951705396934 0.7648196268194984
vn 0.6064282265838066 -0.3821708046459779 0.6972734629101162
vn 0.6226313870539643 -0.16522233064874364 0.7648736740862859
vn 0.6965786140013321 -0.2459861793043563 0.6739948324039495
vn 0.6895214646429938 -0.17708915587438961 0.7022816960937233
vn 0.9803805432539119 -0.04502687950951635 0.19190250266945524
vn 0.8884829762021449 -0.08240704969696191 0.45144997414909793
vn 0.9779246281159745 -0.007182424805996003 0.20883446673894418
vn 0.6799229012872898 -0.038865500302288206 0.7322529079432375
vn 0.610302560568927 -0.009408015740231203 0.7921125385971634
vn 0.8878392436898821 0.01726513964479251 0.459829742749666
vn 0.6770924063462067 0.09904213134677974 0.7292026669497245
vn 0.5833045872779015 0.13276618471827978 0.801329456999996
vn 0.9756959175165776 0.039742999266011075 0.21549471118991653
vn 0.8498417928874046 0.14273773436696122 0.5073409763164304
vn 0.9803596100879667 0.09097241830584767 0.17498301064890784
vn 0.2886172003219938 0.3282558979090146 0.8994154641578277
vn 0.5571549175889143 0.2847027489935156 0.7800786771358549
vn 0.4235255661960811 0.3105808851734775 0.8509792057054909
vn 0.6965807872804357 0.24598404098958554 0.6739933667108321
vn 0.8032291917476099 0.2785228218253848 0.5265433536252323
vn 0.7141662700339688 0.3601483355168124 0.6002163902879007
vn 0.7987726024238118 0.35727596084910235 0.48406220407757694
vn 0.7168335386186624 0.3931738410728991 0.5758159502891781
vn 0.9764008207688382 0.1330100653592366 0.17014628916044838
vn 0.62522961679231 0.5056704650679922 0.5944621998442471
vn 0.7495083630187336 0.5212751192569283 0.4080557116481195
vn 0.7557609476894633 0.54308522429803 0.36590139258642174
vn 0.6806993856273873 0.6221974442906998 0.38667646259453
vn 0.9777057646348372 0.1760661945604918 0.11442085881864193
vn 0.9099448804002662 0.3617858077148914 0.20275932523420181
vn 0.3481797287490511 0.8002998726366194 0.48815058163034886
vn 0.5177738156593803 0.7301778058412511 0.44581458889810005
vn 0.3737107326084457 0.9209148443171494 0.1107074426115017
vn 0.7049376046403661 0.7045711233836001 0.08150156843812478
vn 0.538924357845298 0.8368654057244019 0.09600431877142344
vn 0.7686526713070911 0.6321606263431767 0.09770370204795413
vn 0.9764635778077648 0.2140798699741305 0.026242913076079538
vn 0.9024702172597984 0.42978597668280427 0.028836109409211684
vn 0.7652567050040623 0.6434075264989211 0.020222024895286857
vn 0.6515797302959441 0.7581379505526897 0.025897934265730962
vn 0.9643162569366559 0.2646244068549683 0.008251054740675518
vn 0.9006556623795591 0.43434465670475675 0.012810035740179082
vn 0.3122679670608337 0.9493188638960264 0.03581077210633595
vn 0.5008546534989271 0.8649707238129042 0.03114904517076145
vn 0.5709277128785677 0.4629594343018952 0.6780192540467543
vn 0.5709301175033838 -0.4629567664701053 0.678019050843792
vn 0.5709300211710011 -0.4629567422931896 0.6780191484692429
vn -0.9991345095684004 0.04159605497526151 -8.247089767936276e-8
vn -0.9991345063925987 -0.041596131257739984 -8.350248063102257e-8
vn -0.9863102849165338 0.16490003598501585 -7.987676632967636e-8
vn -0.9711341335906181 0.23853405328211225 -7.77031949148432e-8
vn -0.7451458999579025 -0.666901482811309 -7.016033601651373e-8
vn -0.6860311153583003 -0.7272811970934454 0.020575935326775534
vn -0.7943310687613483 -0.6074851053321789 -7.350882290254541e-8
vn -0.7943310921843536 -0.6074850747048908 -7.350882446824845e-8
vn 0.9991345117906021 -0.041596001598088704 8.247089852581265e-8
vn 0.9991345039587511 0.041596189718452886 8.350248115378356e-8
vn 0.9863102412609511 -0.16490029710027207 7.987675946587635e-8
vn 0.9711336800221497 -0.2385358998696653 7.770313434440443e-8
vn -0.33899192702725417 0.9407892821510823 -1.649039816962865e-8
vn -0.41113073752275037 0.9096915975300107 0.05858936803974281
vn -0.026209881613864106 0.9955065532999273 0.09099310107192889
vn -0.007634516217388824 0.999970856656396 1.176552785895973e-8
vn -0.914941949851899 0.4035854660430673 -7.098931446638448e-8
vn -0.914941949851899 0.4035854660430673 -7.098931446638448e-8
vn -0.5366482365455069 0.8438060619672014 -3.411004167474005e-8
vn -0.5791206884952418 0.8131240074785415 0.05872458274720792
vn -0.9149409039660982 -0.4035878370933552 -8.099817758539573e-8
vn -0.9149408933909439 -0.4035878610674194 -8.09981770043169e-8
vn -0.9711341253348417 -0.23853408689351963 -8.361883977601794e-8
vn -0.986310341421162 -0.16489969801568397 -8.396628814528334e-8
vn 0.007634085237854671 -0.9999708599467192 -1.1765563696305796e-8
vn 0.026209584201655006 -0.9955069068197818 0.09098931898902633
vn -0.008228128980904645 -0.9995392659274454 0.029215642431701577
vn -0.02809480839526083 -0.9996052629619522 -1.4728621292447435e-8
vn 0.33899319837401615 -0.9407888240493479 1.6490509446341392e-8
vn 0.41113103911870863 -0.9096914926444727 0.05858888020300505
vn 0.5366467837667124 -0.8438069859113767 3.410990955209433e-8
vn 0.5788309821754917 -0.8146126752174183 0.03689015382017843
vn 0.008227892647408527 0.9995391939868328 0.029218170146939258
vn 0.028095176296252168 0.9996052526216948 1.472865172156039e-8
vn 0.41494346111802954 0.9098471982016474 4.574671909436978e-8
vn 0.34279194090476484 0.9373006550110664 0.06293780554301273
vn 0.538350372192089 0.8401446855706535 0.0658466708955514
vn 0.5818056912180739 0.8133278168526243 5.840921773200344e-8
vn 0.6860318891613467 0.7272804857170203 0.02057528004495925
vn 0.7451473010237996 0.6668999173616247 7.016043297547285e-8
vn 0.6871385605230331 -0.7265263922544946 4.8063821622223334e-8
vn 0.7451459991472948 -0.6669013719844765 5.362118715372424e-8
vn 0.7943326868540294 0.6074829895521792 7.350893106334337e-8
vn 0.7943326634310818 0.6074830201795588 7.350892949764626e-8
vn 0.9863101215317666 0.16490101322910364 8.396628619023155e-8
vn 0.9711335131792802 0.23853657912375217 8.361881983490724e-8
vn -0.6871393757683635 0.7265256212059293 -4.8063898896342117e-8
vn -0.7411091388072653 0.6702188048304251 0.03954741493486177
vn 0.9149390338954476 0.40359207655064044 8.099807482926769e-8
vn 0.9149390444708402 0.4035920525763348 8.099807541036331e-8
vn -0.5818055866812398 -0.8133278916319636 -5.8409209976586856e-8
vn -0.5383499420159232 -0.8401448092775038 0.06584860951849211
vn 0.9149390739905252 -0.4035919856555071 7.098899475823369e-8
vn 0.9149390634151326 -0.4035920096298176 7.098899358257517e-8
vn 0.00004092567524542166 0.0005814594110662917 0.9999998301150068
vn -0.058320715860464376 0.026644686303403206 0.9979422602502193
vn -0.07248603500350728 0.010165331599950216 0.997317622807766
vn -0.05313810897854347 -0.0020244282081521635 0.9985851205904354
vn -0.03517357725207386 -0.006287486301938428 0.9993614396099619
vn -0.027078025140486156 -0.011295300938020995 0.9995695057029355
vn -0.01388451341922962 -0.0023723444788614264 0.9999007912132007
vn -0.009473274473455653 0.0013887864622665854 0.9999541631209465
vn -0.009858970984552788 0.0013459478914865431 0.9999504933322444
vn -0.000530485803190063 0.0036279465634437317 0.9999932782716819
vn 0.0005146716197597133 0.004691742628026225 0.9999888612700825
vn 0.005153655693778244 0.012945541620306462 0.9999029216804733
vn 0.006361150777201023 0.006587065279916587 0.9999580722869273
vn 0.006655544546495877 0.003972136765022327 0.9999699624770284
vn 0.005883011694396611 0.0030314238739214128 0.9999781000815469
vn 0.006300806824606687 0.0009983780131772252 0.9999796513303166
vn 0.005286760330306434 0.00019655546915043663 0.9999860056676579
vn 0.004319358038473168 -0.0010393927287278121 0.9999901313557504
vn 0.005366853749423764 -0.002877523016447907 0.9999814581991618
vn 0.0024004342100038966 -0.008207276047766133 0.9999634385993716
vn 0.0009793360663229616 -0.014021381886907368 0.9999012159962857
vn 0.002014652220114735 -0.020693585469381427 0.99978383498477
vn 0.000023494567184752214 -0.012748865056431783 0.9999187296414535
vn -6.406155055938842e-8 -0.039592330046408025 0.9992159163071274
vn -0.00021341794698040965 -0.02513238875472954 0.9996841088505213
vn -0.00161771402734765 -0.006342098588877524 0.9999785801640027
vn -0.0008226405340788014 -0.006568806879654981 0.99997808677927
vn -0.7943295629952105 0.6074870742261392 -5.8443041259001604e-8
vn -0.7943295629952105 0.6074870742261392 -5.8443041259001604e-8
vn 0.7943311342503664 -0.6074850197005053 5.844319724133663e-8
vn 0.794331181096366 -0.6074849584459263 5.844320189185547e-8
vn -0.41494100863682754 -0.9098483166723178 -4.574652926381314e-8
vn -0.34278667166314924 -0.937302499447803 0.06293903605078295
vn -0.04048498884235758 0.021981937378338586 0.9989383164678032
vn -0.2217212280166641 -0.5962316953051989 0.7715876246806134
vn -0.3399057970783704 -0.5236815825127991 0.7811668510948273
vn -0.3933355433897344 -0.4885057460286266 0.7788769391908568
vn -0.501288946929995 -0.37779505225970195 0.778447358640201
vn -0.5515636760242398 -0.30617427773711064 0.7759090300691095
vn -0.6391051064183113 -0.105696681961583 0.7618220752724031
vn -0.2685363953111281 0.5730564360713678 0.7742703180869636
vn -0.3700217281169914 0.5073770443525417 0.7782367606232657
vn -0.39647640684440505 0.4936460669318788 0.774028435794472
vn -0.4978785749249677 0.3745343369482096 0.7822026304465156
vn -0.5230088451561321 0.34500675481456744 0.7793792959918616
vn -0.6223054411331767 0.1508238742054639 0.7681068264933576
vn -0.6491346173355363 0.026528328318530723 0.7602108236359642
vn -0.005465601628218542 -0.6949012626837652 0.7190843916532682
vn -0.020172058952331175 0.6897646381301993 0.723752604156102
vn 0.268534374591137 -0.573063238144068 0.7742659844980806
vn 0.3109459790832343 -0.5520214171685837 0.7736827211972342
vn 0.3902797624947119 -0.4834988813792269 0.7835244340109042
vn 0.432161400632069 -0.44872977816187537 0.7822263802726948
vn 0.5230133611879638 -0.3450171985172029 0.7793716422517627
vn 0.6223043450014439 -0.15083165992507744 0.7681061857299221
vn 0.22172232572712128 0.5962242016137123 0.7715930998163785
vn 0.33991578920140436 0.5236880403695261 0.7811581738838248
vn 0.39334598912340724 0.48851509009517163 0.7788658033254733
vn 0.5013003212457383 0.3777943435820982 0.7784403778558068
vn 0.5515655107429978 0.3061697664621146 0.7759095059756326
vn 0.6391064705173338 0.105691106699596 0.76182170440825
vn 0.6491337290439421 -0.026534803281741695 0.7602113561584734
vn 0.020171987749060354 -0.6897646302749315 0.7237526136270176
vn 0.005465228033686376 0.6948838844443376 0.7191011878881083
vn 0.9556831494748869 0.29159170690938924 0.04054619922298218
vn 0.8639295286562666 0.4988136377570558 0.06935938511357741
vn 0.8545089196333719 0.443411761216564 0.27055593928397254
vn 0.9982642707838677 0.05011811576907199 0.030929276553308446
vn 0.9845213967063327 -0.1735940937779716 -0.024139387581642302
vn 0.9837468737373483 -0.15431304033689855 -0.09181271150541556
vn 9.155069899572851e-8 -0.9904690628985451 -0.13773538194984497
vn 0.6391750672591021 -0.7617315810099513 -0.10592559599266996
vn 0.6244049471148643 -0.6723353302480815 -0.39759736633771475
vn -0.08222572139004519 -0.8038077761831336 -0.5891790811709219
vn -0.2785488981886859 -0.6103272962426668 -0.7415599117933661
vn -0.33946301710669835 -0.8644107944782379 -0.3708892535600337
vn 0.16190880908067476 -0.6273676177609477 -0.7617055925533377
vn -0.998469038553938 0.05478636158782383 0.007617980909868883
vn -0.9845245542064004 -0.1735764557251958 -0.024137443579795446
vn -0.9832559231469958 -0.15623435834972646 -0.09380093212435744
vn -0.9521532209103576 0.26078169235972176 0.15936484191951297
vn -0.8639579981636083 0.49876506635307905 0.06935406256982435
vn -0.8575091508111178 0.43830832400180975 0.2693768167194801
vn 0.9984583887778443 -0.05451257419962106 0.010451082876043787
vn 0.984253336313897 0.17355470371449874 -0.03352811914699988
vn 0.9828980144234436 0.15548436748226366 -0.09867170167323765
vn 0.9513463291878255 -0.25899949283273654 0.16691142756933844
vn -1.0473768005091747e-7 0.6323408185950482 0.7746903182165977
vn -1.060551060942071e-7 0.8519629994304615 0.523601993504074
vn -1.060551060942071e-7 0.8519629994304615 0.523601993504074
vn -1.0473768005091747e-7 0.6323408185950482 0.7746903182165977
vn -0.9844798216912897 0.17232310251261004 -0.03322994166583577
vn -0.9553509568342204 -0.29016664910010254 0.055748228904220515
vn -0.9982308792977249 -0.049849566370966485 0.032405745618906315
vn -0.983521911092059 0.15298967630263732 -0.09632657653336522
vn -0.8620566806774758 -0.49773098533996496 0.09550992373486727
vn -0.8520504011604165 -0.440171766710989 0.2833000700192284
vn -0.8461854884196158 0.2311257127108982 0.48015729101195137
vn -0.9807905308343452 0.017713548293152498 0.1942579852478395
vn 0.8636437792606282 -0.49504297117337515 0.09514136448599174
vn 0.8558951627117508 -0.43407050655315305 0.2811161073067763
vn -0.0003590435227506483 -0.6322435758205381 0.7747695992496143
vn 4.537825386668159e-8 -0.9000260176342659 0.43583617057490986
vn -0.00026802923062993006 -0.7715743726431633 0.6361390694185042
vn -0.0007181096072146523 -0.6322631735848794 0.774753356654212
vn -0.9828925715563841 -0.10087702457921509 0.15409743246181212
vn -0.8604147781070107 -0.11369003828247308 0.4967504250731882
vn 0.8455459154052957 -0.2346425039295264 0.4795779397460884
vn 0.9807381604340535 -0.021060487819950176 0.19418835320691738
vn -0.3174051528268819 0.4071282419871626 -0.856446474413542
vn -0.28658354737704583 0.6091978269362661 -0.7394240177522771
vn -0.27854583596624455 0.6102031750606652 -0.7416632001196698
vn -0.3351718493473437 0.19902633576852838 -0.920895406154051
vn 0.6386588137271767 0.755488406966474 -0.14612387412005945
vn -0.14809950051207119 0.9709696162355713 -0.18784180124621422
vn 0.3530469117913811 0.8519118095630609 -0.3867869527292254
vn 0.6270356103387982 0.659208202327527 -0.4150552846924867
vn -0.984209269371839 -0.03495490811340876 -0.17352310647672853
vn -0.982007550514466 0.08200302523812619 -0.17010783222524983
vn -0.3420067565389909 0.009258101687199677 -0.9396518855591304
vn -0.34200093624663763 0.009257698902548414 -0.9396540079292234
vn 0.9829566314520377 0.10028202637907727 0.15407717504474502
vn 0.8610827475348914 0.1066533806547725 0.4971534554769487
vn -0.000005661385752377237 -0.009851970246149176 0.9999514681474386
vn -6.658135237222377e-8 -0.00985158871313018 0.9999514719224243
vn -0.000005661951944221207 -0.009851970882037169 0.9999514681411702
vn -0.00001125662487205947 -0.009852353686519377 0.999951464322206
vn 0.8833609489010303 -0.04362715846483993 -0.466658445761946
vn 0.5439550540777356 -0.5328141160542622 -0.6482453369493706
vn 0.6427707286135153 0.007547091192528583 -0.7660214304131331
vn 0.6427779860511041 0.00754668599507207 -0.7660153446103923
vn 0.9358462336259016 0.030833921378110103 -0.3510571125909043
vn 6.886809800344845e-8 -0.9820822927518192 0.1884525676750654
vn 6.886809800344845e-8 -0.9820822927518192 0.1884525676750654
vn -0.3387249255111895 0.9237650834525998 -0.17867147346806778
vn -0.33651652118322817 0.9245826241021697 -0.17861579487571583
vn -1.0596062485365122e-7 0.855407275734343 0.5179559755623429
vn -1.0596062577772435e-7 0.8554072430326767 0.5179560295693296
vn -9.043097345423735e-8 0.9930153487065663 0.11798524159049897
vn -9.043097345423735e-8 0.9930153487065663 0.11798524159049897
vn 0.5558331432686143 0.5281612978623867 -0.6419463842755491
vn 0.543573953808846 0.5337240162289043 -0.6478163561080461
vn 0.9557474961507232 0.2921363849294995 0.03468510057570172
vn 0.864490238746065 0.4991387669620853 0.059305298484542454
vn 0.85523736302207 0.44419572517602285 0.266944208827244
vn 0.99827247913234 0.05019928675241358 0.03053013292668215
vn 0.9845153715070329 -0.17408097867737476 -0.02062270906298323
vn 0.9838067922559637 -0.15468174246858482 -0.09054144939150138
vn -6.178554062538885e-7 -0.9930808951156453 -0.11743226028620288
vn 0.64015348776212 -0.7629238273317109 -0.09028148091124075
vn 0.6256294818905049 -0.6743519251950522 -0.39222089742279803
vn -0.08282218560282344 -0.8064508212599533 -0.5854720817093829
vn -0.2785533551208059 -0.6103265053281252 -0.7415588885886947
vn -0.3404684483622959 -0.8682154401450872 -0.36094762108018275
vn 0.16190205893495993 -0.6273685253855434 -0.7617062797878126
vn -0.9984709379406397 0.054892636535395806 0.006525683269382634
vn -0.9845990356164527 -0.17361634652255456 -0.020545152306850015
vn -0.9833554919317319 -0.15642371617415415 -0.09243158283816981
vn -0.9523839541671137 0.26122796241045876 0.15724107446813196
vn -0.8639037948233877 0.5001454022425696 0.059370109528014345
vn -0.8579152850886225 0.4395007106964315 0.2661211921449309
vn 0.9984589936549975 -0.05451341871786476 0.010388703920136683
vn 0.984265023863412 0.17352953826258422 -0.03331459364199716
vn 0.9829202546025636 0.15554082409833916 -0.09836068895062153
vn 0.951403279990399 -0.25911126392399964 0.16641259486955248
vn -1.0473768005091747e-7 0.6323408185950482 0.7746903182165977
vn -1.0473768005091747e-7 0.6323408185950482 0.7746903182165977
vn -0.9844815285411614 0.1723515897382469 -0.03303103806963105
vn -0.9553647359155981 -0.2901854892978527 0.055413023468183255
vn -0.9982342017445307 -0.049853615147378634 0.032296989398338825
vn -0.9835369665298638 0.153074892288993 -0.09603703879205595
vn -0.8621035592546982 -0.4977594029723845 0.09493697842756739
vn -0.8521911310508501 -0.4404194559132184 0.2824906706625506
vn -0.8460204371620441 0.2317542846547008 0.4801451566436257
vn -0.9805720380239163 0.019441592595877924 0.1951935007190532
vn 0.8636682000457464 -0.4951087477879643 0.09457572676736016
vn 0.8560166943376646 -0.4343359771640777 0.28033493887873345
vn -0.0003590415427708922 -0.6322440347940455 0.774769224709214
vn 4.554317792172109e-8 -0.9007670761171565 0.43430251505528583
vn -0.0002676506142230236 -0.772310270206282 0.6352454446094427
vn -0.0007181109580466856 -0.6322636678084462 0.7747529533251634
vn -0.9831712264513888 -0.09958528416598253 0.15315714366510147
vn -0.8609211883658423 -0.10837422427669016 0.4970610977889655
vn 0.8462717901160399 -0.23110323241918665 0.48001599267024075
vn 0.9805932687350866 -0.018959516793692673 0.1951342564348656
vn 0.33909752131344983 -0.9341600917639405 -0.11116561516341676
vn 0.332179516019301 -0.8134513313638585 -0.47744497132083075
vn 1.0570530837181729e-7 -0.8638184524833648 -0.5038032166920272
vn 9.043672787779105e-8 -0.9930034591507713 -0.11808526628921402
vn -0.3182651650608302 0.4013025619145402 -0.8588734123895262
vn -0.2865766705777365 0.6091985164734862 -0.7394261149074212
vn -0.2785443000493791 0.6102031727345046 -0.7416637788747309
vn -0.33583383377650533 0.18932213873354037 -0.9226986311230405
vn 0.6386735571654351 0.7556453451826394 -0.14524530863838367
vn -0.14808065504578152 0.9711897024487555 -0.1867155094219815
vn 0.3525277855926207 0.8527653229075033 -0.3853770419104189
vn 0.6272052290727879 0.6597588085982867 -0.41392259554259786
vn -0.9841691156899415 -0.03597147904574417 -0.17354309095247883
vn -0.9821081308245316 0.08066968584976443 -0.17016468832647094
vn -0.34202716420848245 -0.0013017737238877828 -0.9396891636752418
vn -0.34202056272172765 -0.0013022461504611051 -0.939691565797244
vn 0.9831634149291009 0.09968409963694254 0.153143004490968
vn 0.8608338699329916 0.109373432433075 0.49699346137952066
vn 7.196677225531476e-7 0.0013861330157732752 0.9999990393169109
vn -6.751794318714868e-8 0.001386080158514352 0.9999990393904336
vn 7.183398020297654e-7 0.001386133015773187 0.9999990393169118
vn 0.0000015069135285708666 0.001386185955649828 0.9999990392426513
vn 0.8823777672602324 -0.04768289786051865 -0.46811944746663825
vn 0.543943425157788 -0.5328194560915341 -0.6482507056979849
vn 0.642783869598417 -0.0010618841453186505 -0.7660468454253613
vn 0.6427848107574133 -0.0010619251411013721 -0.7660460556484521
vn 0.9357524325534493 0.02689771716731308 -0.35163034252107656
vn 6.895962491562217e-8 -0.9822925159119851 0.18735371142119903
vn 6.895962665203466e-8 -0.9822925198904687 0.18735369056207105
vn -0.3387465183043263 0.9239639545855814 -0.17759900608750714
vn -0.3365873129082149 0.9247631037750249 -0.17754487513192263
vn -0.3391342716922851 -0.9317720845953548 -0.1295713244995608
vn 0.5558252521543167 0.5281644316142232 -0.641950638480261
vn 0.5435758215565853 0.5337227561238163 -0.6478158270794875
vn 0.9557436447870663 0.2921236264002676 0.034898027851029266
vn 0.8644728117868365 0.4991255947564557 0.05966907356726117
vn 0.855140810591345 0.44402195517878457 0.2675419544303037
vn 0.9982711184498234 0.05018539300433626 0.03059739201205336
vn 0.9845168956882163 -0.1740573349780723 -0.020749126361582337
vn 0.9837982669967688 -0.15461437571623607 -0.09074891005424232
vn 0.278544118568326 -0.6103284895027343 -0.741560725033564
vn 1.0483935538571347e-7 -0.6360015512611055 -0.7716877780511082
vn -0.63911918634293 -0.763719075170577 -0.09088366117707623
vn -0.6303241874966155 -0.6695265919050164 -0.3929701787525172
vn -0.9984706273871475 0.05489352077828467 0.006565639472298217
vn -0.9845969384548195 -0.17361287996535546 -0.020674542208510255
vn -0.9833437878003585 -0.15636929758570717 -0.09264792370580055
vn -0.9523503173095267 0.2611363368346076 0.15759659483962873
vn -0.8639032863791349 0.5001031307503352 0.05973249029668416
vn -0.8578355925443621 0.439309213430679 0.26669366538967754
vn 0.9984583080037006 -0.05452214529090083 0.010408787213944655
vn 0.9842629502921909 0.17352917354334013 -0.03337769631771398
vn 0.982915455976796 0.15551414057432936 -0.0984507921926231
vn 0.9513834457865733 -0.2590842667668854 0.1665679494894855
vn -1.0473768005091747e-7 0.6323408185950482 0.7746903182165977
vn -1.0597732704431478e-7 0.8548131849769882 0.5189358522876271
vn -1.0597732745975378e-7 0.8548131701241402 0.5189358767538688
vn -1.0473768005091747e-7 0.6323408185950482 0.7746903182165977
vn -0.984481533466629 0.17234026262588312 -0.03308994018181425
vn -0.9553589093710583 -0.2901852718126878 0.05551452340008392
vn -0.9982327840491437 -0.04985872534406814 0.03233289898169558
vn -0.983533008600172 0.15304687342256948 -0.09612219061938714
vn -0.8620907124759261 -0.49774888562892067 0.09510862378311252
vn -0.8521455316341164 -0.44034964936789867 0.2827369434962079
vn -0.8459443216317921 0.23211453235294852 0.48010524738800686
vn -0.980568096877573 0.019760299647564938 0.195181295066236
vn 0.8636644540194958 -0.4950831779342669 0.09474364247649146
vn 0.8559840599809909 -0.43425110191129906 0.28056598073765465
vn -0.0003527373855738015 -0.6322431592714188 0.7747699420672127
vn 4.549389189504717e-8 -0.9005458292793039 0.43476109458833717
vn -0.0002628886641582725 -0.7720887803995783 0.6355146308863723
vn -0.0007054965346611084 -0.6322623965612872 0.7747540023576627
vn -0.9831731551542396 -0.09954178760180026 0.15317303778764585
vn -0.8609839028126772 -0.10772431828542178 0.49709374402359097
vn 0.8463297927332349 -0.2307795632504459 0.48006944822395536
vn 0.9805992885185245 -0.018648032526523528 0.1951340212260622
vn -0.19180240677593924 0.9637046674988301 -0.18570177865579743
vn -0.6359231253795401 0.7578603262683884 -0.1457720977275476
vn -0.6386744781451643 0.7555941248298521 -0.1455074894588314
vn 0.22398092196903915 0.8442132154074411 -0.4869667273288069
vn 0.2785510550883098 0.6102020101713956 -0.7416621983706444
vn 0.32972714573085504 0.7994749832533752 -0.5021152860849777
vn 0.27044549029077686 0.6121731127642249 -0.7430365514494838
vn -0.9841607170427819 -0.03621531210332338 -0.17354000748846476
vn -0.9821181140671348 0.08054408396527608 -0.17016656710238057
vn -0.04310754573096786 0.15199386333299417 -0.9874409374793834
vn -0.19129717046749026 -0.0031707884803577357 -0.9815270442894302
vn 0.3420146718724338 -0.003035851083614307 -0.9396897082719324
vn 0.3420212272368464 -0.0030363127490258663 -0.9396873208276738
vn 0.9831558839230475 0.09975153601375691 0.15314744193223542
vn 0.8607621484151519 0.11005244188080718 0.4969677895918441
vn 0.0000017350121576491858 0.0032310812205891357 0.9999947800419439
vn -6.767088920720056e-8 0.0032309602046942713 0.9999947804344536
vn 0.0000017329579377600022 0.0032310812205890095 0.9999947800419474
vn 0.000003537830276332337 0.0032312021692505926 0.9999947796463865
vn -0.5558298271779127 -0.528270790747187 -0.641859155004206
vn 0.9820827241824074 -0.08101380867681295 -0.17014783473831957
vn 0.33873750609024034 0.923905555492769 -0.17791971924821137
vn 6.893227592355576e-8 -0.9822298075639272 0.1876821918374939
vn 6.893227592355576e-8 -0.9822298075639272 0.1876821918374939
vn -0.6350959998174575 0.15427131523039667 -0.7568708161324148
vn -0.6427788719557906 -0.0024753112505660514 -0.7660477756651044
vn 0.9841904202227411 0.03537337893285496 -0.1735452125662278
vn -0.5677181639285745 0.5234616003599531 -0.6353613454516767
vn -0.555840612731402 0.5281578114811639 -0.6419427851528569
vn 0.2907065188181672 -0.9555592351459797 0.048951690919239656
vn 0.49822284761930075 -0.8629861286531006 0.08383874917035124
vn 0.4773795991452649 -0.8607249149570616 0.17680876418341263
vn 0.05291475234471437 -0.9984005844696806 0.019907333194019303
vn -0.3893629987963437 -0.9187351568163984 -0.06574318822407463
vn -0.5703828759806301 -0.7960108870715005 -0.20255873827536605
vn -0.7584333026399945 -0.639020654306341 -0.1281855249881448
vn -0.7232111745612881 -0.6420441481127075 -0.25445020900740095
vn -0.7118896727311508 0.2925205877493824 -0.6384706724678045
vn -0.7096897242523195 0.31116811397298516 -0.6320719105743919
vn -0.601097371348424 0.2924725257698885 -0.7437350145231814
vn -0.6033027037540525 0.2786343426788532 -0.7472541406529463
vn 0.05449980110199289 0.9984717074434467 0.009166303224939129
vn -0.17359327133143287 0.9843808764090848 -0.029320066652956334
vn -0.16712901919410827 0.9840746440811383 -0.060539126354750845
vn 0.27833167010249105 0.9549135816782381 0.10330311197827917
vn 0.49675077738963647 0.8638514934282517 0.0836615949200756
vn 0.4695174949612121 0.86527791558239 0.17563442353577122
vn -0.0572225936267797 -0.9983129793835095 0.009837173021003873
vn 0.6058016255243641 -0.7893966623120873 -0.09928393647803432
vn 0.36468203504432073 -0.9170648764230042 -0.16124213390796108
vn -0.2719536455434725 -0.9543782406545618 0.12330202123533375
vn 0.7305599781982216 3.0084052733699545e-8 0.6828485324396716
vn 0.9366139360404618 5.3300787718927145e-8 0.35036314705572336
vn 0.9366144224206726 5.3300856981100524e-8 0.35036184682922744
vn 0.7305599781982216 3.0084052733699545e-8 0.6828485324396716
vn 0.18070859109039022 0.9830757695489776 -0.030107082751598638
vn -0.29915873773510904 0.9528471844146289 0.05085560726066201
vn -0.051793208156367024 0.9983759198248889 0.023727332397011816
vn 0.16162304851521897 0.9842773298219966 -0.07124695212517895
vn -0.49819222319285406 0.8628664341934492 0.08524098481624666
vn -0.4644823258810348 0.8602608747673475 0.21025554995923948
vn 0.06970150943561167 0.8623181359426164 0.5015467396034481
vn 0.3781686942543208 0.8203770003987035 0.42891725997307184
vn 0.1273369442703208 0.9735101419963118 0.18990341243436876
vn 0.005468906309398548 0.9603212129014377 0.2788427139361731
vn -0.5134356763457923 -0.8536933283319791 0.08712925695084726
vn -0.4601717511854663 -0.8626610388759662 0.2098997175232495
vn -0.5069415079106673 0.00026243217530460514 0.8619804166491325
vn -0.6493962459690451 -6.51061258904993e-8 0.7604502059446808
vn -0.6494093908505396 0.00013918172240993837 0.7604389677703131
vn -0.5069545664373398 0.0002634024633909264 0.8619727363365218
vn -0.06218119642448074 0.00020541143542886757 0.9980648559173709
vn -0.0621829153307323 0.0003685632904310124 0.9980647019116906
vn 0.02424090697664904 -0.9956951105828656 0.08946298223468983
vn -0.0031051565347045606 -0.9555561106444673 0.29479293989665595
vn 0.03977902744088357 -0.8779254665854259 -0.47714201669588835
vn -0.03380080303073634 -0.8009405234283433 -0.5977890795630251
vn 0.05316061046409587 0.3068797963847299 -0.9502624585165678
vn 0.36251865918048976 0.2755835871191121 -0.8902998979313334
vn 0.362513703929139 0.26780630153629575 -0.8926721678875327
vn 0.054554171543349794 0.2783841760481304 -0.9589192316838901
vn -0.07378983449542291 0.3124430225951193 -0.9470662162471871
vn -0.07263102890004462 0.3411213745791428 -0.9372091236464554
vn 0.7601770802727043 -0.6378466278639454 -0.12362235214822603
vn 0.7099518637278409 -0.6318630578029705 -0.3109942561740406
vn -0.017298950953827788 0.8387923435115086 0.5441765804978828
vn -0.021673141762938237 0.9940126377055382 0.10709412219072445
vn 0.14254623699043245 -0.9789758648907648 0.14590005579589999
vn 0.34170579221913006 -0.8167312038161734 0.4649594522932954
vn 0.02429490064459196 -0.8430433096783726 0.537296692535144
vn 0.9366343337736324 5.330369255703876e-8 0.35030861364862403
vn 0.9366343239951599 5.330369116442292e-8 0.35030863979372107
vn 0.9861426269359193 6.181441213327975e-8 0.16589972676264586
vn 0.9861426269359193 6.181441213327975e-8 0.16589972676264586
vn -0.34979834169473 -0.8158066343998472 -0.4605438691556005
vn -0.12460420468808173 0.9775623082032316 -0.16984029484907523
vn -0.008372103930025849 0.9815086848636846 -0.19123443574038865
vn -0.10244763545961684 -0.6365882066130683 -0.7643689797407343
vn -0.5472445014541291 -0.5721045480900406 -0.6109172134445978
vn -0.0631432931416431 -0.8110899753233775 0.5815032041710102
vn 0.02230870080747768 0.9765695135719693 -0.21404276916095413
vn 0.021285125360038522 -0.5984067247851302 -0.8009096922689479
vn 0.13995172811163964 -1.8346426716963095e-8 0.9901583276418804
vn 0.5277615445926029 1.1742348168848567e-8 0.8493925782871133
vn 0.5277615445926029 1.1742348168848567e-8 0.8493925782871133
vn 0.044204194545562556 0.00015861548472124098 0.9990225042638959
vn 0.6379930785968413 0.304406590674584 -0.7073199129222939
vn 0.8634667597672674 0.33644043021814046 -0.3758097812612765
vn 0.8635734013485024 0.33337763585225005 -0.3782860457338377
vn 0.641061385889203 0.27438638651395525 -0.7167652407989861
vn -0.09297497714304932 -0.9742973439337919 0.20518367193519046
vn 0.3137120562294309 -0.8215593592087961 -0.4760514311214017
vn 0.11405033539555476 0.9794408104602452 -0.16639777582990511
vn -0.1248065675570245 0.9786451648518375 0.1633308360560051
vn 0.3945474679962771 -0.5473968159632119 -0.7380305016535997
vn -0.3113889222879624 -0.8287442166137462 0.46499458330781573
vn -0.27466362105620923 0.8036987587105839 0.5278524419905224
vn -0.9856760376981172 -7.116897989042054e-8 0.16864978122646598
vn -0.9856760376981172 -7.116897989042054e-8 0.16864978122646598
vn -0.9856760376981172 -7.116897989042054e-8 0.16864978122646598
vn -0.9856760376981172 -7.116897989042054e-8 0.16864978122646598
vn 0.9331231214630861 0.32546476399013247 -0.15281991883204918
vn 0.9286152139391888 0.33797071549904395 -0.15313255664860823
vn 0.29071775290665924 -0.9555563655541587 0.04894098889304932
vn 0.4982532746772851 -0.8629702271053796 0.08382160463180946
vn 0.47739150174490985 -0.8607245866587154 0.17677822259238601
vn 0.052914674538256684 -0.9984006592074371 0.01990379141433412
vn -0.389365011345206 -0.9187354421703372 -0.06572727926989348
vn -0.5703920308625577 -0.796013036494494 -0.20252450928048735
vn -0.7584381498049856 -0.6390211290120682 -0.12815447552283216
vn -0.723224883695876 -0.6420455726644421 -0.25440764576772235
vn -0.7118896727311508 0.2925205877493824 -0.6384706724678045
vn -0.7096897242523195 0.31116811397298516 -0.6320719105743919
vn -0.6010974608045561 0.2924707360739592 -0.743735646015889
vn -0.6033021910029315 0.2786343356712184 -0.7472545572401157
vn 0.05449977827489099 0.9984717290424198 0.009164085935250137
vn -0.17359330903087347 0.9843810856802403 -0.029312816560391388
vn -0.1671307449740152 0.9840749904713957 -0.060528730476964034
vn 0.2783328815382756 0.9549151754724294 0.10328511367597824
vn 0.49674819190720254 0.8638550215643012 0.08364051383788661
vn 0.46951631216891015 0.8652849712495065 0.17560282212153483
vn -0.057222571496100966 -0.9983129141204475 0.009843922577590229
vn 0.6057891586593942 -0.7893974174940119 -0.09935397578621576
vn 0.36465139747679365 -0.9170649575357962 -0.16131094810362315
vn -0.2719293123393683 -0.9543786747840513 0.1233523174005116
vn 0.7305589110339055 3.008394877183505e-8 0.6828496741662496
vn 0.7305589110339055 3.008394877183505e-8 0.6828496741662496
vn 0.18070237099189027 0.9830762874880555 -0.030127497350615418
vn -0.29915330827094727 0.9528470489727017 0.05089007186634195
vn -0.0517935340598878 0.9983755681259188 0.023741415266079667
vn 0.16160335691982977 0.9842784647206732 -0.0712759350647648
vn -0.4981897266384929 0.86286210205241 0.08529940863546517
vn -0.4644454955356159 0.8602592195189929 0.21034366382006756
vn 0.06970149954236395 0.8623180909214535 0.5015468183840125
vn 0.37816630412428415 0.8203791146211727 0.42891532348280603
vn 0.12733681310082026 0.9735101261771922 0.18990358148227263
vn 0.005468906439730932 0.9603212357863486 0.2788426351190458
vn -0.5134198745377956 -0.853696903121392 0.08718732723589467
vn -0.46012136196260256 -0.8626683060763429 0.20998029897362458
vn -0.5069415079106673 0.00026243217530460514 0.8619804166491325
vn -0.6493962459690451 -6.51061258904993e-8 0.7604502059446808
vn -0.6494093908505396 0.00013918172240993837 0.7604389677703131
vn -0.5069545664373398 0.0002634024633909264 0.8619727363365218
vn -0.0621812112680273 0.00020541143523753494 0.9980648549925918
vn -0.06218293017427694 0.0003685632900884985 0.9980647009868859
vn 0.024239891107344633 -0.9956964594166909 0.08944824416482594
vn -0.0031051590620268313 -0.955556068614435 0.2947930761081821
vn 0.03977891708770486 -0.8779199018519719 -0.4771522646782195
vn -0.03380080303073634 -0.8009405234283433 -0.5977890795630251
vn 0.05316130940153275 0.30687609878851757 -0.9502636135173517
vn 0.36251928155881324 0.2755778540166181 -0.8903014191124697
vn 0.3625142787090967 0.26780071372364556 -0.8926736108237597
vn 0.05455438976153037 0.278378394580638 -0.9589208976701121
vn -0.07378919088682587 0.3124397314289395 -0.9470673521629176
vn -0.07263105290386705 0.34112046230486515 -0.9372094538314212
vn 0.7601686109841457 -0.6378394381523754 -0.12371149506774579
vn 0.7098958646311708 -0.6318591186786985 -0.311130062067523
vn -0.017298954329964807 0.8387923251783928 0.5441766086491734
vn -0.021673913163362295 0.9940108906801919 0.10711018017610965
vn -0.927619061617467 0.3390322237018502 -0.15678018948741174
vn -0.9271596587212689 0.3402739333694981 -0.15680758115955473
vn -0.9276190278451825 0.3390323211196393 -0.15678017864445778
vn -0.9280738819779147 0.3377979653158119 -0.15675268488590827
vn 0.142540644516643 -0.9789778224493021 0.14589238435642515
vn 0.3417069670189206 -0.8167293900667875 0.46496177487172413
vn 0.02429492788418965 -0.8430429911192064 0.5372971911371617
vn -0.34979631521844545 -0.8158106736952963 -0.4605382530739709
vn -0.12460405449084692 0.977562314058873 -0.1698403713382178
vn -0.008371804005434606 0.9815125406780764 -0.19121465788312914
vn -0.10244784310344585 -0.6366057202099532 -0.76435436574891
vn -0.5472445014541291 -0.5721045480900406 -0.6109172134445978
vn -0.06314324327973032 -0.8110905357325736 0.5815024279168262
vn 0.02230420640207307 0.9765797890024666 -0.2139963506433499
vn 0.021285726501750847 -0.5984158615119263 -0.8009028496254911
vn 0.1399516906333625 -1.834642939172548e-8 0.9901583329391634
vn 0.5277607555171347 1.1742281227652518e-8 0.8493930685707195
vn 0.5277607555171347 1.1742281227652518e-8 0.8493930685707195
vn 0.04420420569959561 0.00015861551445211998 0.9990225037703536
vn 0.6379934623409844 0.30440344882290926 -0.7073209189292238
vn 0.8633917881721226 0.33645143176862524 -0.37597214548126656
vn 0.8635023714198856 0.33337322942210174 -0.3784520371948238
vn 0.6410619133970472 0.27438070379804547 -0.7167669443933684
vn -0.09297497714304932 -0.9742973439337919 0.20518367193519046
vn 0.3137135324138098 -0.8215575215458147 -0.4760536297224792
vn 0.11403530221570328 0.9794465544157235 -0.16637426751676637
vn -0.12481812947298783 0.9786399616754043 0.16335317556395298
vn 0.3945474679962771 -0.5473968159632119 -0.7380305016535997
vn -0.3113862292511082 -0.8287473237199937 0.4649908490064343
vn -0.2746615183425545 0.8037022903813358 0.5278481588274773
vn -0.9856566799714552 -7.117084815176079e-8 0.16876287870157758
vn -0.9856566799714552 -7.117084815176079e-8 0.16876287870157758
vn -0.9856566799714552 -7.117084815176079e-8 0.16876287870157758
vn -0.9856566799714552 -7.117084815176079e-8 0.16876287870157758
vn 0.9331038140596392 0.3254694526908287 -0.15292778541680013
vn 0.928599519393618 0.33796497019864946 -0.15324037164066043
vn -9.0472182888597e-8 0.992929939062791 0.11870187914584104
vn -9.0472182888597e-8 0.992929939062791 0.11870187914584104
vn -9.155003744671947e-8 0.990470709921002 0.13772353752564617
vn -9.155003744671947e-8 0.990470709921002 0.13772353752564617
vn -0.3399268256293905 -0.9339354681717694 -0.11051829942730522
vn -0.9276253337663918 0.33903259445644623 -0.15674227269923416
vn -0.9271665652647656 0.3402725965727927 -0.15676964080059197
vn -0.9276253133429161 0.33903265193247534 -0.15674226924824652
vn -0.9280795446064841 0.337799978272038 -0.15671481602717585
vn 0.9861358748397419 6.181283112313287e-8 0.16593985764141514
vn 0.9861358748397419 6.181283112313287e-8 0.16593985764141514
f 1/1/1 2/2/2 3/3/3
f 3/3/3 4/4/4 1/1/1
f 5/5/5 6/6/6 2/2/2
f 2/2/2 1/1/1 5/5/5
f 7/7/7 8/8/8 9/9/9
f 9/9/9 10/10/10 7/7/7
f 11/11/11 8/8/8 7/7/7
f 12/12/12 13/13/13 14/14/14
f 14/14/14 15/15/15 12/12/12
f 16/16/16 12/12/12 15/15/15
f 15/15/15 17/17/17 16/16/16
f 18/18/18 1/1/1 4/4/4
f 4/4/4 19/19/19 18/18/18
f 20/20/20 5/5/5 1/1/1
f 1/1/1 18/18/18 20/20/20
f 21/21/21 7/7/7 10/10/10
f 10/10/10 22/22/22 21/21/21
f 11/11/11 7/7/7 21/21/21
f 23/23/23 20/20/20 18/18/18
f 18/18/18 24/24/24 23/23/23
f 25/25/25 21/21/21 22/22/22
f 22/22/22 26/26/26 25/25/25
f 11/11/11 21/21/21 25/25/25
f 17/17/17 15/15/15 27/27/27
f 27/27/27 28/28/28 17/17/17
f 29/29/29 16/16/16 17/17/17
f 17/17/17 30/30/30 29/29/29
f 24/24/24 18/18/18 19/19/19
f 19/19/19 31/31/31 24/24/24
f 30/30/30 17/17/17 28/28/28
f 28/28/28 32/32/32 30/30/30
f 33/33/33 34/34/34 35/35/35
f 35/35/35 36/36/36 33/33/33
f 26/26/26 37/37/37 38/38/38
f 38/38/38 39/39/39 26/26/26
f 25/25/25 26/26/26 39/39/39
f 39/39/39 40/40/40 25/25/25
f 25/25/25 40/40/40 11/11/11
f 29/29/29 30/30/30 41/41/41
f 41/41/41 42/42/42 29/29/29
f 33/33/33 36/36/36 43/43/43
f 43/43/43 32/32/32 33/33/33
f 44/44/44 45/45/45 46/46/46
f 46/46/46 47/47/47 44/44/44
f 48/48/48 49/49/49 50/50/50
f 50/50/50 51/51/51 48/48/48
f 52/52/52 39/39/39 38/38/38
f 38/38/38 53/53/53 52/52/52
f 54/54/54 40/40/40 39/39/39
f 39/39/39 52/52/52 54/54/54
f 11/11/11 40/40/40 54/54/54
f 54/54/54 55/55/55 11/11/11
f 44/44/44 47/47/47 56/56/56
f 56/56/56 57/57/57 44/44/44
f 47/47/47 46/46/46 58/58/58
f 58/58/58 59/59/59 47/47/47
f 60/60/60 61/61/61 62/62/62
f 62/62/62 63/63/63 60/60/60
f 52/52/52 53/53/53 64/64/64
f 64/64/64 65/65/65 52/52/52
f 54/54/54 52/52/52 65/65/65
f 65/65/65 55/55/55 54/54/54
f 57/57/57 56/56/56 66/66/66
f 66/66/66 67/67/67 57/57/57
f 60/60/60 63/63/63 68/68/68
f 68/68/68 59/59/59 60/60/60
f 63/63/63 62/62/62 69/69/69
f 69/69/69 70/70/70 63/63/63
f 65/65/65 64/64/64 71/71/71
f 71/71/71 72/72/72 65/65/65
f 55/55/55 65/65/65 72/72/72
f 72/72/72 73/73/73 55/55/55
f 55/55/55 73/73/73 11/11/11
f 11/11/11 73/73/73 74/74/74
f 63/63/63 70/70/70 75/75/75
f 75/75/75 68/68/68 63/63/63
f 76/76/76 67/67/67 66/66/66
f 66/66/66 77/77/77 76/76/76
f 78/78/78 79/79/79 80/80/80
f 80/80/80 81/81/81 78/78/78
f 82/82/82 72/72/72 71/71/71
f 71/71/71 83/83/83 82/82/82
f 74/74/74 73/73/73 72/72/72
f 72/72/72 82/82/82 74/74/74
f 82/82/82 83/83/83 84/84/84
f 84/84/84 85/85/85 82/82/82
f 74/74/74 82/82/82 85/85/85
f 85/85/85 86/86/86 74/74/74
f 74/74/74 86/86/86 11/11/11
f 87/87/87 88/88/88 89/89/89
f 89/89/89 90/90/90 87/87/87
f 91/91/91 92/92/92 93/93/93
f 93/93/93 94/94/94 91/91/91
f 91/91/91 94/94/94 95/95/95
f 95/95/95 96/96/96 91/91/91
f 97/97/97 98/98/98 99/99/99
f 99/99/99 100/100/100 97/97/97
f 101/101/101 86/86/86 85/85/85
f 85/85/85 102/102/102 101/101/101
f 11/11/11 86/86/86 101/101/101
f 103/103/103 90/90/90 89/89/89
f 89/89/89 104/104/104 103/103/103
f 100/100/100 99/99/99 105/105/105
f 105/105/105 106/106/106 100/100/100
f 89/89/89 95/95/95 107/107/107
f 107/107/107 104/104/104 89/89/89
f 108/108/108 103/103/103 104/104/104
f 104/104/104 109/109/109 108/108/108
f 110/110/110 100/100/100 106/106/106
f 106/106/106 111/111/111 110/110/110
f 112/112/112 97/97/97 100/100/100
f 100/100/100 110/110/110 112/112/112
f 113/113/113 101/101/101 102/102/102
f 102/102/102 114/114/114 113/113/113
f 11/11/11 101/101/101 113/113/113
f 115/115/115 112/112/112 110/110/110
f 110/110/110 116/116/116 115/115/115
f 117/117/117 113/113/113 114/114/114
f 114/114/114 118/118/118 117/117/117
f 11/11/11 113/113/113 117/117/117
f 119/119/119 108/108/108 109/109/109
f 109/109/109 120/120/120 119/119/119
f 116/116/116 110/110/110 111/111/111
f 111/111/111 121/121/121 116/116/116
f 109/109/109 104/104/104 107/107/107
f 107/107/107 122/122/122 109/109/109
f 121/121/121 111/111/111 108/108/108
f 108/108/108 119/119/119 121/121/121
f 111/111/111 106/106/106 103/103/103
f 103/103/103 108/108/108 111/111/111
f 106/106/106 105/105/105 90/90/90
f 90/90/90 103/103/103 106/106/106
f 123/123/123 124/124/124 105/105/105
f 105/105/105 99/99/99 123/123/123
f 81/81/81 80/80/80 67/67/67
f 67/67/67 76/76/76 81/81/81
f 125/125/125 126/126/126 80/80/80
f 80/80/80 79/79/79 125/125/125
f 48/48/48 51/51/51 126/126/126
f 126/126/126 125/125/125 48/48/48
f 51/51/51 50/50/50 45/45/45
f 45/45/45 44/44/44 51/51/51
f 24/24/24 31/31/31 127/127/127
f 127/127/127 128/128/128 24/24/24
f 31/31/31 19/19/19 16/16/16
f 16/16/16 29/29/29 31/31/31
f 19/19/19 4/4/4 12/12/12
f 12/12/12 16/16/16 19/19/19
f 4/4/4 3/3/3 13/13/13
f 13/13/13 12/12/12 4/4/4
f 120/120/120 109/109/109 122/122/122
f 122/122/122 129/129/129 120/120/120
f 77/77/77 66/66/66 75/75/75
f 75/75/75 130/130/130 77/77/77
f 131/131/131 132/132/132 133/133/133
f 133/133/133 134/134/134 131/131/131
f 132/132/132 135/135/135 136/136/136
f 136/136/136 133/133/133 132/132/132
f 137/137/137 138/138/138 139/139/139
f 139/139/139 140/140/140 137/137/137
f 141/141/141 139/139/139 138/138/138
f 142/142/142 143/143/143 144/144/144
f 144/144/144 27/27/27 142/142/142
f 27/27/27 144/144/144 145/145/145
f 145/145/145 28/28/28 27/27/27
f 134/134/134 133/133/133 146/146/146
f 146/146/146 147/147/147 134/134/134
f 133/133/133 136/136/136 148/148/148
f 148/148/148 146/146/146 133/133/133
f 140/140/140 139/139/139 149/149/149
f 149/149/149 150/150/150 140/140/140
f 141/141/141 149/149/149 139/139/139
f 146/146/146 148/148/148 151/151/151
f 151/151/151 152/152/152 146/146/146
f 150/150/150 149/149/149 153/153/153
f 153/153/153 154/154/154 150/150/150
f 141/141/141 153/153/153 149/149/149
f 28/28/28 145/145/145 33/33/33
f 33/33/33 32/32/32 28/28/28
f 147/147/147 146/146/146 152/152/152
f 152/152/152 34/34/34 147/147/147
f 105/105/105 124/124/124 87/87/87
f 87/87/87 90/90/90 105/105/105
f 155/155/155 154/154/154 156/156/156
f 156/156/156 157/157/157 155/155/155
f 154/154/154 153/153/153 158/158/158
f 158/158/158 156/156/156 154/154/154
f 141/141/141 158/158/158 153/153/153
f 30/30/30 32/32/32 43/43/43
f 43/43/43 41/41/41 30/30/30
f 58/58/58 159/159/159 60/60/60
f 60/60/60 59/59/59 58/58/58
f 160/160/160 161/161/161 162/162/162
f 162/162/162 61/61/61 160/160/160
f 161/161/161 163/163/163 164/164/164
f 164/164/164 162/162/162 161/161/161
f 156/156/156 158/158/158 165/165/165
f 165/165/165 166/166/166 156/156/156
f 141/141/141 165/165/165 158/158/158
f 141/141/141 167/167/167 165/165/165
f 56/56/56 47/47/47 59/59/59
f 59/59/59 68/68/68 56/56/56
f 162/162/162 164/164/164 168/168/168
f 168/168/168 169/169/169 162/162/162
f 166/166/166 165/165/165 167/167/167
f 167/167/167 170/170/170 166/166/166
f 66/66/66 56/56/56 68/68/68
f 68/68/68 75/75/75 66/66/66
f 126/126/126 51/51/51 44/44/44
f 44/44/44 57/57/57 126/126/126
f 169/169/169 168/168/168 171/171/171
f 171/171/171 172/172/172 169/169/169
f 170/170/170 167/167/167 173/173/173
f 173/173/173 174/174/174 170/170/170
f 141/141/141 173/173/173 167/167/167
f 141/141/141 175/175/175 173/173/173
f 75/75/75 70/70/70 176/176/176
f 176/176/176 130/130/130 75/75/75
f 69/69/69 172/172/172 177/177/177
f 177/177/177 178/178/178 69/69/69
f 179/179/179 174/174/174 180/180/180
f 180/180/180 181/181/181 179/179/179
f 174/174/174 173/173/173 175/175/175
f 175/175/175 180/180/180 174/174/174
f 181/181/181 180/180/180 182/182/182
f 182/182/182 183/183/183 181/181/181
f 180/180/180 175/175/175 184/184/184
f 184/184/184 182/182/182 180/180/180
f 141/141/141 184/184/184 175/175/175
f 88/88/88 96/96/96 95/95/95
f 95/95/95 89/89/89 88/88/88
f 185/185/185 186/186/186 187/187/187
f 187/187/187 188/188/188 185/185/185
f 182/182/182 184/184/184 189/189/189
f 189/189/189 190/190/190 182/182/182
f 141/141/141 189/189/189 184/184/184
f 95/95/95 94/94/94 191/191/191
f 191/191/191 107/107/107 95/95/95
f 93/93/93 185/185/185 188/188/188
f 188/188/188 192/192/192 93/93/93
f 107/107/107 191/191/191 193/193/193
f 193/193/193 122/122/122 107/107/107
f 192/192/192 188/188/188 194/194/194
f 194/194/194 195/195/195 192/192/192
f 188/188/188 187/187/187 196/196/196
f 196/196/196 194/194/194 188/188/188
f 190/190/190 189/189/189 197/197/197
f 197/197/197 198/198/198 190/190/190
f 141/141/141 197/197/197 189/189/189
f 194/194/194 196/196/196 199/199/199
f 199/199/199 200/200/200 194/194/194
f 198/198/198 197/197/197 201/201/201
f 201/201/201 202/202/202 198/198/198
f 141/141/141 201/201/201 197/197/197
f 122/122/122 193/193/193 203/203/203
f 203/203/203 129/129/129 122/122/122
f 195/195/195 194/194/194 200/200/200
f 200/200/200 204/204/204 195/195/195
f 193/193/193 195/195/195 204/204/204
f 204/204/204 203/203/203 193/193/193
f 191/191/191 192/192/192 195/195/195
f 195/195/195 193/193/193 191/191/191
f 94/94/94 93/93/93 192/192/192
f 192/192/192 191/191/191 94/94/94
f 92/92/92 205/205/205 185/185/185
f 185/185/185 93/93/93 92/92/92
f 70/70/70 69/69/69 178/178/178
f 178/178/178 176/176/176 70/70/70
f 62/62/62 169/169/169 172/172/172
f 172/172/172 69/69/69 62/62/62
f 61/61/61 162/162/162 169/169/169
f 169/169/169 62/62/62 61/61/61
f 159/159/159 160/160/160 61/61/61
f 61/61/61 60/60/60 159/159/159
f 206/206/206 207/207/207 161/161/161
f 161/161/161 160/160/160 206/206/206
f 145/145/145 147/147/147 34/34/34
f 34/34/34 33/33/33 145/145/145
f 144/144/144 134/134/134 147/147/147
f 147/147/147 145/145/145 144/144/144
f 143/143/143 131/131/131 134/134/134
f 134/134/134 144/144/144 143/143/143
f 14/14/14 142/142/142 27/27/27
f 27/27/27 15/15/15 14/14/14
f 208/208/208 209/209/209 210/210/210
f 210/210/210 211/211/211 208/208/208
f 212/212/212 213/213/213 214/214/214
f 214/214/214 215/215/215 212/212/212
f 216/216/216 217/217/217 218/218/218
f 218/218/218 219/219/219 216/216/216
f 220/220/220 221/221/221 222/222/222
f 222/222/222 223/223/223 220/220/220
f 211/211/211 210/210/210 224/224/224
f 224/224/224 225/225/225 211/211/211
f 226/226/226 227/227/227 221/221/221
f 221/221/221 220/220/220 226/226/226
f 228/228/228 229/229/229 230/230/230
f 230/230/230 231/231/231 228/228/228
f 232/232/232 233/233/233 234/234/234
f 234/234/234 235/235/235 232/232/232
f 236/236/236 237/237/237 233/233/233
f 233/233/233 232/232/232 236/236/236
f 238/238/238 239/239/239 237/237/237
f 237/237/237 236/236/236 238/238/238
f 231/231/231 230/230/230 209/209/209
f 209/209/209 208/208/208 231/231/231
f 223/223/223 222/222/222 240/240/240
f 240/240/240 241/241/241 223/223/223
f 242/242/242 243/243/243 244/244/244
f 244/244/244 245/245/245 242/242/242
f 245/245/245 244/244/244 246/246/246
f 246/246/246 247/247/247 245/245/245
f 248/248/248 249/249/249 239/239/239
f 239/239/239 238/238/238 248/248/248
f 247/247/247 246/246/246 250/250/250
f 250/250/250 251/251/251 247/247/247
f 252/252/252 253/253/253 217/217/217
f 217/217/217 216/216/216 252/252/252
f 241/241/241 240/240/240 243/243/243
f 243/243/243 242/242/242 241/241/241
f 254/254/254 255/255/255 227/227/227
f 227/227/227 226/226/226 254/254/254
f 256/256/256 257/257/257 253/253/253
f 253/253/253 252/252/252 256/256/256
f 258/258/258 259/259/259 213/213/213
f 213/213/213 212/212/212 258/258/258
f 219/219/219 218/218/218 260/260/260
f 260/260/260 261/261/261 219/219/219
f 262/262/262 263/263/263 264/264/264
f 262/262/262 264/264/264 265/265/265
f 262/262/262 265/265/265 266/266/266
f 262/262/262 266/266/266 267/267/267
f 262/262/262 267/267/267 268/268/268
f 262/262/262 268/268/268 269/269/269
f 262/262/262 269/269/269 270/270/270
f 262/262/262 270/270/270 271/271/271
f 262/262/262 271/271/271 272/272/272
f 262/262/262 272/272/272 273/273/273
f 262/262/262 273/273/273 274/274/274
f 262/262/262 274/274/274 275/275/275
f 262/262/262 275/275/275 276/276/276
f 262/262/262 276/276/276 277/277/277
f 262/262/262 277/277/277 278/278/278
f 262/262/262 278/278/278 279/279/279
f 262/262/262 279/279/279 280/280/280
f 262/262/262 280/280/280 281/281/281
f 262/262/262 281/281/281 282/282/282
f 262/262/262 282/282/282 283/283/283
f 262/262/262 283/283/283 284/284/284
f 284/284/284 285/285/285 286/286/286
f 284/284/284 286/286/286 287/287/287
f 284/284/284 287/287/287 288/288/288
f 288/288/288 262/262/262 284/284/284
f 289/289/289 290/290/290 255/255/255
f 255/255/255 254/254/254 289/289/289
f 291/291/291 292/292/292 249/249/249
f 249/249/249 248/248/248 291/291/291
f 293/293/293 294/294/294 259/259/259
f 259/259/259 258/258/258 293/293/293
f 262/262/262 288/288/288 287/287/287
f 262/262/262 287/287/287 295/295/295
f 295/295/295 263/263/263 262/262/262
f 294/294/294 296/296/296 297/297/297
f 297/297/297 259/259/259 294/294/294
f 259/259/259 297/297/297 298/298/298
f 298/298/298 213/213/213 259/259/259
f 299/299/299 268/268/268 267/267/267
f 267/267/267 300/300/300 299/299/299
f 300/300/300 267/267/267 266/266/266
f 266/266/266 301/301/301 300/300/300
f 302/302/302 221/221/221 227/227/227
f 227/227/227 303/303/303 302/302/302
f 303/303/303 227/227/227 255/255/255
f 255/255/255 304/304/304 303/303/303
f 295/295/295 305/305/305 306/306/306
f 306/306/306 263/263/263 295/295/295
f 263/263/263 306/306/306 307/307/307
f 307/307/307 264/264/264 263/263/263
f 301/301/301 266/266/266 265/265/265
f 265/265/265 308/308/308 301/301/301
f 264/264/264 307/307/307 308/308/308
f 308/308/308 265/265/265 264/264/264
f 234/234/234 309/309/309 296/296/296
f 296/296/296 294/294/294 234/234/234
f 310/310/310 222/222/222 221/221/221
f 221/221/221 302/302/302 310/310/310
f 311/311/311 237/237/237 239/239/239
f 239/239/239 312/312/312 311/311/311
f 274/274/274 313/313/313 314/314/314
f 314/314/314 275/275/275 274/274/274
f 275/275/275 314/314/314 315/315/315
f 315/315/315 276/276/276 275/275/275
f 276/276/276 315/315/315 316/316/316
f 316/316/316 277/277/277 276/276/276
f 243/243/243 317/317/317 318/318/318
f 318/318/318 244/244/244 243/243/243
f 244/244/244 318/318/318 319/319/319
f 319/319/319 246/246/246 244/244/244
f 320/320/320 281/281/281 280/280/280
f 280/280/280 321/321/321 320/320/320
f 321/321/321 280/280/280 279/279/279
f 279/279/279 322/322/322 321/321/321
f 277/277/277 316/316/316 323/323/323
f 323/323/323 278/278/278 277/277/277
f 322/322/322 279/279/279 278/278/278
f 278/278/278 323/323/323 322/322/322
f 309/309/309 234/234/234 233/233/233
f 233/233/233 324/324/324 309/309/309
f 222/222/222 310/310/310 325/325/325
f 325/325/325 240/240/240 222/222/222
f 324/324/324 233/233/233 237/237/237
f 237/237/237 311/311/311 324/324/324
f 240/240/240 325/325/325 317/317/317
f 317/317/317 243/243/243 240/240/240
f 235/235/235 234/234/234 294/294/294
f 294/294/294 293/293/293 235/235/235
f 326/326/326 327/327/327 328/328/328
f 328/328/328 329/329/329 326/326/326
f 330/330/330 326/326/326 329/329/329
f 329/329/329 331/331/331 330/330/330
f 332/332/332 333/333/333 334/334/334
f 334/334/334 335/335/335 332/332/332
f 336/336/336 337/337/337 335/335/335
f 335/335/335 338/338/338 336/336/336
f 339/339/339 340/340/340 341/341/341
f 341/341/341 342/342/342 339/339/339
f 343/343/343 339/339/339 342/342/342
f 342/342/342 344/344/344 343/343/343
f 345/345/345 346/346/346 347/347/347
f 347/347/347 348/348/348 345/345/345
f 349/349/349 350/350/350 351/351/351
f 351/351/351 352/352/352 349/349/349
f 353/353/353 354/354/354 355/355/355
f 355/355/355 356/356/356 353/353/353
f 354/354/354 357/357/357 358/358/358
f 358/358/358 355/355/355 354/354/354
f 359/359/359 344/344/344 342/342/342
f 342/342/342 360/360/360 359/359/359
f 361/361/361 345/345/345 348/348/348
f 348/348/348 362/362/362 361/361/361
f 363/363/363 364/364/364 365/365/365
f 365/365/365 366/366/366 363/363/363
f 367/367/367 355/355/355 358/358/358
f 358/358/358 368/368/368 367/367/367
f 369/369/369 362/362/362 348/348/348
f 348/348/348 370/370/370 369/369/369
f 371/371/371 372/372/372 373/373/373
f 373/373/373 374/374/374 371/371/371
f 375/375/375 376/376/376 377/377/377
f 377/377/377 378/378/378 375/375/375
f 367/367/367 360/360/360 379/379/379
f 379/379/379 380/380/380 367/367/367
f 374/374/374 381/381/381 382/382/382
f 382/382/382 371/371/371 374/374/374
f 383/383/383 329/329/329 328/328/328
f 328/328/328 384/384/384 383/383/383
f 385/385/385 386/386/386 387/387/387
f 387/387/387 388/388/388 385/385/385
f 389/389/389 331/331/331 329/329/329
f 329/329/329 383/383/383 389/389/389
f 360/360/360 342/342/342 341/341/341
f 341/341/341 379/379/379 360/360/360
f 338/338/338 335/335/335 334/334/334
f 334/334/334 390/390/390 338/338/338
f 391/391/391 392/392/392 389/389/389
f 389/389/389 393/393/393 391/391/391
f 394/394/394 365/365/365 364/364/364
f 364/364/364 395/395/395 394/394/394
f 368/368/368 359/359/359 360/360/360
f 360/360/360 367/367/367 368/368/368
f 396/396/396 377/377/377 376/376/376
f 376/376/376 397/397/397 396/396/396
f 370/370/370 383/383/383 384/384/384
f 384/384/384 369/369/369 370/370/370
f 393/393/393 389/389/389 383/383/383
f 383/383/383 370/370/370 393/393/393
f 398/398/398 399/399/399 400/400/400
f 400/400/400 401/401/401 398/398/398
f 402/402/402 378/378/378 377/377/377
f 377/377/377 403/403/403 402/402/402
f 380/380/380 356/356/356 355/355/355
f 355/355/355 367/367/367 380/380/380
f 370/370/370 348/348/348 347/347/347
f 347/347/347 393/393/393 370/370/370
f 404/404/404 405/405/405 406/406/406
f 406/406/406 407/407/407 404/404/404
f 408/408/408 404/404/404 407/407/407
f 407/407/407 409/409/409 408/408/408
f 410/410/410 411/411/411 412/412/412
f 412/412/412 413/413/413 410/410/410
f 414/414/414 415/415/415 413/413/413
f 413/413/413 416/416/416 414/414/414
f 417/417/417 418/418/418 419/419/419
f 419/419/419 420/420/420 417/417/417
f 421/421/421 417/417/417 420/420/420
f 420/420/420 422/422/422 421/421/421
f 423/423/423 424/424/424 425/425/425
f 425/425/425 426/426/426 423/423/423
f 427/427/427 399/399/399 398/398/398
f 398/398/398 428/428/428 427/427/427
f 429/429/429 430/430/430 431/431/431
f 431/431/431 432/432/432 429/429/429
f 430/430/430 433/433/433 434/434/434
f 434/434/434 431/431/431 430/430/430
f 435/435/435 422/422/422 420/420/420
f 420/420/420 436/436/436 435/435/435
f 437/437/437 423/423/423 426/426/426
f 426/426/426 438/438/438 437/437/437
f 439/439/439 440/440/440 441/441/441
f 441/441/441 442/442/442 439/439/439
f 443/443/443 431/431/431 434/434/434
f 434/434/434 444/444/444 443/443/443
f 445/445/445 438/438/438 426/426/426
f 426/426/426 446/446/446 445/445/445
f 447/447/447 448/448/448 449/449/449
f 449/449/449 450/450/450 447/447/447
f 451/451/451 452/452/452 453/453/453
f 453/453/453 454/454/454 451/451/451
f 455/455/455 456/456/456 457/457/457
f 457/457/457 458/458/458 455/455/455
f 443/443/443 436/436/436 459/459/459
f 459/459/459 460/460/460 443/443/443
f 454/454/454 461/461/461 462/462/462
f 462/462/462 451/451/451 454/454/454
f 463/463/463 407/407/407 406/406/406
f 406/406/406 464/464/464 463/463/463
f 465/465/465 466/466/466 467/467/467
f 467/467/467 468/468/468 465/465/465
f 469/469/469 409/409/409 407/407/407
f 407/407/407 463/463/463 469/469/469
f 436/436/436 420/420/420 419/419/419
f 419/419/419 459/459/459 436/436/436
f 416/416/416 413/413/413 412/412/412
f 412/412/412 470/470/470 416/416/416
f 471/471/471 472/472/472 469/469/469
f 469/469/469 473/473/473 471/471/471
f 474/474/474 441/441/441 440/440/440
f 440/440/440 475/475/475 474/474/474
f 444/444/444 435/435/435 436/436/436
f 436/436/436 443/443/443 444/444/444
f 476/476/476 457/457/457 456/456/456
f 456/456/456 477/477/477 476/476/476
f 446/446/446 463/463/463 464/464/464
f 464/464/464 445/445/445 446/446/446
f 473/473/473 469/469/469 463/463/463
f 463/463/463 446/446/446 473/473/473
f 332/332/332 335/335/335 337/337/337
f 337/337/337 478/478/478 332/332/332
f 479/479/479 458/458/458 457/457/457
f 457/457/457 480/480/480 479/479/479
f 460/460/460 432/432/432 431/431/431
f 431/431/431 443/443/443 460/460/460
f 446/446/446 426/426/426 425/425/425
f 425/425/425 473/473/473 446/446/446
f 481/481/481 482/482/482 483/483/483
f 483/483/483 484/484/484 481/481/481
f 485/485/485 481/481/481 484/484/484
f 484/484/484 486/486/486 485/485/485
f 449/449/449 448/448/448 487/487/487
f 487/487/487 488/488/488 449/449/449
f 489/489/489 450/450/450 449/449/449
f 449/449/449 490/490/490 489/489/489
f 491/491/491 492/492/492 493/493/493
f 493/493/493 494/494/494 491/491/491
f 495/495/495 491/491/491 494/494/494
f 494/494/494 496/496/496 495/495/495
f 497/497/497 498/498/498 499/499/499
f 499/499/499 500/500/500 497/497/497
f 501/501/501 502/502/502 503/503/503
f 503/503/503 504/504/504 501/501/501
f 505/505/505 506/506/506 507/507/507
f 507/507/507 508/508/508 505/505/505
f 506/506/506 509/509/509 510/510/510
f 510/510/510 507/507/507 506/506/506
f 511/511/511 496/496/496 494/494/494
f 494/494/494 512/512/512 511/511/511
f 513/513/513 497/497/497 500/500/500
f 500/500/500 514/514/514 513/513/513
f 515/515/515 516/516/516 517/517/517
f 517/517/517 518/518/518 515/515/515
f 519/519/519 507/507/507 510/510/510
f 510/510/510 520/520/520 519/519/519
f 521/521/521 514/514/514 500/500/500
f 500/500/500 522/522/522 521/521/521
f 523/523/523 524/524/524 525/525/525
f 525/525/525 526/526/526 523/523/523
f 527/527/527 528/528/528 526/526/526
f 526/526/526 529/529/529 527/527/527
f 519/519/519 512/512/512 530/530/530
f 530/530/530 531/531/531 519/519/519
f 532/532/532 533/533/533 534/534/534
f 534/534/534 535/535/535 532/532/532
f 536/536/536 484/484/484 483/483/483
f 483/483/483 537/537/537 536/536/536
f 538/538/538 539/539/539 540/540/540
f 540/540/540 541/541/541 538/538/538
f 542/542/542 490/490/490 449/449/449
f 449/449/449 488/488/488 542/542/542
f 543/543/543 486/486/486 484/484/484
f 484/484/484 536/536/536 543/543/543
f 512/512/512 494/494/494 493/493/493
f 493/493/493 530/530/530 512/512/512
f 526/526/526 528/528/528 544/544/544
f 544/544/544 523/523/523 526/526/526
f 545/545/545 517/517/517 516/516/516
f 516/516/516 546/546/546 545/545/545
f 520/520/520 511/511/511 512/512/512
f 512/512/512 519/519/519 520/520/520
f 522/522/522 536/536/536 537/537/537
f 537/537/537 521/521/521 522/522/522
f 547/547/547 548/548/548 533/533/533
f 533/533/533 532/532/532 547/547/547
f 549/549/549 543/543/543 536/536/536
f 536/536/536 522/522/522 549/549/549
f 531/531/531 508/508/508 507/507/507
f 507/507/507 519/519/519 531/531/531
f 522/522/522 500/500/500 499/499/499
f 499/499/499 549/549/549 522/522/522
f 532/532/532 550/550/550 551/551/551
f 551/551/551 547/547/547 532/532/532
f 552/552/552 553/553/553 554/554/554
f 554/554/554 555/555/555 552/552/552
f 556/556/556 552/552/552 555/555/555
f 555/555/555 557/557/557 556/556/556
f 558/558/558 556/556/556 557/557/557
f 557/557/557 559/559/559 558/558/558
f 560/560/560 561/561/561 562/562/562
f 562/562/562 563/563/563 560/560/560
f 564/564/564 565/565/565 566/566/566
f 566/566/566 567/567/567 564/564/564
f 568/568/568 564/564/564 567/567/567
f 567/567/567 569/569/569 568/568/568
f 570/570/570 571/571/571 572/572/572
f 572/572/572 573/573/573 570/570/570
f 574/574/574 575/575/575 576/576/576
f 576/576/576 577/577/577 574/574/574
f 578/578/578 579/579/579 580/580/580
f 580/580/580 581/581/581 578/578/578
f 579/579/579 582/582/582 583/583/583
f 583/583/583 580/580/580 579/579/579
f 584/584/584 585/585/585 586/586/586
f 586/586/586 587/587/587 584/584/584
f 588/588/588 570/570/570 573/573/573
f 573/573/573 589/589/589 588/588/588
f 590/590/590 591/591/591 592/592/592
f 592/592/592 593/593/593 590/590/590
f 590/590/590 593/593/593 594/594/594
f 594/594/594 595/595/595 590/590/590
f 596/596/596 597/597/597 598/598/598
f 598/598/598 599/599/599 596/596/596
f 600/600/600 601/601/601 602/602/602
f 602/602/602 603/603/603 600/600/600
f 604/604/604 605/605/605 600/600/600
f 600/600/600 603/603/603 604/604/604
f 571/571/571 606/606/606 607/607/607
f 607/607/607 572/572/572 571/571/571
f 608/608/608 584/584/584 587/587/587
f 587/587/587 609/609/609 608/608/608
f 596/596/596 610/610/610 611/611/611
f 611/611/611 612/612/612 596/596/596
f 613/613/613 614/614/614 615/615/615
f 615/615/615 616/616/616 613/613/613
f 599/599/599 617/617/617 610/610/610
f 610/610/610 596/596/596 599/599/599
f 587/587/587 586/586/586 618/618/618
f 618/618/618 619/619/619 587/587/587
f 620/620/620 621/621/621 617/617/617
f 617/617/617 599/599/599 620/620/620
f 597/597/597 596/596/596 612/612/612
f 612/612/612 622/622/622 597/597/597
f 619/619/619 623/623/623 609/609/609
f 609/609/609 587/587/587 619/619/619
f 599/599/599 598/598/598 624/624/624
f 624/624/624 620/620/620 599/599/599
f 625/625/625 626/626/626 627/627/627
f 627/627/627 628/628/628 625/625/625
f 629/629/629 630/630/630 631/631/631
f 631/631/631 632/632/632 629/629/629
f 597/597/597 633/633/633 634/634/634
f 634/634/634 598/598/598 597/597/597
f 623/623/623 635/635/635 636/636/636
f 636/636/636 609/609/609 623/623/623
f 598/598/598 634/634/634 637/637/637
f 637/637/637 624/624/624 598/598/598
f 622/622/622 638/638/638 633/633/633
f 633/633/633 597/597/597 622/622/622
f 609/609/609 636/636/636 639/639/639
f 639/639/639 608/608/608 609/609/609
f 636/636/636 580/580/580 583/583/583
f 583/583/583 639/639/639 636/636/636
f 638/638/638 589/589/589 573/573/573
f 573/573/573 633/633/633 638/638/638
f 604/604/604 563/563/563 562/562/562
f 562/562/562 605/605/605 604/604/604
f 628/628/628 595/595/595 594/594/594
f 594/594/594 625/625/625 628/628/628
f 634/634/634 572/572/572 607/607/607
f 607/607/607 637/637/637 634/634/634
f 635/635/635 581/581/581 580/580/580
f 580/580/580 636/636/636 635/635/635
f 633/633/633 573/573/573 572/572/572
f 572/572/572 634/634/634 633/633/633
f 640/640/640 641/641/641 642/642/642
f 642/642/642 643/643/643 640/640/640
f 621/621/621 559/559/559 557/557/557
f 557/557/557 617/617/617 621/621/621
f 586/586/586 567/567/567 566/566/566
f 566/566/566 618/618/618 586/586/586
f 617/617/617 557/557/557 555/555/555
f 555/555/555 610/610/610 617/617/617
f 631/631/631 630/630/630 644/644/644
f 644/644/644 645/645/645 631/631/631
f 610/610/610 555/555/555 554/554/554
f 554/554/554 611/611/611 610/610/610
f 585/585/585 569/569/569 567/567/567
f 567/567/567 586/586/586 585/585/585
f 646/646/646 647/647/647 648/648/648
f 648/648/648 649/649/649 646/646/646
f 650/650/650 646/646/646 649/649/649
f 649/649/649 651/651/651 650/650/650
f 652/652/652 650/650/650 651/651/651
f 651/651/651 653/653/653 652/652/652
f 654/654/654 655/655/655 656/656/656
f 656/656/656 657/657/657 654/654/654
f 658/658/658 659/659/659 660/660/660
f 660/660/660 661/661/661 658/658/658
f 662/662/662 658/658/658 661/661/661
f 661/661/661 663/663/663 662/662/662
f 664/664/664 665/665/665 666/666/666
f 666/666/666 667/667/667 664/664/664
f 668/668/668 614/614/614 613/613/613
f 613/613/613 669/669/669 668/668/668
f 670/670/670 671/671/671 672/672/672
f 672/672/672 673/673/673 670/670/670
f 671/671/671 674/674/674 675/675/675
f 675/675/675 672/672/672 671/671/671
f 676/676/676 677/677/677 678/678/678
f 678/678/678 679/679/679 676/676/676
f 680/680/680 664/664/664 667/667/667
f 667/667/667 681/681/681 680/680/680
f 682/682/682 683/683/683 684/684/684
f 684/684/684 685/685/685 682/682/682
f 682/682/682 685/685/685 686/686/686
f 686/686/686 687/687/687 682/682/682
f 688/688/688 689/689/689 690/690/690
f 690/690/690 691/691/691 688/688/688
f 692/692/692 693/693/693 694/694/694
f 694/694/694 695/695/695 692/692/692
f 696/696/696 697/697/697 692/692/692
f 692/692/692 695/695/695 696/696/696
f 665/665/665 698/698/698 699/699/699
f 699/699/699 666/666/666 665/665/665
f 700/700/700 676/676/676 679/679/679
f 679/679/679 701/701/701 700/700/700
f 702/702/702 703/703/703 704/704/704
f 704/704/704 705/705/705 702/702/702
f 688/688/688 706/706/706 707/707/707
f 707/707/707 708/708/708 688/688/688
f 691/691/691 709/709/709 706/706/706
f 706/706/706 688/688/688 691/691/691
f 679/679/679 678/678/678 710/710/710
f 710/710/710 711/711/711 679/679/679
f 712/712/712 713/713/713 709/709/709
f 709/709/709 691/691/691 712/712/712
f 689/689/689 688/688/688 708/708/708
f 708/708/708 714/714/714 689/689/689
f 711/711/711 715/715/715 701/701/701
f 701/701/701 679/679/679 711/711/711
f 691/691/691 690/690/690 716/716/716
f 716/716/716 712/712/712 691/691/691
f 717/717/717 718/718/718 719/719/719
f 719/719/719 720/720/720 717/717/717
f 721/721/721 722/722/722 723/723/723
f 723/723/723 724/724/724 721/721/721
f 689/689/689 725/725/725 726/726/726
f 726/726/726 690/690/690 689/689/689
f 715/715/715 727/727/727 728/728/728
f 728/728/728 701/701/701 715/715/715
f 690/690/690 726/726/726 729/729/729
f 729/729/729 716/716/716 690/690/690
f 714/714/714 730/730/730 725/725/725
f 725/725/725 689/689/689 714/714/714
f 701/701/701 728/728/728 731/731/731
f 731/731/731 700/700/700 701/701/701
f 728/728/728 672/672/672 675/675/675
f 675/675/675 731/731/731 728/728/728
f 730/730/730 681/681/681 667/667/667
f 667/667/667 725/725/725 730/730/730
f 696/696/696 657/657/657 656/656/656
f 656/656/656 697/697/697 696/696/696
f 720/720/720 687/687/687 686/686/686
f 686/686/686 717/717/717 720/720/720
f 726/726/726 666/666/666 699/699/699
f 699/699/699 729/729/729 726/726/726
f 727/727/727 673/673/673 672/672/672
f 672/672/672 728/728/728 727/727/727
f 725/725/725 667/667/667 666/666/666
f 666/666/666 726/726/726 725/725/725
f 732/732/732 733/733/733 734/734/734
f 734/734/734 735/735/735 732/732/732
f 713/713/713 653/653/653 651/651/651
f 651/651/651 709/709/709 713/713/713
f 678/678/678 661/661/661 660/660/660
f 660/660/660 710/710/710 678/678/678
f 709/709/709 651/651/651 649/649/649
f 649/649/649 706/706/706 709/709/709
f 723/723/723 722/722/722 736/736/736
f 736/736/736 737/737/737 723/723/723
f 706/706/706 649/649/649 648/648/648
f 648/648/648 707/707/707 706/706/706
f 677/677/677 663/663/663 661/661/661
f 661/661/661 678/678/678 677/677/677
f 80/80/80 126/126/126 57/57/57
f 57/57/57 67/67/67 80/80/80
f 127/127/127 31/31/31 29/29/29
f 29/29/29 42/42/42 127/127/127
f 503/503/503 502/502/502 738/738/738
f 738/738/738 739/739/739 503/503/503
f 351/351/351 350/350/350 740/740/740
f 740/740/740 741/741/741 351/351/351
f 410/410/410 413/413/413 415/415/415
f 415/415/415 742/742/742 410/410/410
f 743/743/743 744/744/744 745/745/745
f 745/745/745 746/746/746 743/743/743
f 576/576/576 575/575/575 747/747/747
f 747/747/747 748/748/748 576/576/576
