mtllib Retro_Style_Flashlight.mtl
o Object_0
usemtl blinn4SG
v 302.99470564090734 -137.4631449405096 -44.67204938305076
v 302.99470564090734 -116.9297646665654 -84.97126269783985
v 302.99470564090734 0.022843638011210032 0.000017863962085584717
v 302.99470564090734 -84.94823550086579 -116.95271632994263
v 302.99470564090734 -44.64875781848781 -137.48632320467732
v 302.99470564090734 0.022843638011238454 -144.5615048638137
v 302.99470564090734 44.69497382968808 -137.48632320467726
v 302.99470564090734 84.99412419981314 -116.95271632994258
v 302.99470564090734 116.97562818764715 -84.97126269783979
v 302.99470564090734 137.50908399518818 -44.672024205185096
v 302.99470564090734 144.58446707724949 0.000017863962114006426
v 302.99470564090734 137.50908399518812 44.672066227575726
v 302.99470564090734 116.97562818764709 84.9712543644992
v 302.99470564090734 84.99412419981309 116.95267652426998
v 302.99470564090734 44.694973829688024 137.48632116580308
v 302.99470564090734 0.02284363801118161 144.56147764707387
v 302.99470564090734 -44.648757818487866 137.48632116580305
v 302.99470564090734 -84.94823550086583 116.95267652426993
v 302.99470564090734 -116.92976466656545 84.97125436449916
v 302.99470564090734 -137.4630694069128 44.67206622757567
v 302.99470564090734 -144.5389812241519 0.000017863962057163008
vt 0.36124101281166077 0.13247597217559814
vt 0.3350769877433777 0.08112597465515137
vt 0.1860550045967102 0.1967650055885315
vt 0.2943260073661804 0.0403749942779541
vt 0.24297599494457245 0.014210999011993408
vt 0.1860550045967102 0.005195975303649902
vt 0.12913399934768677 0.014210999011993408
vt 0.07778500020503998 0.0403749942779541
vt 0.037032999098300934 0.08112597465515137
vt 0.010869000107049942 0.13247597217559814
vt 0.001854000031016767 0.18939697742462158
vt 0.010869000107049942 0.24631798267364502
vt 0.037032999098300934 0.2976679801940918
vt 0.07778400182723999 0.33841902017593384
vt 0.12913399934768677 0.36458301544189453
vt 0.1860550045967102 0.37359797954559326
vt 0.24297699332237244 0.36458301544189453
vt 0.2943260073661804 0.33841902017593384
vt 0.3350769877433777 0.2976679801940918
vt 0.36124101281166077 0.24631798267364502
vt 0.3702560067176819 0.18939697742462158
vn 1 0 0
vn 1 0 0
vn 1 0 0
vn 1 0 0
vn 1 0 0
vn 1 0 0
vn 1 0 0
vn 1 0 0
vn 1 0 0
vn 1 0 0
vn 1 0 0
vn 1 0 0
vn 1 0 0
vn 1 0 0
vn 1 0 0
vn 1 0 0
vn 1 0 0
vn 1 0 0
vn 1 0 0
vn 1 0 0
vn 1 0 0
f 1/1/1 2/2/2 3/3/3
f 2/2/2 4/4/4 3/3/3
f 4/4/4 5/5/5 3/3/3
f 5/5/5 6/6/6 3/3/3
f 6/6/6 7/7/7 3/3/3
f 7/7/7 8/8/8 3/3/3
f 8/8/8 9/9/9 3/3/3
f 9/9/9 10/10/10 3/3/3
f 10/10/10 11/11/11 3/3/3
f 11/11/11 12/12/12 3/3/3
f 12/12/12 13/13/13 3/3/3
f 13/13/13 14/14/14 3/3/3
f 14/14/14 15/15/15 3/3/3
f 15/15/15 16/16/16 3/3/3
f 16/16/16 17/17/17 3/3/3
f 17/17/17 18/18/18 3/3/3
f 18/18/18 19/19/19 3/3/3
f 19/19/19 20/20/20 3/3/3
f 20/20/20 21/21/21 3/3/3
f 21/21/21 1/1/1 3/3/3
o Object_1
usemtl blinn1SG
v 231.69144343696826 -9.843669502966776 -16.954719070537948
v 231.69144343696826 -17.009592189759104 -9.788834150544034
v 221.81275679796818 -0.05488043312467994 -0.000007313903523709087
v 231.69144343696826 -0.05488043312467994 -19.57762322038613
v 231.69144343696826 9.73394640351583 -16.954719070537948
v 231.69144343696826 16.899806145644135 -9.788834150544034
v 231.69144343696826 19.522735473357926 -0.000007313903523709087
v 231.69144343696826 16.899806145644135 9.788819522736986
v 231.69144343696826 9.73394640351583 16.9547044427309
v 231.69144343696826 -0.05488043312467994 19.577608592579082
v 231.69144343696826 -9.843669502966776 16.9547044427309
v 231.69144343696826 -17.009592189759104 9.788819522736986
v 231.69144343696826 -19.632496339607286 -0.000007313903523709087
v 238.1392430408523 -11.186291775515173 -19.280197093943542
v 238.1392430408523 -19.335095391030308 -11.131418656294017
v 238.1392430408523 -0.05488043312467994 -22.262867765482923
v 238.1392430408523 11.076505731400204 -19.280197093943542
v 238.1392430408523 19.22530934691534 -11.131418656294017
v 238.1392430408523 22.20798001845472 -0.000007313903523709087
v 238.1392430408523 19.22530934691534 11.131404028486969
v 238.1392430408523 11.076505731400204 19.280182466136495
v 238.1392430408523 -0.05488043312467994 22.262853137675876
v 238.1392430408523 -11.186291775515173 19.280182466136495
v 238.1392430408523 -19.335095391030308 11.131404028486969
v 238.1392430408523 -22.31774088470408 -0.000007313903523709087
v 238.1392430408523 -19.335095391030308 -11.131418656294017
v 238.1392430408523 -11.186291775515173 -19.280197093943542
v 245.0008660438907 -11.186291775515173 -19.280197093943542
v 245.0008660438907 -19.335095391030308 -11.131418656294017
v 238.1392430408523 -0.05488043312467994 -22.262867765482923
v 245.0008660438907 -0.05488043312467994 -22.262867765482923
v 238.1392430408523 11.076505731400204 -19.280197093943542
v 245.0008660438907 11.076505731400204 -19.280197093943542
v 238.1392430408523 19.22530934691534 -11.131418656294017
v 245.0008660438907 19.22530934691534 -11.131418656294017
v 238.1392430408523 22.20798001845472 -0.000007313903523709087
v 245.0008660438907 22.20798001845472 -0.000007313903523709087
v 238.1392430408523 22.20798001845472 -0.000007313903523709087
v 238.1392430408523 19.22530934691534 11.131404028486969
v 245.0008660438907 19.22530934691534 11.131404028486969
v 245.0008660438907 22.20798001845472 -0.000007313903523709087
v 238.1392430408523 11.076505731400204 19.280182466136495
v 245.0008660438907 11.076505731400204 19.280182466136495
v 238.1392430408523 -0.05488043312467994 22.262853137675876
v 245.0008660438907 -0.05488043312467994 22.262853137675876
v 238.1392430408523 -11.186291775515173 19.280182466136495
v 245.0008660438907 -11.186291775515173 19.280182466136495
v 238.1392430408523 -19.335095391030308 11.131404028486969
v 245.0008660438907 -19.335095391030308 11.131404028486969
v 238.1392430408523 -22.31774088470408 -0.000007313903523709087
v 245.0008660438907 -22.31774088470408 -0.000007313903523709087
v 251.4487663592372 -9.843669502966776 -16.954719070537948
v 251.4487663592372 -17.009592189759104 -9.788834150544034
v 251.4487663592372 -0.05488043312467994 -19.57762322038613
v 251.4487663592372 9.73394640351583 -16.954719070537948
v 251.4487663592372 16.899806145644135 -9.788834150544034
v 251.4487663592372 19.522735473357926 -0.000007313903523709087
v 251.4487663592372 16.899806145644135 9.788819522736986
v 251.4487663592372 9.73394640351583 16.9547044427309
v 251.4487663592372 -0.05488043312467994 19.577608592579082
v 251.4487663592372 -9.843669502966776 16.9547044427309
v 251.4487663592372 -17.009592189759104 9.788819522736986
v 251.4487663592372 -19.632496339607286 -0.000007313903523709087
v 256.705048651027 -7.320381578401765 -12.584269624479901
v 256.705048651027 -12.639130154768253 -7.265533637046218
v 256.705048651027 -0.05488043312467994 -14.531034782323303
v 256.705048651027 7.210620712152405 -12.584269624479901
v 256.705048651027 12.529381877451698 -7.265533637046218
v 256.705048651027 14.476184802093513 -0.000007313903523709087
v 256.705048651027 12.529381877451698 7.265519009239171
v 256.705048651027 7.210620712152405 12.584254996672854
v 256.705048651027 -0.05488043312467994 14.531020154516256
v 256.705048651027 -7.320381578401765 12.584254996672854
v 256.705048651027 -12.639130154768253 7.265519009239171
v 256.705048651027 -14.58590790154446 -0.000007313903523709087
v 260.13588533041184 -3.9207906302380877 -6.695934783367164
v 260.13588533041184 -6.7508079025883205 -3.8659175110169315
v 260.13588533041184 -0.05488043312467994 -7.73180253026473
v 260.13588533041184 3.8110045861231185 -6.695934783367164
v 260.13588533041184 6.641021858473351 -3.8659175110169315
v 260.13588533041184 7.676914783236526 -0.000007313903523709087
v 260.13588533041184 6.641021858473351 3.865902883209884
v 260.13588533041184 3.8110045861231185 6.695920155560117
v 260.13588533041184 -0.05488043312467994 7.7317879024576825
v 260.13588533041184 -3.9207906302380877 6.695920155560117
v 260.13588533041184 -6.7508079025883205 3.865902883209884
v 260.13588533041184 -7.7867008273514955 -0.000007313903523709087
v 261.32740264250606 -0.05488043312467994 -0.000007313903523709087
v 14.174675797963573 53.61026720794692 -11.7686326680668
v 13.02643923685173 52.178439757544794 -11.7686326680668
v 13.02643923685173 52.178439757544794 11.76861804025981
v 14.174675797963573 53.61026720794692 11.76861804025981
v 14.174675797963573 52.178439757544794 13.200445490661934
v 13.02643923685173 45.69804740662951 11.76861804025981
v 14.174675797963573 45.69804740662951 13.200445490661934
v 46.91763397541945 52.178439757544794 13.200445490661934
v 46.91763397541945 53.61026720794692 11.76861804025981
v 77.23243879351503 52.178439757544794 -11.7686326680668
v 76.08420223240319 53.61026720794692 -11.7686326680668
v 76.08420223240319 53.61026720794692 11.76861804025981
v 77.23243879351503 52.178439757544794 11.76861804025981
v 77.23243879351503 52.178439757544794 11.76861804025981
v 76.08420223240319 52.178439757544794 13.200445490661934
v 76.08420223240319 45.69804740662951 13.200445490661934
v 77.23243879351503 45.69804740662951 11.76861804025981
v 14.174675797963573 52.178439757544794 -13.200460118468925
v 14.174675797963573 45.69804740662951 -13.200460118468925
v 13.02643923685173 45.69804740662951 -11.7686326680668
v 46.91763397541945 53.61026720794692 -11.7686326680668
v 46.91763397541945 52.178439757544794 -13.200460118468925
v 76.08420223240319 52.178439757544794 -13.200460118468925
v 77.23243879351503 45.69804740662951 -11.7686326680668
v 76.08420223240319 45.69804740662951 -13.200460118468925
v 14.174675797963573 45.69804740662951 13.200445490661934
v 46.91763397541945 45.69804740662951 13.200445490661934
v 42.702204647917824 63.96086258206199 -7.596735870203645
v 25.78547370155502 59.28644076450294 -7.596735870203645
v 25.78547370155502 59.28644076450294 7.596721242396654
v 42.702204647917824 63.96086258206199 7.596721242396654
v 46.91763397541945 45.69804740662951 -13.200460118468925
v 77.23243879351503 45.69804740662951 11.76861804025981
v 13.02643923685173 45.69804740662951 -11.7686326680668
v 42.702204647917824 53.61026720794692 8.630322981389384
v 24.648768602892233 53.61026720794692 8.630322981389384
v 58.783760614154744 53.61026720794692 -8.630337609196374
v 58.783760614154744 53.61026720794692 8.630322981389384
v 24.648768602892233 53.61026720794692 -8.630337609196374
v 42.702204647917824 53.61026720794692 -8.630337609196374
v 57.70295037714459 60.07841052724328 -7.596735870203645
v 57.70295037714459 60.07841052724328 7.596721242396654
v 65.608145553957 45.69804740662951 13.200445490661934
v 65.608145553957 52.178439757544794 13.200445490661934
v 65.608145553957 53.61026720794692 11.76861804025981
v 53.007555397533 53.61026720794692 8.630322981389384
v 51.92679551625406 63.96086258206199 7.596721242396654
v 51.92679551625406 63.96086258206199 -7.596735870203645
v 53.007555397533 53.61026720794692 -8.630337609196374
v 65.608145553957 53.61026720794692 -11.7686326680668
v 65.608145553957 52.178439757544794 -13.200460118468925
v 65.608145553957 45.69804740662951 -13.200460118468925
v 76.08420223240319 52.178439757544794 -13.200460118468925
v 76.08420223240319 45.69804740662951 -13.200460118468925
v 144.93818684773578 -45.31232046662076 -26.16111893097147
v 144.93818684773578 -50.53929572284137 -13.54198527652622
v 136.51175949707977 -46.53121870756509 -12.468023418961792
v 136.51175949707977 -41.718734063937475 -24.086349504370418
v 136.51175949707977 -48.172695950429414 -0.000007313903523709087
v 144.93818684773578 -52.322178153433896 -0.000007313903523709087
v 144.93818684773578 -36.99731776021868 -36.99739533268982
v 136.51175949707977 -34.06317742464121 -34.06325499711235
v 144.93818684773578 -26.161041358500327 -45.31236027229349
v 136.51175949707977 -24.0863348765633 -41.71879904747581
v 144.93818684773578 -13.541970648719087 -50.539373295312515
v 136.51175949707977 -12.46795843542344 -46.531258513237816
v 144.93818684773578 0.00003249176921826802 -52.32221795910661
v 136.51175949707977 0.00003249176921826802 -48.172704283770116
v 144.93818684773578 13.542035632257523 -50.539398473178125
v 136.51175949707977 12.468073774693096 -46.531283691103425
v 144.93818684773578 26.161169286702773 -45.3123854501591
v 136.51175949707977 24.086425037967302 -41.71879904747581
v 144.93818684773578 36.997445688421095 -36.99739533268982
v 136.51175949707977 34.06330535284363 -34.06328017497796
v 144.93818684773578 45.312410628024764 -26.16111893097144
v 136.51175949707977 41.71882422534148 -24.086374682236027
v 144.93818684773578 50.5394488289094 -13.5420104543918
v 136.51175949707977 46.53130886896909 -12.468023418961764
v 144.93818684773578 52.322243136972276 -0.000007313903495287377
v 136.51175949707977 48.172792406299806 -0.000007313903495287377
v 144.93818684773578 50.5394488289094 13.5419706487192
v 136.51175949707977 46.53130886896909 12.468008791154773
v 144.93818684773578 45.312435805890374 26.161104303164436
v 136.51175949707977 41.71882422534148 24.086360054428994
v 144.93818684773578 36.997445688421095 36.99738070488279
v 136.51175949707977 34.06333053070924 34.06326554717093
v 144.93818684773578 26.161169286702744 45.312370822352065
v 136.51175949707977 24.086425037967302 41.71878441966878
v 144.93818684773578 13.542035632257495 50.53937755090469
v 136.51175949707977 12.468073774693067 46.53126906329639
v 144.93818684773578 0.00003249176918984631 52.32220333129956
v 136.51175949707977 0.00003249176918984631 48.17272112829508
v 144.93818684773578 -13.541970648719115 50.539377550904675
v 136.51175949707977 -12.46795843542347 46.53126906329638
v 144.93818684773578 -26.16104135850034 45.31237082235205
v 136.51175949707977 -24.086334876563313 41.718809597534374
v 144.93818684773578 -36.997380704882715 36.99738070488277
v 136.51175949707977 -34.063202602506834 34.063265547170914
v 144.93818684773578 -45.312320466620776 26.16110430316442
v 144.93818684773578 -36.997380704882715 36.99738070488277
v 136.51175949707977 -34.063202602506834 34.063265547170914
v 136.51175949707977 -41.7187592418031 24.08636005442898
v 144.93818684773578 -50.53935237303901 13.541970648719172
v 136.51175949707977 -46.5312187075651 12.468008791154745
v 258.0131898366235 -144.88876472212903 -38.82285353402767
v 249.08632722911716 -141.84794576996495 -38.008047447179706
v 249.08632722911716 -127.17738257033847 -73.42592724483256
v 258.0131898366235 -129.90371739210963 -74.9999970469944
v 258.0131898366235 -149.9999847412109 -0.000007313903552130796
v 249.08632722911716 -146.85185772582005 -0.000007313903552130796
v 249.08632722911716 -103.8399056366888 -103.83993285342876
v 258.0131898366235 -106.06594367987049 -106.06598348554326
v 249.08632722911716 -73.42587485022699 -127.17744755387685
v 258.0131898366235 -74.99997612472083 -129.90380755351362
v 249.08632722911716 -38.00803281937253 -141.84801075350333
v 258.0131898366235 -38.82281372835489 -144.88884229460018
v 249.08632722911716 0.000007313903608974215 -146.85183458682872
v 258.0131898366235 0.000007313903608974215 -149.99997419115238
v 249.08632722911716 38.00809780291098 -141.84801075350327
v 258.0131898366235 38.82285353402773 -144.88884229460012
v 249.08632722911716 73.42597760056384 -127.1774727317424
v 258.0131898366235 75.00004740272567 -129.90380755351356
v 249.08632722911716 103.83998320916004 -103.83998320915993
v 258.0131898366235 106.06605901914014 -106.06605901914003
v 249.08632722911716 127.17747273174251 -73.42592724483251
v 258.0131898366235 129.9038579092449 -75.00002222485995
v 249.08632722911716 141.84808628710022 -38.00807262504526
v 258.0131898366235 144.88891782819707 -38.822878711893225
v 249.08632722911716 146.85188494256005 -0.000007313903495287377
v 258.0131898366235 149.9999993690181 -0.000007313903495287377
v 249.08632722911716 141.84808628710016 38.00805799723828
v 258.0131898366235 144.888917828197 38.82283890622064
v 249.08632722911716 127.17749790960806 73.42592520595832
v 258.0131898366235 129.90385790924483 74.99997612472094
v 249.08632722911716 103.83998320915998 103.83995599242013
v 258.0131898366235 106.06605901914008 106.06600662453462
v 249.08632722911716 73.426027956295 127.17745810393541
v 258.0131898366235 75.00007258059122 129.90383069250498
v 249.08632722911716 38.008097802910925 141.8480464814275
v 258.0131898366235 38.82287871189328 144.88887802252432
v 249.08632722911716 0.0000324917691614246 146.8518577258201
v 258.0131898366235 0.0000324917691614246 149.99998474121097
v 249.08632722911716 -38.00805799723821 141.84804648142747
v 258.0131898366235 -38.82281372835496 144.88887802252432
v 249.08632722911716 -73.42587485022705 127.17745810393536
v 258.0131898366235 -74.99997612472089 129.90383069250495
v 249.08632722911716 -103.83998117028568 103.83995599242007
v 258.0131898366235 -106.06600662453457 106.06603180240018
v 258.0131898366235 -106.06600662453457 106.06603180240018
v 249.08632722911716 -103.83998117028568 103.83995599242007
v 249.08632722911716 -127.17745810393534 73.42595667829028
v 258.0131898366235 -129.9038055146393 75.0000264804521
v 249.08632722911716 -141.84804648142742 38.00808317510382
v 258.0131898366235 -144.88887802252427 38.82286408408618
v 144.93818684773578 -45.312320466620776 26.16110430316442
v 249.08632722911716 -127.17745810393534 73.42595667829028
v 309.15436975075863 -140.37846482154416 -37.614303395848765
v 301.1838631905557 -144.88876472212903 -38.82285353402767
v 301.1838631905557 -129.90371739210963 -74.9999970469944
v 309.15436975075863 -125.85990039660095 -72.66527874691019
v 309.15436975075863 -145.3305607299753 -0.000007313903552130796
v 301.1838631905557 -149.9999847412109 -0.000007313903552130796
v 301.1838631905557 -106.06594367987049 -106.06598348554326
v 309.15436975075863 -102.76420021193093 -102.76418336740608
v 301.1838631905557 -74.99997612472083 -129.90380755351362
v 309.15436975075863 -72.66526411910303 -125.85996538013933
v 301.1838631905557 -38.82281372835489 -144.88884229460018
v 309.15436975075863 -37.6143139459072 -140.3785046272169
v 301.1838631905557 0.000007313903608974215 -149.99997419115238
v 309.15436975075863 0.000007313903608974215 -145.33053759098397
v 301.1838631905557 38.82285353402773 -144.88884229460012
v 309.15436975075863 37.61432857371443 -140.37850462721684
v 301.1838631905557 75.00004740272567 -129.90380755351356
v 309.15436975075863 72.66530392477586 -125.85999055800488
v 301.1838631905557 106.06605901914014 -106.06605901914003
v 309.15436975075863 102.76425890100296 -102.76423372313724
v 301.1838631905557 129.9038579092449 -75.00002222485995
v 309.15436975075863 125.8600157358706 -72.66527874691013
v 301.1838631905557 144.88891782819707 -38.822878711893225
v 309.15436975075863 140.37858016081378 -37.61432857371432
v 301.1838631905557 149.9999993690181 -0.000007313903495287377
v 309.15436975075863 145.3305879467153 -0.000007313903495287377
v 301.1838631905557 144.888917828197 38.82283890622064
v 309.15436975075863 140.37858016081373 37.61431394590734
v 301.1838631905557 129.90385790924483 74.99997612472094
v 309.15436975075863 125.86001573587055 72.66526411910314
v 301.1838631905557 106.06605901914008 106.06600662453462
v 309.15436975075863 102.7642589010029 102.76422538979665
v 301.1838631905557 75.00009775845683 129.90383069250498
v 309.15436975075863 72.66532910264141 125.85997593019789
v 301.1838631905557 38.82287871189328 144.88887802252432
v 309.15436975075863 37.61435375157998 140.37854035514104
v 301.1838631905557 0.0000324917691614246 149.99998474121097
v 309.15436975075863 0.0000324917691614246 145.33056072997536
v 301.1838631905557 -38.82281372835496 144.88887802252432
v 309.15436975075863 -37.61431394590727 140.37854035514104
v 301.1838631905557 -74.99997612472089 129.90383069250495
v 309.15436975075863 -72.66526411910309 125.85997593019785
v 301.1838631905557 -106.06600662453457 106.06603180240018
v 309.15436975075863 -102.76420021193098 102.7642505676622
v 309.15436975075863 -102.76420021193098 102.7642505676622
v 301.1838631905557 -106.06600662453457 106.06603180240018
v 301.1838631905557 -129.9038055146393 75.0000264804521
v 309.15436975075863 -125.85995075233221 72.6652892969687
v 301.1838631905557 -144.88887802252427 38.82286408408618
v 309.15436975075863 -140.37854035514098 37.61431394590727
v 303.6984269846871 -129.61574555420333 -34.73041808002745
v 309.15436975075863 -140.37846482154416 -37.614303395848765
v 309.15436975075863 -125.85990039660095 -72.66527874691019
v 303.6984269846871 -116.21030715677983 -67.09407171207931
v 309.15436975075863 -102.76420021193093 -102.76418336740608
v 303.6984269846871 -94.88529702128102 -94.88532423802098
v 309.15436975075863 -72.66526411910303 -125.85996538013933
v 303.6984269846871 -67.09403820087294 -116.21037214031821
v 309.15436975075863 -37.6143139459072 -140.3785046272169
v 303.6984269846871 -34.73040345222029 -129.6158231266745
v 309.15436975075863 0.000007313903608974215 -145.33053759098397
v 303.6984269846871 0.000007313903608974215 -134.18814869918782
v 309.15436975075863 37.61432857371443 -140.37850462721684
v 303.6984269846871 34.73050620255714 -129.61582312667446
v 309.15436975075863 72.66530392477586 -125.85999055800488
v 303.6984269846871 67.09409688994498 -116.21042249604938
v 309.15436975075863 102.76425890100296 -102.76423372313724
v 303.6984269846871 94.88542494948348 -94.88537459375215
v 309.15436975075863 125.8600157358706 -72.66527874691013
v 303.6984269846871 116.21042249604949 -67.09409688994486
v 309.15436975075863 140.37858016081378 -37.61432857371432
v 303.6984269846871 129.6158734824058 -34.730481024691414
v 309.15436975075863 145.3305879467153 -0.000007313903495287377
v 303.6984269846871 134.18814869918793 -0.000007313903495287377
v 309.15436975075863 140.37858016081373 37.61431394590734
v 303.6984269846871 129.61587348240573 34.730466396884424
v 309.15436975075863 125.86001573587055 72.66526411910314
v 303.6984269846871 116.21042249604943 67.09406337873867
v 309.15436975075863 102.7642589010029 102.76422538979665
v 303.6984269846871 94.88542494948342 94.88534737701235
v 309.15436975075863 72.66532910264141 125.85997593019789
v 303.6984269846871 67.09414724567614 116.21039527930958
v 309.15436975075863 37.61435375157998 140.37854035514104
v 303.6984269846871 34.73050620255708 129.61584626566588
v 309.15436975075863 0.0000324917691614246 145.33056072997536
v 303.6984269846871 0.0000324917691614246 134.18819701604482
v 309.15436975075863 -37.61431394590727 140.37854035514104
v 303.6984269846871 -34.730403452220344 129.61584626566585
v 309.15436975075863 -72.66526411910309 125.85997593019785
v 303.6984269846871 -67.0940633787386 116.21039527930955
v 309.15436975075863 -102.76420021193098 102.7642505676622
v 303.6984269846871 -94.88537255487789 94.88537255487792
v 309.15436975075863 -125.85995075233221 72.6652892969687
v 303.6984269846871 -116.21035751251108 67.09412002893625
v 309.15436975075863 -140.37854035514098 37.61431394590727
v 303.6984269846871 -129.6158462656658 34.73046639688437
v 309.15436975075863 -145.3305607299753 -0.000007313903552130796
v 303.6984269846871 -134.18817183817916 -0.000007313903552130796
v 228.02474051255558 0.0000073139035805525054 -0.000007313903523709087
v 228.02484122401802 17.563733872828436 -65.54870467671205
v 228.02474051255558 33.930529878553045 -58.76937552741762
v 228.02484122401802 0.000007313903608974215 -67.86101467640398
v 228.02474051255558 -17.56366888929 -65.54870467671205
v 228.02484122401802 -33.93051525074584 -58.76935034955201
v 228.02474051255558 -47.98493201764809 -47.98497811778722
v 228.02474051255558 -58.76930424941288 -33.93050470068735
v 228.02484122401802 -65.54871522677054 -17.56370869496274
v 228.02484122401802 -67.86096228179846 -0.000007313903523709087
v 228.02484122401802 -65.54871522677055 17.563719245021304
v 228.02484122401802 -58.7693042494129 33.9305152507459
v 228.02484122401802 -47.984957195513715 47.98501384571139
v 228.02484122401802 -33.93049007288026 58.769360899610575
v 228.02474051255558 -17.563668889290028 65.54871522677061
v 228.02474051255558 0.0000073139035805525054 67.86101263752974
v 228.02474051255558 17.56379681749243 65.54871522677063
v 228.02484122401802 33.93052987855302 58.76936089961059
v 228.02484122401802 47.9850284735185 47.9849886678458
v 228.02484122401802 58.76937552741768 33.93051525074593
v 228.02484122401802 65.54872985457772 17.563719245021332
v 228.02474051255558 67.86101467640404 -0.000007313903495287377
v 228.02484122401802 65.54872985457772 -17.563733872828323
v 228.02474051255558 58.76940070528329 -33.93050470068732
v 228.02474051255558 47.985053651384135 -47.9850032956528
v 276.90660983410635 33.17329298142073 -123.80421783100604
v 276.90660983410635 64.08584550694655 -110.99986320820602
v 276.90660983410635 0.000007313903608974215 -128.17154522172854
v 276.90660983410635 -33.173202820016684 -123.8042178310061
v 276.90660983410635 -64.08576164000891 -110.99981285247486
v 276.90660983410635 -90.63094900801383 -90.63096993028739
v 276.90660983410635 -110.99977304680209 -64.08576997334967
v 276.90660983410635 -123.80416543640054 -33.173217447823845
v 276.90660983410635 -128.17155577178707 -0.000007313903552130796
v 276.90660983410635 -123.80424096999738 33.17325317574796
v 276.90660983410635 -110.99979822466773 64.08578681787459
v 276.90660983410635 -90.63097418587948 90.63103083607713
v 276.90660983410635 -64.08576164000895 110.999848580399
v 276.90660983410635 -33.17320282001674 123.80424096999744
v 276.90660983410635 0.0000324917691614246 128.17155577178713
v 276.90660983410635 33.17333074821909 123.80424096999745
v 276.90660983410635 64.08589586267772 110.99984858039903
v 276.90660983410635 90.63104546388422 90.63097418587955
v 276.90660983410635 110.9999135639373 64.08576164000903
v 276.90660983410635 123.80426818673732 33.17322799788241
v 276.90660983410635 128.17157039959426 -0.000007313903495287377
v 276.90660983410635 123.80426818673737 -33.17326780355501
v 276.90660983410635 110.99991356393735 -64.08579515121522
v 276.90660983410635 90.63107064174989 -90.63102028601855
v 103.50302377025218 34.06333053070924 34.06326554717093
v 103.50302377025218 24.086425037967302 41.71878441966878
v 103.50382946195168 41.71879904747587 24.086309698697775
v 103.50455962005435 46.531182979641045 12.467958435423554
v 103.50365321689242 48.17270428377017 -0.000007313903495287377
v 103.50488693230727 46.531132623909826 -12.467973063230545
v 103.50370357262364 41.71879904747587 -24.08632432650481
v 103.50302377025218 34.06330535284363 -34.06328017497796
v 103.50302377025218 24.086425037967302 -41.71879904747581
v 103.50302377025218 12.468073774693096 -46.531283691103425
v 103.50302377025218 0.00003249176921826802 -48.172704283770116
v 103.50302377025218 -12.46795843542344 -46.531258513237816
v 103.50302377025218 -24.0863348765633 -41.71879904747581
v 103.50302377025218 -34.06317742464121 -34.06325499711235
v 103.50302377025218 -41.718734063937475 -24.086349504370418
v 103.50302377025218 -46.53121870756509 -12.468023418961792
v 103.50302377025218 -48.172695950429414 -0.000007313903523709087
v 103.50302377025218 -46.5312187075651 12.468008791154745
v 103.50302377025218 -41.7187592418031 24.08636005442898
v 103.50302377025218 -34.063202602506834 34.063265547170914
v 103.50302377025218 -24.086334876563313 41.718809597534374
v 103.50302377025218 -34.063202602506834 34.063265547170914
v 103.50302377025218 -12.46795843542347 46.53126906329638
v 103.50302377025218 0.00003249176918984631 48.17272112829508
v 103.50302377025218 12.468073774693067 46.53126906329639
v -248.86848183497568 49.49703483695342 13.262647407649695
v -248.85574183497738 44.35041473882487 25.625054955409766
v 10.10860156925628 49.439050212455214 15.348633573379686
v -248.86848183497568 51.24305687229392 -0.000007313903495287377
v 10.754867023715633 51.21089214897805 0.0005214212742998825
v -248.86848183497568 49.49703483695342 -13.262687213322295
v 10.11502192498665 49.375224323135654 -15.19396798381598
v -248.91992021441547 44.322857564915495 -25.626920156339054
v -248.86848183497568 34.06333053070924 34.06326554717093
v -248.86848183497568 24.086425037967302 41.71878441966878
v -248.80601555039902 25.62153209309875 44.377755862002275
v -248.80815566897581 36.23113217073663 36.23114272079515
v 103.50302377025218 24.086425037967302 41.71878441966878
v 103.50302377025218 34.06333053070924 34.06326554717093
v 103.48124491650015 36.23171126164564 36.23172181170416
v 103.4805651141287 25.62153209309875 44.377755862002275
v -248.86848183497568 41.71882422534148 24.086360054428994
v 103.50382946195168 41.71879904747587 24.086309698697775
v 103.50017867143833 44.353738217085294 25.623808651062106
v -248.86848183497568 46.53130886896909 12.468008791154773
v 103.50455962005435 46.531182979641045 12.467958435423554
v 103.50209218922464 49.49169712944425 13.261250036108379
v -248.86848183497568 48.172767228434196 -0.000007313903495287377
v 103.50365321689242 48.17270428377017 -0.000007313903495287377
v 103.50267128013365 51.24096710944835 -0.000007313903495287377
v -248.86848183497568 46.53130886896909 -12.468023418961764
v 103.50488693230727 46.531132623909826 -12.467973063230545
v 103.50189076629977 49.49061448122305 -13.260975118460863
v -248.86848183497568 41.71882422534148 -24.086374682236027
v 103.50370357262364 41.71879904747587 -24.08632432650481
v 103.50241950147756 44.3507798178762 -25.624301658315687
v -248.86848183497568 34.06330535284363 -34.06328017497796
v -248.8107993448648 36.227330313029626 -36.22746879129042
v 103.50302377025218 34.06330535284363 -34.06328017497796
v 103.48207578606525 36.22783387034181 -36.227859048207364
v -248.86848183497568 24.086425037967302 -41.71879904747581
v -248.80601555039902 25.62153209309878 -44.37777048980931
v 103.50302377025218 24.086425037967302 -41.71879904747581
v 103.480867248516 25.620713812466477 -44.37628499573836
v -248.86848183497568 12.468073774693096 -46.531283691103425
v -248.80601555039902 13.262687213322408 -49.49698448122214
v 103.50302377025218 12.468073774693096 -46.531283691103425
v 103.4805651141287 13.262687213322408 -49.49695930335653
v -248.86848183497568 0.00003249176921826802 -48.172704283770116
v -248.80601555039902 0.000007313903608974215 -51.243031694428254
v 103.50302377025218 0.00003249176921826802 -48.172704283770116
v 103.4805651141287 0.000007313903608974215 -51.243031694428254
v -248.86848183497568 -12.46795843542344 -46.531258513237816
v -248.80601555039902 -13.262647407649581 -49.49695930335653
v 103.50302377025218 -12.46795843542344 -46.531258513237816
v 103.4805651141287 -13.262647407649581 -49.49695930335653
v -248.86848183497568 -24.0863348765633 -41.71879904747581
v -248.80601555039902 -25.621492287425966 -44.37777048980931
v 103.50302377025218 -24.0863348765633 -41.71879904747581
v 103.4805651141287 -25.621492287425966 -44.37777048980931
v -248.86848183497568 -34.06317742464121 -34.06325499711235
v -248.80601555039902 -36.2342270093322 -36.23426681500493
v 103.50302377025218 -34.06317742464121 -34.06325499711235
v 103.4805651141287 -36.2342270093322 -36.23429199287054
v -248.86848183497568 -41.718734063937475 -24.086349504370418
v -248.86848183497568 -34.06317742464121 -34.06325499711235
v -248.80601555039902 -36.2342270093322 -36.23426681500493
v -248.80601555039902 -44.37773068413658 -25.621506915233084
v 103.50302377025218 -34.06317742464121 -34.06325499711235
v 103.50302377025218 -41.718734063937475 -24.086349504370418
v 103.4805651141287 -44.37773068413658 -25.621506915233084
v 103.4805651141287 -36.2342270093322 -36.23429199287054
v -248.86843147924446 -46.53121870756509 -12.468023418961792
v -248.80599037253342 -49.49688173088539 -13.262687213322323
v 103.50302377025218 -46.53121870756509 -12.468023418961792
v 103.4805651141287 -49.49688173088539 -13.262687213322323
v -248.86848183497568 -48.172695950429414 -0.000007313903523709087
v -248.80601555039902 -51.24299188875554 -0.000007313903523709087
v 103.50302377025218 -48.172695950429414 -0.000007313903523709087
v 103.4805651141287 -51.24299188875554 -0.000007313903523709087
v -248.86848183497568 -46.5312187075651 12.468008791154745
v -248.80601555039902 -49.49693838108303 13.262672585515276
v 103.50302377025218 -46.5312187075651 12.468008791154745
v 103.4805651141287 -49.49693838108303 13.262672585515276
v -248.86848183497568 -41.7187592418031 24.08636005442898
v -248.80601555039902 -44.3777558620022 25.621517465291646
v 103.50302377025218 -41.7187592418031 24.08636005442898
v 103.4805651141287 -44.3777558620022 25.621517465291646
v -248.86848183497568 -34.063202602506834 34.063265547170914
v -248.80601555039902 -36.234227009332216 36.23427736506349
v 103.50302377025218 -34.063202602506834 34.063265547170914
v 103.4805651141287 -36.234227009332216 36.23427736506349
v -248.86848183497568 -24.086334876563313 41.718809597534374
v -248.80601555039902 -25.62149228742598 44.37775586200226
v 103.50302377025218 -24.086334876563313 41.718809597534374
v 103.4805651141287 -25.62149228742598 44.37775586200226
v -248.86848183497568 -12.46795843542347 46.53126906329638
v -248.80601555039902 -13.26264740764961 49.49696355894869
v 103.50302377025218 -12.46795843542347 46.53126906329638
v 103.4805651141287 -13.26264740764961 49.49696355894869
v -248.86848183497568 0.00003249176918984631 48.17272112829508
v -248.80601555039902 0.00003249176918984631 51.243017066621206
v 103.50302377025218 0.00003249176918984631 48.17272112829508
v 103.4805651141287 0.00003249176918984631 51.243017066621206
v -248.86848183497568 12.468073774693067 46.53126906329639
v -248.80601555039902 13.26271239118799 49.49696355894871
v 103.50302377025218 12.468073774693067 46.53126906329639
v 103.4805651141287 13.26271239118799 49.49696355894871
v -309.15431289413755 -49.06494285742515 -13.14691938725079
v -306.82931325017853 -51.263845455946424 -13.736106620373874
v -306.82931325017853 -53.07225194780037 -0.000007313903523709087
v -309.15431289413755 -50.795782639803264 -0.000007313903523709087
v -309.15431289413755 -43.99041957746881 -25.39791487968975
v -306.82931325017853 -45.96190939934054 -26.536130650289095
v -309.1543884277344 -35.918055961943494 -35.91807058975061
v -306.82931325017853 -37.52771467714406 -37.5277796606824
v -306.82931325017853 -51.26384545594644 13.736117170432436
v -309.15426253840633 -49.064993213156384 13.146929937309352
v -309.1543884277344 -25.397875074017023 -43.99045938314154
v -306.82931325017853 -26.536090844616368 -45.96194920501327
v -309.1543884277344 -13.146904759443657 -49.06500784096349
v -306.82931325017853 -13.736066814701132 -51.263891556085554
v -309.1543884277344 0.00003249176921826802 -50.79582244547598
v -306.82931325017853 0.00003249176921826802 -53.07229175347308
v -309.1543884277344 13.146944565116485 -49.06500784096349
v -306.82931325017853 13.736131798239569 -51.26391673395116
v -309.1543884277344 25.397914879689836 -43.99048456100715
v -306.82931325017853 26.536218772818813 -45.96194920501327
v -309.1543884277344 35.91809576761628 -35.91809576761622
v -306.82931325017853 37.52784260534648 -37.5277796606824
v -309.15431289413755 43.990534916738426 -25.397914879689722
v -306.82931325017853 45.961974382878935 -26.53616841708748
v -309.15431289413755 49.065033018829155 -13.146944565116371
v -306.82931325017853 51.26396708968244 -13.736131798239455
v -309.15431289413755 50.79591056800567 -0.000007313903495287377
v -306.82931325017853 53.07234210920436 -0.000007313903495287377
v -309.15426253840633 49.065058196694764 13.146904759443771
v -306.82931325017853 51.26396708968244 13.736117170432465
v -309.15431289413755 43.99057268353684 25.397900251882717
v -306.82931325017853 45.96203732754296 26.536153789280476
v -309.1543884277344 35.91812094548189 35.91805596194358
v -306.82931325017853 37.52784260534648 37.527765032875365
v -309.1543884277344 25.397940057555417 43.99046993320012
v -306.82931325017853 26.536218772818785 45.961934577206236
v -309.1543884277344 13.146944565116456 49.064993213156455
v -306.82931325017853 13.73615697610515 51.26390210614413
v -309.1543884277344 0.00003249176918984631 50.79583299553454
v -306.82931325017853 0.00003249176918984631 53.072283420132436
v -309.1543884277344 -13.146904759443686 49.06499321315644
v -306.82931325017853 -13.73606681470116 51.263902106144116
v -309.1543884277344 -25.397875074017037 43.9904699332001
v -306.82931325017853 -26.536090844616382 45.96195975507183
v -309.1543884277344 -35.91805596194351 35.918081139809175
v -306.82931325017853 -37.527714677144075 37.52776503287535
v -309.15431289413755 -43.990469933200046 25.397900251882703
v -306.82931325017853 -45.961909399340556 26.536153789280462
v -300.7727273221317 -46.17889853962784 -26.66144088742655
v -300.7727273221317 -51.50586139464936 -13.80097739111622
v -300.7727273221317 -53.32287871654168 -0.000007313903523709087
v -300.7727273221317 -37.70491649530227 -37.704956300975
v -300.7727273221317 -26.661426259619432 -46.17896981763258
v -300.7727273221317 -13.800962763309087 -51.505951556053304
v -300.7727273221317 0.000007313903608974215 -53.32288704988238
v -300.7727273221317 13.801027746847524 -51.505951556053304
v -300.7727273221317 26.661491243157855 -46.17896981763258
v -300.7727273221317 37.70504442350469 -37.70498147884061
v -300.7727273221317 46.17902017336385 -26.66146606529213
v -300.7727273221317 51.50600191178458 -13.8010025689818
v -300.7727273221317 53.32293740561366 -0.000007313903495287377
v -300.7727273221317 51.50600191178458 13.800962763309201
v -300.7727273221317 46.17902017336385 26.661426259619518
v -300.7727273221317 37.70504442350469 37.704966851033575
v -300.7727273221317 26.661491243157826 46.178955189825544
v -300.7727273221317 13.801027746847495 51.50594322271267
v -300.7727273221317 0.00003249176918984631 53.32287871654174
v -300.7727273221317 -13.800937585443506 51.50594322271266
v -300.7727273221317 -26.661375903888228 46.17898036769114
v -300.7727273221317 -37.704916495302285 37.70496685103356
v -300.7727273221317 -46.178930011959864 26.661451437485113
v -300.7727273221317 -51.50588657251498 13.800962763309172
v -300.7787700098779 41.79316187355292 -24.129277765234264
v -300.7787700098779 46.61418181362208 -12.49025547429477
v -296.1240121053597 46.60412325631117 -12.487536264808966
v -296.1240121053597 41.78408525300077 -24.12404076918753
v -296.1240121053597 34.1166068943385 -34.11655653860723
v -300.7787700098779 34.12399659789483 -34.123946242163555
v -300.7787700098779 24.12932812096554 -41.79311151782164
v -296.1240121053597 24.12410371385161 -41.78408525300071
v -300.7787700098779 12.490280652160493 -46.614181813622025
v -296.1240121053597 12.487586620540299 -46.6040980784455
v -300.7787700098779 0.00003249176921826802 -48.2585356276322
v -296.1240121053597 0.00003249176921826802 -48.24811199126995
v -300.7787700098779 -12.490152723958033 -46.614156635756416
v -296.1240121053597 -12.487458692337839 -46.604072900579894
v -300.7787700098779 -24.129212781695927 -41.79311151782164
v -296.1240121053597 -24.123975785649193 -41.7840600751351
v -300.7787700098779 -34.12390643649083 -34.123946242163555
v -296.1240121053597 -34.11649155506889 -34.11655653860723
v -300.7787700098779 -41.793046534283306 -24.129277765234264
v -300.7787700098779 -34.12390643649083 -34.123946242163555
v -296.1240121053597 -34.11649155506889 -34.11655653860723
v -296.1240121053597 -41.78404544732798 -24.12404076918753
v -300.7787700098779 -46.61409165221808 -12.490217707496384
v -296.1240121053597 -46.604033094907166 -12.487536264808995
v -300.7787700098779 -48.258495821959485 -0.000007313903523709087
v -296.1240121053597 -48.24804700773163 -0.000007313903523709087
v -300.7787700098779 -46.6141168300837 12.490240846487751
v -296.1240121053597 -46.60403309490718 12.487521637001947
v -300.7787700098779 -41.79307171214893 24.129263137427216
v -296.1240121053597 -41.784045447328 24.124026141380483
v -300.7787700098779 -34.12390643649084 34.12393161435651
v -296.1240121053597 -34.116516732934514 34.11654191080018
v -300.7787700098779 -24.12921278169594 41.793122067880205
v -296.1240121053597 -24.123975785649208 41.784070625193664
v -300.7787700098779 -12.490152723958062 46.61416718581498
v -296.1240121053597 -12.487458692337867 46.604083450638456
v -300.7787700098779 0.00003249176918984631 48.25852099982515
v -296.1240121053597 0.00003249176918984631 48.248097363462904
v -300.7787700098779 12.490305830026074 46.61416718581499
v -296.1240121053597 12.48758662054027 46.60408345063847
v -300.7787700098779 24.12932812096554 41.79309689001461
v -296.1240121053597 24.12410371385161 41.78407062519368
v -300.7787700098779 34.12399659789483 34.12393161435652
v -296.1240121053597 34.11663207220411 34.116541910800194
v -300.7787700098779 41.79319964035133 24.12926313742723
v -296.1240121053597 41.78411043086638 24.124026141380497
v -300.7787700098779 46.61418181362208 12.490203079689365
v -296.1240121053597 46.60412325631117 12.487521637001976
v -300.7787700098779 48.258585983363474 -0.000007313903495287377
v -296.1240121053597 48.24813716913562 -0.000007313903495287377
v -309.1543884277344 0.00003249176918984631 -0.000007313903523709087
v -300.7727273221317 37.70504442350469 -37.70498147884061
v -300.7727273221317 46.17902017336385 -26.66146606529213
v -300.7727273221317 26.661491243157855 -46.17896981763258
v -300.7727273221317 13.801027746847524 -51.505951556053304
v -300.7727273221317 0.000007313903608974215 -53.32288704988238
v -300.7727273221317 -13.800962763309087 -51.505951556053304
v -300.7727273221317 -26.661426259619432 -46.17896981763258
v -300.7727273221317 -37.70491649530227 -37.704956300975
v -300.7727273221317 -46.17889853962784 -26.66144088742655
v -300.7727273221317 -37.70491649530227 -37.704956300975
v -300.7727273221317 -51.50586139464936 -13.80097739111622
v -300.7727273221317 -53.32287871654168 -0.000007313903523709087
v -300.7727273221317 -51.50588657251498 13.800962763309172
v -300.7727273221317 -46.178930011959864 26.661451437485113
v -300.7727273221317 -37.704916495302285 37.70496685103356
v -300.7727273221317 -26.661375903888228 46.17898036769114
v -300.7727273221317 -13.800937585443506 51.50594322271266
v -300.7727273221317 0.00003249176918984631 53.32287871654174
v -300.7727273221317 13.801027746847495 51.50594322271267
v -300.7727273221317 26.661491243157826 46.178955189825544
v -300.7727273221317 37.70504442350469 37.704966851033575
v -300.7727273221317 46.17902017336385 26.661426259619518
v -300.7727273221317 51.50600191178458 13.800962763309201
v -300.7727273221317 53.32293740561366 -0.000007313903495287377
v -300.7727273221317 51.50600191178458 -13.8010025689818
v -248.86848183497568 12.468073774693096 -46.531283691103425
v -254.53093345477464 12.46345363635379 -46.514024264228254
v -254.53093345477464 24.07744912887759 -41.7033272490589
v -248.86848183497568 24.086425037967302 -41.71879904747581
v -248.86848183497568 0.00003249176921826802 -48.172704283770116
v -254.53093345477464 0.00003249176921826802 -48.15484058812032
v -248.86848183497568 -12.46795843542344 -46.531258513237816
v -254.53093345477464 -12.46332570815133 -46.51398649742984
v -248.86848183497568 -24.0863348765633 -41.71879904747581
v -254.53093345477464 -24.077384145339195 -41.7033272490589
v -248.86848183497568 -34.06317742464121 -34.06325499711235
v -254.53093345477464 -34.050588491836564 -34.05060311964368
v -248.86848183497568 -41.718734063937475 -24.086349504370418
v -254.53093345477464 -41.703262265520564 -24.077423951011923
v -254.53093345477464 -34.050588491836564 -34.05060311964368
v -248.86848183497568 -34.06317742464121 -34.06325499711235
v -254.53093345477464 -46.513952986223515 -12.463403280622487
v -248.86843147924446 -46.53121870756509 -12.468023418961792
v -254.53093345477464 -48.154794487981206 -0.000007313903523709087
v -248.86848183497568 -48.172695950429414 -0.000007313903523709087
v -248.86848183497568 -46.5312187075651 12.468008791154745
v -254.53093345477464 -46.51395298622353 12.46338865281544
v -248.86848183497568 -41.7187592418031 24.08636005442898
v -254.53093345477464 -41.7033126212518 24.077409323204876
v -248.86848183497568 -34.063202602506834 34.063265547170914
v -254.53093345477464 -34.05058849183658 34.050613669702244
v -248.86848183497568 -24.086334876563313 41.718809597534374
v -254.53093345477464 -24.07738414533921 41.703312621251854
v -248.86848183497568 -12.46795843542347 46.53126906329638
v -254.53093345477464 -12.463325708151359 46.51400963642121
v -248.86848183497568 0.00003249176918984631 48.17272112829508
v -254.53093345477464 0.00003249176918984631 48.154851138178884
v -248.86848183497568 12.468073774693067 46.53126906329639
v -254.53093345477464 12.463453636353762 46.51400963642122
v -248.86848183497568 24.086425037967302 41.71878441966878
v -254.53093345477464 24.07744912887759 41.70331262125187
v -248.86848183497568 34.06333053070924 34.06326554717093
v -254.53093345477464 34.05065347537496 34.05061366970226
v -248.86848183497568 41.71882422534148 24.086360054428994
v -254.53093345477464 41.70335242692457 24.07740932320489
v -248.86848183497568 46.53130886896909 12.468008791154773
v -254.53093345477464 46.51407461995953 12.463388652815468
v -248.86848183497568 48.172767228434196 -0.000007313903495287377
v -254.53093345477464 48.1548909438516 -0.000007313903495287377
v -248.86848183497568 46.53130886896909 -12.468023418961764
v -254.53093345477464 46.51407461995953 -12.463403280622458
v -248.86848183497568 41.71882422534148 -24.086374682236027
v -254.53093345477464 41.70335242692457 -24.077423951011923
v -248.86848183497568 34.06330535284363 -34.06328017497796
v -254.53093345477464 34.05062829750935 -34.05062829750929
v -296.116584635005 25.777534148413963 -44.64795416566264
v -296.116584635005 13.343445217264218 -49.79831317683417
v -254.5235311622855 13.31933741094332 -49.70823936261692
v -254.5235311622855 25.730942508103965 -44.567183572788025
v -296.116584635005 0.00003249176921826802 -51.55501062719301
v -254.5235311622855 0.000007313903608974215 -51.461764401908994
v -296.116584635005 -13.343380233725782 -49.79831317683417
v -254.5235311622855 -13.319222071673664 -49.70823936261692
v -296.116584635005 -25.77746916487554 -44.64792898779703
v -254.5235311622855 -25.73081457990152 -44.567183572788025
v -296.116584635005 -36.454835467800834 -36.45487527347356
v -254.5235311622855 -36.38889463777009 -36.38895962130843
v -296.116584635005 -36.454835467800834 -36.45487527347356
v -296.116584635005 -44.6478828876579 -25.77750897054827
v -254.5235311622855 -44.5671500615817 -25.730879563439856
v -254.5235311622855 -36.38889463777009 -36.38895962130843
v -296.116584635005 -49.798223015430224 -13.343420039398524
v -254.5235059844199 -49.708199556944194 -13.319287055212016
v -296.116584635005 -51.5549708215203 -0.000007313903523709087
v -254.5235311622855 -51.46169312390427 -0.000007313903523709087
v -296.116584635005 -49.79824819329585 13.343405411591476
v -254.5235311622855 -49.70822473480982 13.319272427404968
v -296.116584635005 -44.647882887657914 25.77749434274122
v -254.5235311622855 -44.567150061581714 25.73086493563281
v -296.116584635005 -36.45483546780085 36.45488582353212
v -254.5235311622855 -36.38889463777011 36.38894499350138
v -296.116584635005 -25.777469164875555 44.64793953785559
v -254.5235311622855 -25.730814579901534 44.56717523944738
v -296.116584635005 -13.34338023372581 49.798304843493526
v -254.5235311622855 -13.319222071673693 49.708224734809875
v -296.116584635005 0.00003249176918984631 51.554995999385966
v -254.5235311622855 0.00003249176918984631 51.461749774101946
v -296.116584635005 13.34344521726419 49.79830484349354
v -254.5235311622855 13.319337410943291 49.70822473480989
v -296.116584635005 25.777534148413935 44.647939537855606
v -254.5235311622855 25.730942508103936 44.567175239447394
v -296.116584635005 36.454950807070446 36.45488582353214
v -254.5235311622855 36.389009977039706 36.3889449935014
v -296.116584635005 44.648004521393915 25.777494342741235
v -254.5235311622855 44.567271695317714 25.730864935632823
v -296.116584635005 49.79837612149825 13.343405411591505
v -254.5235311622855 49.70826454048259 13.319272427404997
v -296.116584635005 51.55503580505868 -0.000007313903495287377
v -254.5235311622855 51.46181475764027 -0.000007313903495287377
v -296.116584635005 49.79837612149825 -13.343420039398495
v -254.5235311622855 49.70826454048259 -13.319287055211987
v -296.116584635005 44.648004521393915 -25.77750897054824
v -254.5235311622855 44.567246517452105 -25.730879563439828
v -296.116584635005 36.454950807070446 -36.45490045133917
v -254.5235311622855 36.389009977039706 -36.38895962130843
v 80.01250318049642 49.44343116107123 -15.35992788497964
v 80.02212112515917 49.4487688685804 15.372892446894241
v 79.68289974180516 51.21675859166501 -0.00048569335007186965
v 77.31265547334624 48.38650212959149 -0.0009892506622577457
v 13.139487853437458 48.38671614144917 0.0009368560568532303
v 12.469555205305369 46.72462452111725 12.83180377134346
v 77.6883092282369 46.720495351157325 12.847225214029152
v 12.591390896988742 46.80791290055279 -12.519474387334355
v 77.67866610570854 46.726915706887695 -12.822766956463909
v 11.997722003787203 51.313995508648105 13.298765055866227
v 12.667830896978558 53.01206629893571 0.0006850774007602922
v 78.15883318074339 51.31278697109886 13.31199602424391
v 77.78484116498294 53.01294752423203 -0.000699705207750867
v 12.072198130259494 51.335799540265754 -13.070227608604853
v 78.15362136256226 51.31428505410261 -13.294134367468303
v 12.667830896978558 53.01206629893571 0.0006850774007602922
v 11.997722003787203 51.313995508648105 13.298765055866227
v 78.15883318074339 51.31278697109886 13.31199602424391
v 77.78484116498294 53.01294752423203 -0.000699705207750867
v 12.072198130259494 51.335799540265754 -13.070227608604853
v 78.15362136256226 51.31428505410261 -13.294134367468303
v 300.3044507005543 98.41714933636473 -98.41707380276779
v 300.3044507005543 69.591413846134 -120.535853918398
v 300.3044507005543 36.023200767602304 -134.44020431180246
v 300.3044507005543 0.000007313903608974215 -139.18273225583465
v 300.3044507005543 -36.02311060619826 -134.44020431180252
v 300.3044507005543 -69.59135515706197 -120.53577838480123
v 300.3044507005543 -98.41702770262867 -98.41704862490224
v 300.3044507005543 -120.53575116806127 -69.59136349040273
v 300.3044507005543 -134.44013932826417 -36.02312523400542
v 300.3044507005543 -139.1827679837588 -0.000007313903552130796
v 300.3044507005543 -134.440214861861 36.023160961929534
v 300.3044507005543 -120.53581411272533 69.59140551279324
v 300.3044507005543 -98.41710323622554 98.41710323622557
v 300.3044507005543 -69.59138033492763 120.53583929059097
v 300.3044507005543 -36.023110606198316 134.44021486186105
v 300.3044507005543 0.0000324917691614246 139.18276798375885
v 300.3044507005543 36.02322594546786 134.44021486186105
v 300.3044507005543 69.59143902399956 120.53583929059101
v 300.3044507005543 98.41714933636467 98.4170528804944
v 300.3044507005543 120.53587909626367 69.59135515706208
v 300.3044507005543 134.44025466753374 36.02316096192959
v 300.3044507005543 139.18275743370037 -0.000007313903495287377
v 300.3044507005543 134.4402546675338 -36.02317558973658
v 300.3044507005543 120.53587909626373 -69.59138866826828
v 300.3044507005543 -36.02311060619826 -134.44020431180252
v 300.3044507005543 0.000007313903608974215 -139.18273225583465
v 300.3044507005543 -69.59135515706197 -120.53577838480123
v 300.3044507005543 -98.41702770262867 -98.41704862490224
v 300.3044507005543 -120.53575116806127 -69.59136349040273
v 300.3044507005543 -134.44013932826417 -36.02312523400542
v 300.3044507005543 -139.1827679837588 -0.000007313903552130796
v 300.3044507005543 -134.440214861861 36.023160961929534
v 300.3044507005543 -120.53581411272533 69.59140551279324
v 300.3044507005543 -98.41710323622554 98.41710323622557
v 300.3044507005543 -69.59138033492763 120.53583929059097
v 300.3044507005543 -36.023110606198316 134.44021486186105
v 300.3044507005543 0.0000324917691614246 139.18276798375885
v 300.3044507005543 36.02322594546786 134.44021486186105
v 300.3044507005543 69.59143902399956 120.53583929059101
v 300.3044507005543 98.41714933636467 98.4170528804944
v 300.3044507005543 120.53587909626367 69.59135515706208
v 300.3044507005543 134.44025466753374 36.02316096192959
v 300.3044507005543 139.18275743370037 -0.000007313903495287377
v 300.3044507005543 134.4402546675338 -36.02317558973658
v 300.3044507005543 120.53587909626373 -69.59138866826828
v 300.3044507005543 98.41714933636473 -98.41707380276779
v 300.3044507005543 69.591413846134 -120.535853918398
v 300.3044507005543 36.023200767602304 -134.44020431180246
vt 0.43033701181411743 0.10597097873687744
vt 0.4507650136947632 0.10561597347259521
vt 0.4407300055027008 0.0657770037651062
vt 0.40765899419784546 0.09088301658630371
vt 0.4001080095767975 0.07189899682998657
vt 0.40311399102211 0.05168801546096802
vt 0.4153589904308319 0.03570401668548584
vt 0.43351298570632935 0.02770400047302246
vt 0.4531500041484833 0.02941197156906128
vt 0.46947601437568665 0.04027199745178223
vt 0.4786199927330017 0.057712018489837646
vt 0.4782539904117584 0.07756298780441284
vt 0.4682370126247406 0.09503501653671265
vt 0.42461299896240234 0.12177997827529907
vt 0.45491400361061096 0.12080001831054688
vt 0.39531099796295166 0.1023169755935669
vt 0.38448798656463623 0.07393699884414673
vt 0.38913801312446594 0.04576301574707031
vt 0.4061950147151947 0.024002015590667725
vt 0.4311479926109314 0.013251006603240967
vt 0.45795801281929016 0.01567000150680542
vt 0.4803059995174408 0.030515015125274658
vt 0.49288201332092285 0.05432701110839844
vt 0.4925670027732849 0.0814809799194336
vt 0.4791240096092224 0.10565000772476196
vt 0.589389979839325 0.09704697132110596
vt 0.5946789979934692 0.08225798606872559
vt 0.5866069793701172 0.08120101690292358
vt 0.5825750231742859 0.09286898374557495
vt 0.593737006187439 0.06624102592468262
vt 0.585532009601593 0.06855297088623047
vt 0.5864440202713013 0.050939977169036865
vt 0.5789729952812195 0.05642402172088623
vt 0.5739560127258301 0.0379830002784729
vt 0.5662260055541992 0.045409977436065674
vt 0.5615040063858032 0.025017976760864258
vt 0.5537310242652893 0.03241598606109619
vt 0.5286070108413696 0.0257989764213562
vt 0.5087090134620667 0.06637299060821533
vt 0.5259180068969727 0.06714898347854614
vt 0.5438759922981262 0.04339998960494995
vt 0.516739010810852 0.09116697311401367
vt 0.5277600288391113 0.0862799882888794
vt 0.5305719971656799 0.1068580150604248
vt 0.537015974521637 0.09920597076416016
vt 0.5472000241279602 0.11448699235916138
vt 0.5495049953460693 0.10584700107574463
vt 0.5640019774436951 0.11470001935958862
vt 0.5625730156898499 0.10647797584533691
vt 0.5786979794502258 0.10843497514724731
vt 0.5741649866104126 0.10177397727966309
vt 0.5797179937362671 0.08045101165771484
vt 0.57676100730896 0.08935099840164185
vt 0.5786060094833374 0.07083398103713989
vt 0.5730869770050049 0.06193101406097412
vt 0.5629600286483765 0.05547499656677246
vt 0.5485439896583557 0.056259989738464355
vt 0.5374680161476135 0.0696759819984436
vt 0.5369920134544373 0.08320099115371704
vt 0.5428169965744019 0.09320700168609619
vt 0.5517730116844177 0.09866100549697876
vt 0.5615599751472473 0.09947198629379272
vt 0.570372998714447 0.09608197212219238
vt 0.5732560157775879 0.07990598678588867
vt 0.5713160037994385 0.08608102798461914
vt 0.5722349882125854 0.0733100175857544
vt 0.5681080222129822 0.06757998466491699
vt 0.5611730217933655 0.06426399946212769
vt 0.5526670217514038 0.06562501192092896
vt 0.546330988407135 0.07279199361801147
vt 0.5452589988708496 0.08120697736740112
vt 0.548462986946106 0.08808499574661255
vt 0.5541880130767822 0.09210997819900513
vt 0.5608180165290833 0.09291499853134155
vt 0.5669050216674805 0.09070801734924316
vt 0.5667920112609863 0.07959502935409546
vt 0.5658429861068726 0.08287400007247925
vt 0.5661029815673828 0.07619702816009521
vt 0.5638059973716736 0.0734720230102539
vt 0.5603029727935791 0.07223999500274658
vt 0.5564799904823303 0.07315599918365479
vt 0.5536779761314392 0.07616400718688965
vt 0.5529019832611084 0.08003997802734375
vt 0.5541700124740601 0.08353298902511597
vt 0.5568919777870178 0.08577799797058105
vt 0.5602899789810181 0.08635801076889038
vt 0.563513994216919 0.08530199527740479
vt 0.5600720047950745 0.07955801486968994
vt 0.08343999832868576 0.845212996006012
vt 0.08398900181055069 0.8422210216522217
vt 0.04562599956989288 0.8423720002174377
vt 0.04572499915957451 0.8448970317840576
vt 0.04254800081253052 0.8441529870033264
vt 0.04512200132012367 0.8317819833755493
vt 0.04166899994015694 0.832036018371582
vt 0.03722300007939339 0.8961279988288879
vt 0.04038900136947632 0.8961520195007324
vt 0.08463600277900696 0.9482060074806213
vt 0.08469299972057343 0.9451069831848145
vt 0.04473299905657768 0.9452829957008362
vt 0.044748999178409576 0.9483979940414429
vt 0.04199700057506561 0.9480609893798828
vt 0.041430000215768814 0.9451450109481812
vt 0.030665000900626183 0.9458540081977844
vt 0.030930999666452408 0.9489870071411133
vt 0.08625199645757675 0.8448410034179688
vt 0.09647300094366074 0.8432589769363403
vt 0.09581899642944336 0.8399059772491455
vt 0.08924199640750885 0.8957859873771667
vt 0.09237299859523773 0.8957359790802002
vt 0.08770100027322769 0.9479039907455444
vt 0.08475399762392044 0.9591720104217529
vt 0.08792900294065475 0.9591010212898254
vt 0.03207400068640709 0.8430899977684021
vt 0.026706000789999962 0.8959630131721497
vt 0.07304699718952179 0.8901609778404236
vt 0.07495199888944626 0.8685960173606873
vt 0.05495100095868111 0.8684890270233154
vt 0.056836001574993134 0.8901969790458679
vt 0.10281600058078766 0.8954470157623291
vt 0.04481299966573715 0.9593909978866577
vt 0.083917997777462 0.8315219879150391
vt 0.04511699825525284 0.8898890018463135
vt 0.0493599995970726 0.8619930148124695
vt 0.07983800023794174 0.9146490097045898
vt 0.04975700005888939 0.9151239991188049
vt 0.07991500198841095 0.8621709942817688
vt 0.08451999723911285 0.8896690011024475
vt 0.07439800351858139 0.9069229960441589
vt 0.05536099895834923 0.9075019955635071
vt 0.029691999778151512 0.9281949996948242
vt 0.04091700166463852 0.9274759888648987
vt 0.04453900083899498 0.9272390007972717
vt 0.04694699868559837 0.9052020311355591
vt 0.057075999677181244 0.9003239870071411
vt 0.07275199890136719 0.8999109864234924
vt 0.08269499987363815 0.9047709703445435
vt 0.08485399931669235 0.9268990159034729
vt 0.08850099891424179 0.9271699786186218
vt 0.09984900057315826 0.9279249906539917
vt 0.08809500187635422 0.9452099800109863
vt 0.09914600104093552 0.9456660151481628
vt 0.39813899993896484 0.7375589609146118
vt 0.4131839871406555 0.7436180114746094
vt 0.4168440103530884 0.7325699925422668
vt 0.4033290147781372 0.7270820140838623
vt 0.4308820068836212 0.7360470294952393
vt 0.4288040101528168 0.7472059726715088
vt 0.3841260075569153 0.7291669845581055
vt 0.39076700806617737 0.7196109890937805
vt 0.37153100967407227 0.7186570167541504
vt 0.37951400876045227 0.7102900147438049
vt 0.3607200086116791 0.7062690258026123
vt 0.3698889911174774 0.6993169784545898
vt 0.3520050048828125 0.6923109889030457
vt 0.36214399337768555 0.6869540214538574
vt 0.3456229865550995 0.6771309971809387
vt 0.35648998618125916 0.6735079884529114
vt 0.3417699933052063 0.661128044128418
vt 0.3530699908733368 0.6593270301818848
vt 0.3405719995498657 0.6447179913520813
vt 0.35199299454689026 0.6447839736938477
vt 0.34202200174331665 0.6283559799194336
vt 0.3532559871673584 0.6302709579467773
vt 0.34608399868011475 0.6124650239944458
vt 0.35682401061058044 0.6161730289459229
vt 0.3526040017604828 0.5974689722061157
vt 0.36258500814437866 0.6028590202331543
vt 0.36139699816703796 0.5837410092353821
vt 0.37038201093673706 0.5906690359115601
vt 0.37222400307655334 0.5716149806976318
vt 0.3799929916858673 0.5799070000648499
vt 0.3847529888153076 0.5613920092582703
vt 0.39115598797798157 0.5708290338516235
vt 0.3986760079860687 0.5532820224761963
vt 0.4035789966583252 0.5636290311813354
vt 0.4135890007019043 0.5474790334701538
vt 0.4169290065765381 0.5584360361099243
vt 0.4290800094604492 0.5440970063209534
vt 0.4308350086212158 0.5553020238876343
vt 0.44472798705101013 0.5432189702987671
vt 0.4448409974575043 0.5541759729385376
vt 0.4600510001182556 0.5449470281600952
vt 0.4583440124988556 0.5547969937324524
vt 0.4746460020542145 0.5494580268859863
vt 0.47041499614715576 0.5563650131225586
vt 0.4599139988422394 0.7462680339813232
vt 0.4704259932041168 0.7454320192337036
vt 0.4696890115737915 0.7381849884986877
vt 0.45821699500083923 0.7378909587860107
vt 0.44454100728034973 0.7481629848480225
vt 0.4449180066585541 0.7376469969749451
vt 0.3656519949436188 0.9090709686279297
vt 0.3686070144176483 0.8991320133209229
vt 0.3292109966278076 0.8843339681625366
vt 0.3247300088405609 0.893792986869812
vt 0.40839800238609314 0.9180600047111511
vt 0.40996500849723816 0.9078360199928284
vt 0.2924090027809143 0.8631979823112488
vt 0.2864769995212555 0.8719049692153931
vt 0.259209007024765 0.8364109992980957
vt 0.25192201137542725 0.8441219925880432
vt 0.23053400218486786 0.8045459985733032
vt 0.22204799950122833 0.8110470175743103
vt 0.20716899633407593 0.7683060169219971
vt 0.19766899943351746 0.7733920216560364
vt 0.18982400000095367 0.7285619974136353
vt 0.17951700091362 0.7320399880409241
vt 0.17913700640201569 0.686385989189148
vt 0.1682959944009781 0.6880450248718262
vt 0.17672300338745117 0.6430040001869202
vt 0.16583800315856934 0.6427710056304932
vt 0.181426003575325 0.59996497631073
vt 0.17083300650119781 0.5979369878768921
vt 0.19297100603580475 0.5585169792175293
vt 0.18294399976730347 0.5548269748687744
vt 0.21087799966335297 0.5197499990463257
vt 0.20166200399398804 0.5145419836044312
vt 0.2345300018787384 0.4846169948577881
vt 0.22633999586105347 0.47806501388549805
vt 0.26321500539779663 0.45390599966049194
vt 0.25621500611305237 0.44620901346206665
vt 0.29616600275039673 0.42825400829315186
vt 0.2904970049858093 0.4196169972419739
vt 0.3325299918651581 0.4081770181655884
vt 0.3282960057258606 0.398826003074646
vt 0.37134701013565063 0.39434099197387695
vt 0.36864200234413147 0.384522020816803
vt 0.4118480086326599 0.38658201694488525
vt 0.4106299877166748 0.3765299916267395
vt 0.4532949924468994 0.38497602939605713
vt 0.45345601439476013 0.37483298778533936
vt 0.49525099992752075 0.3896520137786865
vt 0.496722012758255 0.37930500507354736
vt 0.5374799966812134 0.40132302045822144
vt 0.5413200259208679 0.3894460201263428
vt 0.5481579899787903 0.9170659780502319
vt 0.5473150014877319 0.9047499895095825
vt 0.49728500843048096 0.9060050249099731
vt 0.4981060028076172 0.918283998966217
vt 0.4528450071811676 0.9103270173072815
vt 0.4524820148944855 0.9209079742431641
vt 0.488442987203598 0.556797981262207
vt 0.5762140154838562 0.4218999743461609
vt 0.34764599800109863 0.9703270196914673
vt 0.35098299384117126 0.9584910273551941
vt 0.30253300070762634 0.9409970045089722
vt 0.29727599024772644 0.9523879885673523
vt 0.3987079858779907 0.9805259704589844
vt 0.4004180133342743 0.9686269760131836
vt 0.25697600841522217 0.915431022644043
vt 0.24992799758911133 0.9259499907493591
vt 0.21567699313163757 0.8827530145645142
vt 0.20699499547481537 0.8921020030975342
vt 0.1797959953546524 0.8436880111694336
vt 0.1696619987487793 0.8516179919242859
vt 0.15026800334453583 0.7990120053291321
vt 0.13888299465179443 0.8052880167961121
vt 0.12798599898815155 0.7496559619903564
vt 0.11555200070142746 0.7540630102157593
vt 0.11396700143814087 0.6964429616928101
vt 0.10072200000286102 0.6986340284347534
vt 0.11130800098180771 0.6414229869842529
vt 0.09807100147008896 0.6409609913825989
vt 0.11790899932384491 0.5875419974327087
vt 0.1051430031657219 0.584915041923523
vt 0.13294200599193573 0.536141037940979
vt 0.12091699987649918 0.5315450429916382
vt 0.15576599538326263 0.4883139729499817
vt 0.14474999904632568 0.48191797733306885
vt 0.18561500310897827 0.44519102573394775
vt 0.17586299777030945 0.4372180104255676
vt 0.2214689999818802 0.4076840281486511
vt 0.21316200494766235 0.39837801456451416
vt 0.26237401366233826 0.37647801637649536
vt 0.2556619942188263 0.3660770058631897
vt 0.30731400847435 0.35219597816467285
vt 0.3023329973220825 0.34096598625183105
vt 0.3552820086479187 0.33562999963760376
vt 0.3521830141544342 0.32387298345565796
vt 0.4045639932155609 0.32659298181533813
vt 0.40323498845100403 0.3146839737892151
vt 0.4539110064506531 0.3246060013771057
vt 0.4541339874267578 0.3128179907798767
vt 0.5024160146713257 0.3285220265388489
vt 0.503715991973877 0.31697797775268555
vt 0.5504930019378662 0.33600497245788574
vt 0.551522970199585 0.32425999641418457
vt 0.5479599833488464 0.9846699833869934
vt 0.5487539768218994 0.9726769924163818
vt 0.4986779987812042 0.9727290272712708
vt 0.49863800406455994 0.9845479726791382
vt 0.44971901178359985 0.9726219773292542
vt 0.44918501377105713 0.9844239950180054
vt 0.7289959788322449 0.6068190336227417
vt 0.7229059934616089 0.5855029821395874
vt 0.6739010214805603 0.6085619926452637
vt 0.6853960156440735 0.6276990175247192
vt 0.6326320171356201 0.6432299613952637
vt 0.6488239765167236 0.6587870121002197
vt 0.6016730070114136 0.6871899962425232
vt 0.6214630007743835 0.6979930400848389
vt 0.5830159783363342 0.7375320196151733
vt 0.6050009727478027 0.7427560091018677
vt 0.5778419971466064 0.790930986404419
vt 0.6004350185394287 0.7901750206947327
vt 0.5864710211753845 0.8439099788665771
vt 0.6080380082130432 0.8372430205345154
vt 0.6084120273590088 0.8930339813232422
vt 0.6274129748344421 0.8809869885444641
vt 0.6423649787902832 0.9349740147590637
vt 0.6574980020523071 0.9184510111808777
vt 0.6861060261726379 0.9667620062828064
vt 0.6963769793510437 0.9469580054283142
vt 0.7366390228271484 0.9862149953842163
vt 0.7413859963417053 0.9645199775695801
vt 0.7906849980354309 0.9919599890708923
vt 0.7896599769592285 0.9698600172996521
vt 0.8445240259170532 0.9832429885864258
vt 0.837893009185791 0.9622079730033875
vt 0.8939639925956726 0.9608200192451477
vt 0.882070004940033 0.9422190189361572
vt 0.9359700083732605 0.9265009760856628
vt 0.9196760058403015 0.9115869998931885
vt 0.9677940011024475 0.8824679851531982
vt 0.9482430219650269 0.8722500205039978
vt 0.9872599840164185 0.8315650224685669
vt 0.9658049941062927 0.8266879916191101
vt 0.9927530288696289 0.7771070003509521
vt 0.9708489775657654 0.7778469920158386
vt 0.9836249947547913 0.7232829928398132
vt 0.9625800251960754 0.7296420335769653
vt 0.9609940052032471 0.6738179922103882
vt 0.9422500133514404 0.6853649616241455
vt 0.9264410138130188 0.6318550109863281
vt 0.9112939834594727 0.647812008857727
vt 0.882224977016449 0.6001949906349182
vt 0.871707022190094 0.6194620132446289
vt 0.8312299847602844 0.5809569954872131
vt 0.8260849714279175 0.6022590398788452
vt 0.7766259908676147 0.5758930444717407
vt 0.7770490050315857 0.5979219675064087
vt 0.7842879891395569 0.7840459942817688
vt 0.7236160039901733 0.8024910092353821
vt 0.7304009795188904 0.8175989985466003
vt 0.7209299802780151 0.78615403175354
vt 0.7225099802017212 0.769677996635437
vt 0.7282590270042419 0.7541549801826477
vt 0.7378039956092834 0.7406209707260132
vt 0.7505149841308594 0.7299879789352417
vt 0.7655500173568726 0.722985029220581
vt 0.7818779945373535 0.72011399269104
vt 0.7983689904212952 0.7216010093688965
vt 0.8138719797134399 0.7273730039596558
vt 0.827580988407135 0.7371549606323242
vt 0.8383070230484009 0.7501139640808105
vt 0.8453429937362671 0.7653579711914062
vt 0.8482019901275635 0.7818790078163147
vt 0.8464270234107971 0.7985900044441223
vt 0.840412974357605 0.8142820000648499
vt 0.830564022064209 0.8279039859771729
vt 0.8175539970397949 0.8385400176048279
vt 0.8024790287017822 0.8453310132026672
vt 0.7861449718475342 0.8479310274124146
vt 0.7696849703788757 0.8461810350418091
vt 0.7542309761047363 0.8402209877967834
vt 0.7408369779586792 0.830469012260437
vt 0.6484240293502808 0.8251110315322876
vt 0.6633849740028381 0.8588460087776184
vt 0.6425409913063049 0.7887910008430481
vt 0.6460549831390381 0.7521979808807373
vt 0.6587470173835754 0.7176510095596313
vt 0.6798530220985413 0.6873829960823059
vt 0.7080850005149841 0.6633790135383606
vt 0.7417399883270264 0.6472979784011841
vt 0.7787219882011414 0.6404510140419006
vt 0.816398024559021 0.6435689926147461
vt 0.8516449928283691 0.6568759679794312
vt 0.8822680115699768 0.6787940263748169
vt 0.9062240123748779 0.7078449726104736
vt 0.921949028968811 0.7421050071716309
vt 0.9283469915390015 0.7793570160865784
vt 0.9243819713592529 0.8169440031051636
vt 0.9108279943466187 0.8521379828453064
vt 0.888742983341217 0.882544994354248
vt 0.8596640229225159 0.9062460064888
vt 0.8255280256271362 0.9216910004615784
vt 0.7884169816970825 0.927416980266571
vt 0.7512360215187073 0.9232879877090454
vt 0.7165349721908569 0.9097279906272888
vt 0.6865820288658142 0.8877260088920593
vt 0.40838998556137085 0.5963500142097473
vt 0.4169529974460602 0.5918020009994507
vt 0.4008580148220062 0.6021900177001953
vt 0.39447298645973206 0.6091970205307007
vt 0.3893420100212097 0.6172069907188416
vt 0.385576993227005 0.6259889602661133
vt 0.38326698541641235 0.6353020071983337
vt 0.38245001435279846 0.6448860168457031
vt 0.38317200541496277 0.6544690132141113
vt 0.38542500138282776 0.6637740135192871
vt 0.3891820013523102 0.6725590229034424
vt 0.39438098669052124 0.6805639863014221
vt 0.40094199776649475 0.6876150369644165
vt 0.4087570011615753 0.693560004234314
vt 0.41769999265670776 0.6983200311660767
vt 0.42760199308395386 0.7019100189208984
vt 0.4382930099964142 0.7044439911842346
vt 0.4495069980621338 0.706151008605957
vt 0.46094098687171936 0.7073389887809753
vt 0.47231999039649963 0.7083500027656555
vt 0.45857399702072144 0.585487961769104
vt 0.4697830080986023 0.5857279896736145
vt 0.44744598865509033 0.5856419801712036
vt 0.43664801120758057 0.586571991443634
vt 0.42642098665237427 0.58856600522995
vt 0.8369969725608826 0.010859012603759766
vt 0.821694016456604 0.010869026184082031
vt 0.834784984588623 0.30676597356796265
vt 0.8522809743881226 0.010857999324798584
vt 0.8523949980735779 0.30743300914764404
vt 0.8675600290298462 0.010860979557037354
vt 0.8698379993438721 0.3067460060119629
vt 0.8828700184822083 0.01079702377319336
vt 0.8064299821853638 0.007341980934143066
vt 0.791155993938446 0.00735098123550415
vt 0.791155993938446 0.01093202829360962
vt 0.8064360022544861 0.01091998815536499
vt 0.791159987449646 0.4170460104942322
vt 0.8064380288124084 0.41704899072647095
vt 0.8064410090446472 0.41346800327301025
vt 0.7911620140075684 0.4134629964828491
vt 0.821707010269165 0.007308006286621094
vt 0.8217089772224426 0.41705501079559326
vt 0.8217030167579651 0.41348499059677124
vt 0.8369920253753662 0.007272005081176758
vt 0.8370260000228882 0.41714000701904297
vt 0.8370469808578491 0.41354697942733765
vt 0.8522819876670837 0.007273972034454346
vt 0.8524259924888611 0.4172250032424927
vt 0.8524199724197388 0.4136289954185486
vt 0.867559015750885 0.007278025150299072
vt 0.8678280115127563 0.41709601879119873
vt 0.8677989840507507 0.4135090112686157
vt 0.882839024066925 0.007265985012054443
vt 0.8831170201301575 0.41698402166366577
vt 0.8831220269203186 0.4134259819984436
vt 0.8981199860572815 0.007336020469665527
vt 0.8981080055236816 0.010914981365203857
vt 0.8983780145645142 0.4169579744338989
vt 0.8983780145645142 0.41338998079299927
vt 0.9133809804916382 0.007337987422943115
vt 0.9133849740028381 0.010914027690887451
vt 0.9136520028114319 0.4169579744338989
vt 0.9136540293693542 0.41337698698043823
vt 0.9286530017852783 0.007323026657104492
vt 0.9286620020866394 0.010905027389526367
vt 0.9289349913597107 0.4169520139694214
vt 0.9289339780807495 0.41336601972579956
vt 0.9439370036125183 0.0073149800300598145
vt 0.9439370036125183 0.010895013809204102
vt 0.9442200064659119 0.41694098711013794
vt 0.9442129731178284 0.4133530259132385
vt 0.959214985370636 0.007297992706298828
vt 0.9592120051383972 0.010883986949920654
vt 0.9595040082931519 0.41692501306533813
vt 0.959492027759552 0.4133409857749939
vt 0.9744700193405151 0.007350027561187744
vt 0.9744899868965149 0.01087498664855957
vt 0.9747539758682251 0.4168670177459717
vt 0.9747700095176697 0.41333597898483276
vt 0.9892789721488953 0.007260024547576904
vt 0.9897750020027161 0.01084601879119873
vt 0.9895679950714111 0.41693198680877686
vt 0.9900540113449097 0.4133470058441162
vt 0.6383950114250183 0.007418990135192871
vt 0.6235690116882324 0.00734102725982666
vt 0.6230819821357727 0.01093202829360962
vt 0.6383680105209351 0.010950028896331787
vt 0.6235759854316711 0.41704899072647095
vt 0.6383939981460571 0.41697800159454346
vt 0.6383690237998962 0.41344600915908813
vt 0.6230840086936951 0.4134629964828491
vt 0.6536350250244141 0.0073639750480651855
vt 0.6536440253257751 0.010949015617370605
vt 0.6536440253257751 0.41702502965927124
vt 0.6536489725112915 0.41344499588012695
vt 0.6689140200614929 0.007360994815826416
vt 0.6689209938049316 0.010946989059448242
vt 0.6689260005950928 0.4170299768447876
vt 0.6689280271530151 0.41344600915908813
vt 0.6842089891433716 0.007354021072387695
vt 0.6842020153999329 0.010946989059448242
vt 0.6842079758644104 0.4170309901237488
vt 0.684207022190094 0.41344600915908813
vt 0.6994850039482117 0.0073639750480651855
vt 0.6994810104370117 0.010948002338409424
vt 0.6994860172271729 0.4170309901237488
vt 0.6994850039482117 0.4134470224380493
vt 0.7147520184516907 0.007368981838226318
vt 0.7147579789161682 0.010950028896331787
vt 0.7147629857063293 0.4170309901237488
vt 0.7147639989852905 0.4134470224380493
vt 0.7300379872322083 0.007360994815826416
vt 0.7300390005111694 0.010949015617370605
vt 0.7300429940223694 0.41703498363494873
vt 0.7300429940223694 0.4134489893913269
vt 0.7453209757804871 0.007360994815826416
vt 0.7453190088272095 0.010946989059448242
vt 0.7453230023384094 0.4170359969139099
vt 0.7453240156173706 0.41345202922821045
vt 0.7605999708175659 0.0073639750480651855
vt 0.7605990171432495 0.010945022106170654
vt 0.7606019973754883 0.4170389771461487
vt 0.7606040239334106 0.4134560227394104
vt 0.7758749723434448 0.007357001304626465
vt 0.7758780121803284 0.010940015316009521
vt 0.775879979133606 0.41704100370407104
vt 0.7758820056915283 0.41345900297164917
vt 0.5752729773521423 0.232837975025177
vt 0.5799279808998108 0.2338780164718628
vt 0.5824229717254639 0.21410298347473145
vt 0.5778049826622009 0.2141510248184204
vt 0.5700209736824036 0.25060200691223145
vt 0.5739399790763855 0.2527310252189636
vt 0.5582450032234192 0.2655329704284668
vt 0.5615829825401306 0.26885199546813965
vt 0.5799059867858887 0.19438201189041138
vt 0.5754590034484863 0.19556498527526855
vt 0.5429369807243347 0.2769860029220581
vt 0.5452709794044495 0.28110599517822266
vt 0.5252159833908081 0.28405600786209106
vt 0.5263670086860657 0.2886059880256653
vt 0.5063660144805908 0.28629201650619507
vt 0.5062940120697021 0.29095399379730225
vt 0.48766401410102844 0.28363001346588135
vt 0.4864189922809601 0.2880970239639282
vt 0.4703249931335449 0.27630800008773804
vt 0.467972993850708 0.28029000759124756
vt 0.4554330110549927 0.2647799849510193
vt 0.4521529972553253 0.2680469751358032
vt 0.4440099895000458 0.24984097480773926
vt 0.4399990141391754 0.25215697288513184
vt 0.436830997467041 0.23250502347946167
vt 0.43233901262283325 0.23368597030639648
vt 0.4343720078468323 0.21389400959014893
vt 0.429720014333725 0.2138890027999878
vt 0.43683698773384094 0.19529497623443604
vt 0.4323570132255554 0.19409501552581787
vt 0.4440470039844513 0.1779789924621582
vt 0.4400259852409363 0.17564499378204346
vt 0.45548900961875916 0.16308200359344482
vt 0.4522109925746918 0.1597999930381775
vt 0.47039100527763367 0.15164101123809814
vt 0.46807000041007996 0.14762699604034424
vt 0.48773398995399475 0.14445197582244873
vt 0.4865260124206543 0.13995599746704102
vt 0.5063470005989075 0.1420000195503235
vt 0.5063440203666687 0.13733798265457153
vt 0.5249590277671814 0.14448702335357666
vt 0.5261690020561218 0.1399959921836853
vt 0.5422940254211426 0.15175098180770874
vt 0.544638991355896 0.14771699905395508
vt 0.5571380257606506 0.16328102350234985
vt 0.5604609847068787 0.16001302003860474
vt 0.5684390068054199 0.17824000120162964
vt 0.5724509954452515 0.17596900463104248
vt 0.5819169878959656 0.25697898864746094
vt 0.5888829827308655 0.2358970046043396
vt 0.5914869904518127 0.2140049934387207
vt 0.5682129859924316 0.2753959894180298
vt 0.5498650074005127 0.28922897577285767
vt 0.5286170244216919 0.2975980043411255
vt 0.506138026714325 0.30014097690582275
vt 0.48395100235939026 0.2968909740447998
vt 0.46337199211120605 0.28817200660705566
vt 0.4456770122051239 0.2744789719581604
vt 0.4320800006389618 0.25670701265335083
vt 0.4235149919986725 0.23605400323867798
vt 0.42057400941848755 0.2138800024986267
vt 0.4235289990901947 0.19171100854873657
vt 0.4321179986000061 0.17107397317886353
vt 0.44574999809265137 0.15333598852157593
vt 0.46349701285362244 0.1397089958190918
vt 0.4841519892215729 0.13112598657608032
vt 0.5063430070877075 0.12818002700805664
vt 0.528548002243042 0.13114100694656372
vt 0.5492579936981201 0.13978499174118042
vt 0.5670049786567688 0.15360397100448608
vt 0.5803819894790649 0.1715099811553955
vt 0.5886560082435608 0.19205200672149658
vt 0.8557990193367004 0.47184401750564575
vt 0.8393999934196472 0.4764469861984253
vt 0.84101402759552 0.4825599789619446
vt 0.8575929999351501 0.47794997692108154
vt 0.8741769790649414 0.47290199995040894
vt 0.8722310066223145 0.4667789936065674
vt 0.8887320160865784 0.46135497093200684
vt 0.8907880187034607 0.46749597787857056
vt 0.9053080081939697 0.4556739926338196
vt 0.9074410200119019 0.46183401346206665
vt 0.9219260215759277 0.44983500242233276
vt 0.9241099953651428 0.4559900164604187
vt 0.9385150074958801 0.443835973739624
vt 0.9407569766044617 0.44999897480010986
vt 0.9551839828491211 0.43773502111434937
vt 0.9574090242385864 0.4439219832420349
vt 0.971517026424408 0.4322810173034668
vt 0.9736070036888123 0.4380649924278259
vt 0.5678979754447937 0.482928991317749
vt 0.5485849976539612 0.4821860194206238
vt 0.5481539964675903 0.4890739917755127
vt 0.567451000213623 0.49026602506637573
vt 0.5876659750938416 0.4842270016670227
vt 0.5872169733047485 0.4915429949760437
vt 0.6074349880218506 0.4855039715766907
vt 0.6069930195808411 0.49280399084091187
vt 0.6271889805793762 0.4867990016937256
vt 0.6267250180244446 0.4940599799156189
vt 0.6467689871788025 0.4881089925765991
vt 0.6463119983673096 0.49528801441192627
vt 0.6660550236701965 0.4893699884414673
vt 0.6656299829483032 0.496429979801178
vt 0.6849370002746582 0.4904729723930359
vt 0.6846020221710205 0.49738097190856934
vt 0.7033560276031494 0.4912629723548889
vt 0.7031639814376831 0.49801599979400635
vt 0.7213220000267029 0.49158698320388794
vt 0.7213240265846252 0.49818897247314453
vt 0.7389019727706909 0.4913340210914612
vt 0.7391250133514404 0.49782001972198486
vt 0.756164014339447 0.49046701192855835
vt 0.7566180229187012 0.49684298038482666
vt 0.7731540203094482 0.48895198106765747
vt 0.7738509774208069 0.49524998664855957
vt 0.7899249792098999 0.4867900013923645
vt 0.7908579707145691 0.49300599098205566
vt 0.8065199851989746 0.48396801948547363
vt 0.8076949715614319 0.4901379942893982
vt 0.8229929804801941 0.48051297664642334
vt 0.8243929743766785 0.4866359829902649
vt 0.5063980221748352 0.21412497758865356
vt 0.8702319860458374 0.4605739712715149
vt 0.8539559841156006 0.4656680226325989
vt 0.886614978313446 0.4551119804382324
vt 0.9031180143356323 0.4493979811668396
vt 0.9196850061416626 0.4435570240020752
vt 0.9362030029296875 0.43753498792648315
vt 0.9529719948768616 0.43129998445510864
vt 0.9703440070152283 0.4257439970970154
vt 0.5682629942893982 0.47530198097229004
vt 0.5478190183639526 0.47468799352645874
vt 0.5881400108337402 0.47673499584198
vt 0.6079080104827881 0.47802501916885376
vt 0.6276940107345581 0.4793519973754883
vt 0.6472910046577454 0.4807549715042114
vt 0.6665520071983337 0.48215997219085693
vt 0.6853539943695068 0.483443021774292
vt 0.7036219835281372 0.4844229817390442
vt 0.7213829755783081 0.4849129915237427
vt 0.7387279868125916 0.48479902744293213
vt 0.7557420134544373 0.4840400218963623
vt 0.7724810242652893 0.48262202739715576
vt 0.7889959812164307 0.48052799701690674
vt 0.8053410053253174 0.4777659773826599
vt 0.8215699791908264 0.47433900833129883
vt 0.837755024433136 0.47028499841690063
vt 0.9309539794921875 0.5308979749679565
vt 0.9282039999961853 0.5230779647827148
vt 0.9107800126075745 0.5290700197219849
vt 0.913453996181488 0.5369750261306763
vt 0.9482690095901489 0.5246620178222656
vt 0.9454519748687744 0.516929030418396
vt 0.9653679728507996 0.5182780027389526
vt 0.9625110030174255 0.5106619596481323
vt 0.9821289777755737 0.5118489861488342
vt 0.9793379902839661 0.5043900012969971
vt 0.998458981513977 0.5057500004768372
vt 0.9957090020179749 0.49847298860549927
vt 0.5624949932098389 0.5711150169372559
vt 0.5629760026931763 0.5621809959411621
vt 0.543379008769989 0.5612629652023315
vt 0.5428829789161682 0.5700830221176147
vt 0.5830000042915344 0.563293993473053
vt 0.5824819803237915 0.5723190307617188
vt 0.6031110286712646 0.5643889904022217
vt 0.6026189923286438 0.5734559893608093
vt 0.6228320002555847 0.5745049715042114
vt 0.6232659816741943 0.5654039978981018
vt 0.6431350111961365 0.5753729939460754
vt 0.6434609889984131 0.5662490129470825
vt 0.6634529829025269 0.5759490132331848
vt 0.663640022277832 0.5668330192565918
vt 0.6837469935417175 0.5761829614639282
vt 0.6837570071220398 0.5670819878578186
vt 0.7040020227432251 0.5759530067443848
vt 0.7037879824638367 0.5668990015983582
vt 0.7241290211677551 0.5751780271530151
vt 0.723671019077301 0.5662009716033936
vt 0.7440739870071411 0.5738509893417358
vt 0.7433670163154602 0.5649609565734863
vt 0.7638170123100281 0.5719599723815918
vt 0.7628570199012756 0.5631679892539978
vt 0.7833539843559265 0.5695120096206665
vt 0.7821379899978638 0.5608019828796387
vt 0.8027120232582092 0.566478967666626
vt 0.8012290000915527 0.5578600168228149
vt 0.8218700289726257 0.5628290176391602
vt 0.8201119899749756 0.5543049573898315
vt 0.8407679796218872 0.558571994304657
vt 0.8387579917907715 0.5501710176467896
vt 0.8593819737434387 0.5537799596786499
vt 0.8571460247039795 0.5455009937286377
vt 0.877705991268158 0.5485230088233948
vt 0.8752790093421936 0.5403740406036377
vt 0.8957279920578003 0.5428799986839294
vt 0.8931519985198975 0.5348609685897827
vt 0.8921880125999451 0.47170400619506836
vt 0.9088900089263916 0.46604400873184204
vt 0.9266840219497681 0.5187200307846069
vt 0.9093040227890015 0.5246670246124268
vt 0.9255949854850769 0.46019798517227173
vt 0.9438930153846741 0.5126129984855652
vt 0.9422789812088013 0.4542049765586853
vt 0.9609360098838806 0.506401002407074
vt 0.9589710235595703 0.44812101125717163
vt 0.9778199791908264 0.500190019607544
vt 0.9757310152053833 0.44195497035980225
vt 0.9947310090065002 0.4941070079803467
vt 0.5470749735832214 0.49390697479248047
vt 0.567080020904541 0.49525898694992065
vt 0.5632069706916809 0.5571579933166504
vt 0.5429970026016235 0.5561599731445312
vt 0.586912989616394 0.496537983417511
vt 0.5832870006561279 0.5582469701766968
vt 0.6066949963569641 0.4977859854698181
vt 0.6033840179443359 0.5593259930610657
vt 0.6264320015907288 0.4990149736404419
vt 0.6235100030899048 0.5603280067443848
vt 0.6460199952125549 0.5001950263977051
vt 0.6436480283737183 0.5611699819564819
vt 0.6653760075569153 0.5012600421905518
vt 0.6637499928474426 0.5617600083351135
vt 0.6844040155410767 0.5021220445632935
vt 0.683775007724762 0.5620279908180237
vt 0.7030699849128723 0.5026530027389526
vt 0.7036830186843872 0.5618749856948853
vt 0.7213580012321472 0.5027400255203247
vt 0.7234339714050293 0.5612260103225708
vt 0.7393050193786621 0.5022839903831482
vt 0.7429909706115723 0.5600429773330688
vt 0.7569550275802612 0.5012500286102295
vt 0.7623379826545715 0.5582959651947021
vt 0.7743409872055054 0.4995869994163513
vt 0.7814800143241882 0.5559880137443542
vt 0.7915149927139282 0.49730801582336426
vt 0.8004189729690552 0.5530819892883301
vt 0.8085029721260071 0.4943860173225403
vt 0.8191540241241455 0.5495929718017578
vt 0.8253600001335144 0.4908660054206848
vt 0.8376569747924805 0.5455139875411987
vt 0.8421120047569275 0.48676198720932007
vt 0.8559229969978333 0.5409159660339355
vt 0.8588190078735352 0.4821529984474182
vt 0.873947024345398 0.5358489751815796
vt 0.8754969835281372 0.47710102796554565
vt 0.8917369842529297 0.5304039716720581
vt 0.8699910044670105 0.3865870237350464
vt 0.8348039984703064 0.3866400122642517
vt 0.8524050116539001 0.38669002056121826
vt 0.9728389978408813 0.6308469772338867
vt 0.9573540091514587 0.5417500138282776
vt 0.9399600028991699 0.544605016708374
vt 0.9559450149536133 0.6335840225219727
vt 0.97434401512146 0.5387459993362427
vt 0.9896389842033386 0.6277439594268799
vt 0.8378260135650635 0.30906200408935547
vt 0.8523929715156555 0.3103100061416626
vt 0.8378570079803467 0.38439202308654785
vt 0.8524100184440613 0.3838300108909607
vt 0.8666769862174988 0.30912697315216064
vt 0.8669260144233704 0.3843439817428589
vt 0.9560319781303406 0.5340560078620911
vt 0.9342929720878601 0.5438200235366821
vt 0.9509400129318237 0.6361620426177979
vt 0.9741399884223938 0.6383329629898071
vt 0.9793959856033325 0.5360410213470459
vt 0.9952179789543152 0.6284680366516113
vt 0.6628550291061401 0.9128479957580566
vt 0.63400799036026 0.8769670128822327
vt 0.6154149770736694 0.835049033164978
vt 0.6081129908561707 0.7899280190467834
vt 0.6124910116195679 0.7444649934768677
vt 0.6282839775085449 0.7015550136566162
vt 0.6545330286026001 0.6639840006828308
vt 0.6896119713783264 0.6342149972915649
vt 0.7314069867134094 0.6142619848251343
vt 0.777417004108429 0.6058019995689392
vt 0.824338972568512 0.6099399924278259
vt 0.8680109977722168 0.6263790130615234
vt 0.9059410095214844 0.6535420417785645
vt 0.9356020092964172 0.6895300149917603
vt 0.9550719857215881 0.731963038444519
vt 0.9629719853401184 0.7781080007553101
vt 0.958141028881073 0.8248530030250549
vt 0.9413459897041321 0.8685060143470764
vt 0.9139900207519531 0.9062139987945557
vt 0.8779600262641907 0.9355790019035339
vt 0.8356500267982483 0.9547060132026672
vt 0.7894719839096069 0.9620260000228882
vt 0.7432420253753662 0.9569460153579712
vt 0.700115978717804 0.9401450157165527
vt 0.6209279894828796 0.7464879751205444
vt 0.6167899966239929 0.7896230220794678
vt 0.6358420252799988 0.7057360410690308
vt 0.6606590151786804 0.6699780225753784
vt 0.693880021572113 0.6415320038795471
vt 0.7335780262947083 0.6223030090332031
vt 0.7774919867515564 0.6139869689941406
vt 0.8224459886550903 0.6178510189056396
vt 0.864113986492157 0.6335849761962891
vt 0.9003040194511414 0.6595070362091064
vt 0.9286109805107117 0.6938270330429077
vt 0.9472360014915466 0.7342939972877502
vt 0.9548749923706055 0.7783719897270203
vt 0.950177013874054 0.8230929970741272
vt 0.934037983417511 0.8647329807281494
vt 0.9078800082206726 0.9006440043449402
vt 0.8735030293464661 0.9285929799079895
vt 0.833184003829956 0.9468309879302979
vt 0.7890409827232361 0.9537519812583923
vt 0.7449690103530884 0.948747992515564
vt 0.7039539813995361 0.9326120018959045
vt 0.6685609817504883 0.9065219759941101
vt 0.641228973865509 0.8723120093345642
vt 0.6236699819564819 0.8324490189552307
vn -0.7651753060733001 -0.2941601961318345 -0.572692351954618
vn -0.7651754878570984 -0.5410959309047088 -0.3488863229492064
vn -1 -1.0028297622161223e-24 4.5163437434325715e-9
vn -0.7651755257703836 0.03159590083634034 -0.6430459655517305
vn -0.7651747941226003 0.34888603736394874 -0.5410970960667942
vn -0.7651752418313539 0.5726924080884959 -0.29416025395374007
vn -0.7651757437999119 0.6430457099984035 0.031595821763333955
vn -0.7651747941226003 0.5410970960667942 0.34888603736394874
vn -0.7651751493316851 0.2941606585402419 0.5726923238636996
vn -0.765175580165195 -0.03159588572005287 0.6430459015687934
vn -0.7651749955381038 -0.34888557083210375 0.5410971120496025
vn -0.7651757052465432 -0.5726916231824863 0.29416057661941075
vn -0.7651757208663786 -0.6430457503299432 -0.03159555632075922
vn -0.3833580368463809 -0.5254983379063053 -0.7595315085254853
vn -0.383359121285261 -0.8348602967405685 -0.39502413730510505
vn -0.3833592738571853 -0.0753298473906867 -0.920522178570287
vn -0.38335618435970753 0.39502465785987056 -0.8348613990333114
vn -0.3833569455583469 0.7595312932475483 -0.5254994451661026
vn -0.3833598671651122 0.920521885928065 -0.07533040405165635
vn -0.3833590152712975 0.8348597890348857 0.39502531319251827
vn -0.38335554919637943 0.5255001067761864 0.7595315402789793
vn -0.3833585815191951 0.07532978483878058 0.9205224720188712
vn -0.383358839981875 -0.39502433334764053 0.8348603331522007
vn -0.38335885966280925 -0.7595301145398162 0.5254997524501456
vn -0.3833597909497134 -0.9205219772082416 0.07532967648690551
vn 0 -0.8181097117235696 -0.5750621701899525
vn 0 -0.4209747786469639 -0.9070723431695732
vn 0.1937397529077733 -0.4974381522076434 -0.8455886664753024
vn 0.1937400061873731 -0.8535877286700643 -0.4835832911364881
vn 0 0.08896292374700687 -0.9960349382418191
vn 0.19373990241705963 -0.007999672408414562 -0.9810203134761207
vn 0 0.5750613312609081 -0.818110301419333
vn 0.193738008653648 0.4835836766243113 -0.8535879636601211
vn 0 0.9070719164424951 -0.4209756981125389
vn 0.1937400110699131 0.8455877935405629 -0.49743953554762044
vn 0 0.9659254327178869 -0.25882051392569955
vn 0 0.9659254327178869 -0.25882051392569955
vn 0 0.9659254327178866 0.25882051392569994
vn 0 0.8181093691224339 0.5750626575896691
vn 0.19373877524335845 0.8535878140593487 0.48358363356981615
vn 0.28862672603282086 0.9492007945013905 0.12534937071044275
vn 0 0.4209753846240912 0.9070720619336693
vn 0.19373836684476609 0.4974383899713696 0.8455888441760655
vn 0 -0.08896285722248568 0.9960349441835923
vn 0.19374024359652528 0.007999679795108508 0.9810202460369178
vn 0 -0.5750609516898462 0.8181105682250831
vn 0.19373950540842486 -0.48358270971818446 0.8535881717231778
vn 0 -0.907072500040562 0.42097444063762907
vn 0.19374006384789155 -0.845588300187037 0.49743865375241214
vn 0 -0.9960350161447201 -0.08896205153652335
vn 0.1937405997615515 -0.9810201790251091 0.00799927181543325
vn 0.540502151876245 -0.43985172935972033 -0.7172083937018666
vn 0.5405031849210454 -0.739526446656776 -0.4011943940104458
vn 0.5405032941426114 -0.022319869473446025 -0.8410457849889468
vn 0.5405018020074965 0.40119446006535575 -0.7395274215602264
vn 0.5405005444459426 0.7172088730535202 -0.4398529229946519
vn 0.5405021191876137 0.8410465533738785 -0.022319368530908407
vn 0.5405024250357356 0.7395271008494949 0.40119421187204335
vn 0.5405017502566071 0.4398521891000228 0.7172084144190322
vn 0.5405029475049692 0.02231988422973825 0.8410460073660725
vn 0.540502563144236 -0.4011938682723214 0.7395271863124456
vn 0.5405031529048427 -0.7172070856308002 0.43985263216320347
vn 0.5405037203316819 -0.841045527364499 0.022319256434367666
vn 0.7917054291923786 -0.3333243428138356 -0.5119544861362545
vn 0.7917057818364291 -0.5446446911241423 -0.27670221436962905
vn 0.7917056303781301 -0.03269106613086919 -0.6100274494010861
vn 0.7917061744129545 0.27670143986240164 -0.5446445139487573
vn 0.7917060674192792 0.5119529636912804 -0.33332516523541145
vn 0.7917055718403837 0.6100275235056862 -0.03269110096663299
vn 0.7917053606920897 0.5446445878240855 0.27670362268199516
vn 0.7917058276216737 0.3333245137112265 0.5119537587214834
vn 0.791705631727965 0.03269101403254079 0.610027450441165
vn 0.791705506419383 -0.2767022312409409 0.5446450829040077
vn 0.7917055475483717 -0.5119535108486394 0.3333255596423487
vn 0.7917053495338217 -0.610027833943581 0.032690691850007766
vn 0.9356124896019464 -0.20891184879058344 -0.2845788269280557
vn 0.9356124089669876 -0.32321267244256197 -0.14199643854522392
vn 0.9356125119385299 -0.03863341784291368 -0.35090837341085096
vn 0.9356125338185645 0.14199597161047328 -0.3232125161685473
vn 0.9356126548332137 0.28457782764724315 -0.20891247001440982
vn 0.9356129376784754 0.3509071845087007 -0.03863390620724305
vn 0.9356127355953527 0.32321169884773626 0.1419965024912264
vn 0.9356125480575574 0.20891195284214423 0.2845785583576639
vn 0.9356125489898959 0.03863340946106064 0.3509082755451114
vn 0.9356125534076568 -0.14199569146139027 0.3232125825403556
vn 0.9356124881120019 -0.28457830816257546 0.20891256212156145
vn 0.9356124705782162 -0.3509084696604927 0.038633545256135014
vn 1 1.8097811027573126e-9 1.8097811027573134e-9
vn -0.15106889330817821 0.9828718721954691 -0.10555127816192286
vn -0.9874421022417221 0.1368710799178088 -0.07889488071212708
vn -0.9893618306736278 0.14357809214393052 0.02342006538070926
vn -0.04990065034365152 0.9898364275159537 0.13316820888536063
vn -0.042003149546890634 0.09890747598446463 0.9942097598708856
vn -0.9962381707724792 -1.9241810864363242e-17 0.08665741223867986
vn -0.7801308366798508 -1.3891474596663217e-16 0.6256163981715918
vn 0 0.20516692380257365 0.9787269963464731
vn 0 0.9336965767571063 0.3580652210869711
vn 0.9893618306736278 0.14357809214393052 -0.023420065380709197
vn 0.06887458485260683 0.995761009137528 -0.060961498035999685
vn 0.08361759396166436 0.9962964194445109 0.020038527443636395
vn 0.9896332769350923 0.14361746823667074 3.1889483994944787e-17
vn 0.7786242430201117 0.06211831369015036 0.624408202449047
vn 0.10103410659454443 0.282207672772892 0.9540183115290557
vn 0.12225153010799727 -2.2037908172127072e-16 0.9924991503201669
vn 0.7801308366798508 -1.3891474596663217e-16 0.6256163981715918
vn -0.021139735119860562 0.17803200880522155 -0.9837975988178868
vn -0.08145506467938955 2.213067540567895e-16 -0.9966770151047312
vn -0.7801308366798508 1.3891474596663217e-16 -0.6256163981715918
vn 0 0.9420949735209633 -0.3353461806350799
vn 0 0.2255365290812572 -0.97423471199192
vn 0.7786242430201117 0.06211831369015064 -0.624408202449047
vn 0.9962381707724792 1.9241810864363242e-17 -0.08665741223867986
vn 0.7801308366798508 1.3891474596663217e-16 -0.6256163981715918
vn 0 -2.220446049250313e-16 1
vn 0 -2.220446049250313e-16 1
vn -0.1964695870974488 0.911258922151063 -0.361948723089115
vn -0.5164082898710728 0.6553900562105471 -0.5511681706818436
vn -0.38651206560933643 0.9099387402093269 0.1503991762100687
vn -0.10893719661084036 0.8373069180764384 0.5357702979224469
vn 0 2.220446049250313e-16 -1
vn 1 0 0
vn -1 0 0
vn 0 0.5966944846231801 0.8024684990828473
vn -0.41333677939763946 0.6788478423891864 0.606892341095794
vn 0.15040034986563183 0.9812079899229904 -0.12087437806077823
vn 0.50399882525828 0.8590336003521389 0.0897020490530486
vn -0.15287175626255745 0.9752253199373225 -0.15989309394200898
vn -0.009267980036948599 0.3912950075415854 -0.9202186270767754
vn 0.8989283164217373 0.4242583977969304 -0.10923687030468425
vn 0.7010201295330248 0.6488856150861655 0.29583481290029034
vn 0 -2.220446049250313e-16 1
vn 0 0.20604792059983004 0.9785419022282521
vn 0 0.9540086602739294 0.29977904550242074
vn 0.017754418970439435 0.46870327510635346 0.883177230521485
vn 0.17149886486724494 0.6916207670282282 0.7016044854221869
vn 0.20918953981435998 0.8367557154669386 -0.5060430901273805
vn 0 0.5148567649620647 -0.8572762166144569
vn 0 0.9420367523018273 -0.335509697792218
vn 0 0.15288902248411604 -0.9882433641587742
vn 0 2.220446049250313e-16 -1
vn 0 0.09899483871828219 -0.9950879468203507
vn 0 2.220446049250313e-16 -1
vn -0.6631296111506622 -0.6199549281807494 -0.4194222285949729
vn -0.6631294967084894 -0.7073849313886343 -0.24467494648909727
vn -0.10185657205551224 -0.9670643693668267 -0.23326325092101802
vn -0.10185736010656633 -0.8737396291706809 -0.4756092288936394
vn -0.12789667781502867 -0.9912677723289962 0.032103634463842165
vn -0.6655189581942708 -0.7443252940449452 -0.055356778527282206
vn -0.6631296185112001 -0.4902756586850221 -0.5655872059675308
vn -0.10185661091985306 -0.7208723968887553 -0.685542280399818
vn -0.6631295591382987 -0.3271857455859701 -0.6732077507593021
vn -0.10185663118668858 -0.5188777681918596 -0.8487585571642465
vn -0.6631296135426186 -0.14179765875303607 -0.7349507055680502
vn -0.10185730394242454 -0.28152091057735346 -0.9541336733085559
vn -0.6631295058828972 0.05325239875795244 -0.7466079563291759
vn -0.1018572644979768 -0.02498206240755879 -0.9944852911063362
vn -0.6631295270610145 0.2446742651437293 -0.7073851386028771
vn -0.10185707585541506 0.23326047064075325 -0.9670649869241666
vn -0.663129618351244 0.41942247156783796 -0.6199547560985877
vn -0.10185691437587546 0.4756082167170178 -0.873740232097094
vn -0.6631295872257902 0.565587417702604 -0.49027545674065004
vn -0.10185679088147304 0.6855431225893006 -0.7208715705462652
vn -0.6631295685823783 0.6732075219283328 -0.32718619728048115
vn -0.10185915875574625 0.848759583147755 -0.5188755937528964
vn -0.6631297157345121 0.7349507463122118 -0.14179696966080804
vn -0.10186394326720247 0.9541332742956928 -0.2815198606561113
vn -0.6631294751888028 0.7466079813757791 0.05325242982068421
vn -0.10186183794075213 0.9944848024208749 -0.024982868635239547
vn -0.6631296349755398 0.7073848921136109 0.244674685299936
vn -0.10186357103217678 0.9670633723114547 0.2332643282419527
vn -0.6631296513824795 0.6199546716506741 0.4194225441674019
vn -0.10186157954147272 0.8737406587845679 0.47560643372438244
vn -0.6631296175835784 0.4902762695824161 0.5655866775020495
vn -0.1018575459179134 0.7208730258225383 0.6855414801316098
vn -0.6631297570565199 0.32718542718640403 0.673207710549286
vn -0.10185709831123928 0.518876147343147 0.8487594919893074
vn -0.6631297101298993 0.14179702806701563 0.7349507401005849
vn -0.10185676955557907 0.2815220487450963 0.9541333945345719
vn -0.6631296265607113 -0.05325254416220324 0.7466078387732775
vn -0.10185668351589482 0.0249814719537783 0.9944853654439392
vn -0.66312975694208 -0.24467520785792668 0.7073845970316417
vn -0.10185682469445691 -0.2332616847398996 0.9670647205308786
vn -0.6631296446692653 -0.41942204117886084 0.6199550191216876
vn -0.1018565494746434 -0.4756072986597938 0.873740774366547
vn -0.6658417212599822 -0.5632862043950153 0.4892478453379237
vn -0.05517896852955747 -0.6078351563239167 0.7921437395881469
vn -0.65932432191391 -0.6917262429274129 0.2946289927659676
vn -0.43873053622421104 -0.7129229876130042 0.5470432618334352
vn -0.16726407729562115 -0.7821766288114778 0.6001853461952867
vn -0.10185691732612595 -0.8487589374554066 0.518877089957138
vn -0.6606864975196576 -0.7371929935280691 0.14156214991420557
vn -0.07138526073104366 -0.9531101493741785 0.2940836406709699
vn -0.05994297762634748 -0.9712812030258415 -0.23025999236072459
vn -0.6487414068208693 -0.7392942112655307 -0.18049558516860187
vn -0.6487413604081549 -0.6673883753859002 -0.3656875766218276
vn -0.059943155448919205 -0.8785906629879454 -0.47379876005032906
vn -0.059943309046256964 -0.997781245573178 0.028972153579298835
vn -0.6487415741602457 -0.7608189245803659 0.01699805743201579
vn -0.6487413753385021 -0.5500003787553855 -0.5259602753942935
vn -0.05994339112710679 -0.7260253669177416 -0.6850503313276634
vn -0.6487415446421074 -0.3951312311760149 -0.6503888978178356
vn -0.059943605182614615 -0.5239827304491965 -0.8496168915391898
vn -0.6487414318201447 -0.21333414570584677 -0.7304951039643627
vn -0.059943232454354324 -0.286230443805239 -0.9562839232790538
vn -0.6487414007544512 -0.01699905595148155 -0.7608190501321002
vn -0.05994352180107672 -0.028973446392706978 -0.9977811952518513
vn -0.6487413501665356 0.1804940660710413 -0.7392946318601556
vn -0.059942971254074585 0.2302584181621522 -0.971281576610355
vn -0.6487413579339086 0.3656876944364135 -0.6673883132358917
vn -0.05994342042084629 0.47379795843798445 -0.8785910771958974
vn -0.6487415445572082 0.5259603868243522 -0.5500000725973642
vn -0.059944064392469805 0.685050396396118 -0.7260252499339352
vn -0.6487416043104501 0.6503888382770501 -0.3951312312148114
vn -0.05994389386637322 0.8496172087869278 -0.523982183018895
vn -0.6487415201450718 0.7304949574899948 -0.21333437866774296
vn -0.059943188934169396 0.9562839421564168 -0.2862303898508775
vn -0.6487413709186816 0.7608190850438965 -0.01699863204842106
vn -0.05994319232419464 0.997781224965005 -0.028973104792529902
vn -0.6487414676546592 0.739294510689461 0.18049414009798018
vn -0.059943161749470154 0.9712816459227678 0.23025807619502917
vn -0.6487413825559212 0.6673880388291838 0.3656881515542547
vn -0.059943508706784526 0.8785905293261983 0.47379896321354525
vn -0.6487414264770686 0.5500006099964575 0.5259599705072839
vn -0.05994353448070705 0.7260254482336083 0.6850502326042581
vn -0.6487415836228648 0.3951313974284833 0.6503887579322936
vn -0.05994358920392163 0.5239825747800121 0.8496169886721079
vn -0.6487414834630595 0.21333381526214065 0.7304951546039492
vn -0.059943207440206855 0.2862301926736121 0.9562840000145392
vn -0.6487414959815062 0.016998887384188408 0.7608189726994042
vn -0.05994335163523316 0.028973277594899444 0.9977812103763748
vn -0.6487415495484362 -0.18049447412485606 0.7392943572758323
vn -0.05994326177503346 -0.23025834286658978 0.971281576530772
vn -0.6487415918137728 -0.36568804950585937 0.6673878913342169
vn -0.059943887787036174 -0.4737985988345901 0.8785906999617936
vn -0.6560656631173425 -0.5187505644009833 0.5481566360193614
vn -0.03274449283723237 -0.6084349062844178 0.7929279683574695
vn -0.101011883758823 -0.7892953485150098 0.6056479605778121
vn -0.33004629659455736 -0.7488976647581637 0.5746492232866816
vn -0.6198481044111884 -0.7137844333624416 0.3260369766565057
vn -0.059943283696661825 -0.849617100603569 0.5239824282374805
vn -0.6487416911329077 -0.7304948890730069 0.21333409297210418
vn -0.059943183820815274 -0.9562838605822042 0.2862306634576729
vn -0.6689162195116336 -0.5897302575356415 0.4525144358152677
vn -0.6689160268380654 -0.5897298806328555 0.45251521181937604
vn 0.505103740446946 -0.8228143022381419 -0.26047425097092425
vn 0.09009347273923991 -0.953701513372302 -0.28694353026538955
vn 0.0900934109677076 -0.8469389030471267 -0.5240015952318596
vn 0.5051036438019223 -0.7273622098928135 -0.46455841897210665
vn 0.5051046202924452 -0.8621927226497518 -0.03863976667933059
vn 0.09009381495609463 -0.9954713110644955 -0.03033106252988059
vn 0.09009338479837037 -0.6824590233873723 -0.7253501660665191
vn 0.5051042479482805 -0.5823414970101527 -0.6369835787244256
vn 0.09009365376905293 -0.4714696218647427 -0.8772682196507852
vn 0.5051052829129561 -0.3976341391678533 -0.7659998332517202
vn 0.09009380954541392 -0.2283508778036619 -0.969401352427307
vn 0.505105852514576 -0.1858297435346459 -0.8428139677137364
vn 0.09009392691415624 0.03032944703808913 -0.995471350153057
vn 0.5051061631220939 0.038638480926983944 -0.8621918764217926
vn 0.09009392212678902 0.28694231586333735 -0.9537018363004219
vn 0.5051056191774437 0.26047289604334134 -0.822813577854769
vn 0.09009372609621287 0.5240008331910407 -0.8469393409998117
vn 0.5051060358212536 0.46455729368856347 -0.727361267498962
vn 0.09009424014738893 0.7253506310871009 -0.6824584162231491
vn 0.5051079418916069 0.6369825038928422 -0.58233946867135
vn 0.09009417219492415 0.877268202265148 -0.47146955514750566
vn 0.5051066337880812 0.7659990280129205 -0.397633974386664
vn 0.09009403087672874 0.9694014892401736 -0.22835020967653288
vn 0.5051058958735454 0.8428140400620271 -0.18582929755048624
vn 0.0900936544116874 0.9954713851682127 0.030329107240859597
vn 0.5051047852577232 0.8621926990106645 0.038638137668051714
vn 0.09009381023306268 0.9537017752665797 0.2869425538519217
vn 0.5051059714601946 0.8228132115197421 0.26047337012412847
vn 0.09009375722293296 0.8469388065726098 0.5240016916297301
vn 0.5051054903059492 0.727361194828314 0.4645580005991868
vn 0.09009375836858709 0.6824590281078903 0.7253501152250936
vn 0.5051069685461774 0.5823403400621078 0.6369824790859162
vn 0.09009407647621683 0.4714694418978615 0.8772682729589715
vn 0.505107623569022 0.39763335984197046 0.7659986943547887
vn 0.0900941146529951 0.2283504338236697 0.9694014286545254
vn 0.5051059122976234 0.1858295796875077 0.8428139680114171
vn 0.09009378696023956 -0.03032927994105486 0.9954713679104086
vn 0.5051054261062622 -0.038638304173787226 0.8621923161154855
vn 0.09009380892127637 -0.28694246633974896 0.9537018017204952
vn 0.5051059427465668 -0.260473266844733 0.8228132618409444
vn 0.0900938378596251 -0.5240015051402547 0.8469389133759715
vn 0.50510610671226 -0.46455775110372977 0.7273609261236323
vn 0.15302356391505748 -0.6015916793031182 0.7840097195060713
vn 0.5022536090313118 -0.5264083921449341 0.6860288017965481
vn 0.5022542828407018 -0.6860283875571297 0.5264082891007102
vn 0.04902808124811537 -0.7923990690721062 0.608029573773174
vn 0.09009411145552892 -0.8772681316111682 0.4714696982208814
vn 0.5051070257274244 -0.7659988108416834 0.3976338948705478
vn 0.09009411307588225 -0.969401372643015 0.22835067222784475
vn 0.5051062717883249 -0.8428137327011372 0.18582966977981508
vn 0.5769386942826322 0.7784680798728295 0.2472431832398243
vn 0.8979620717871905 0.4294426921132033 0.09614099969430938
vn 0.8979621731793204 0.38992685957659295 0.2040122048305155
vn 0.57693840752692 0.6879515252109569 0.4403007754708358
vn 0.8979624270002935 0.32383765905526973 0.29798095622597387
vn 0.5769392288312883 0.5505517755858359 0.6033521928648654
vn 0.8979623981342899 0.23568025408727242 0.3716427711798977
vn 0.5769394531784154 0.3756328753229172 0.7252867090625807
vn 0.8979618439091939 0.13146136539694023 0.41997909030233005
vn 0.5769381535078203 0.175115421776963 0.7977950589486394
vn 0.897961866679271 0.018283358082887377 0.43969330766693754
vn 0.5769377731824981 -0.03733598301731798 0.8159343296168822
vn 0.8979615316607019 -0.09614032236595227 0.42944397314776345
vn 0.5769368082807952 -0.2472422387135268 0.7784697776064863
vn 0.8981118317867076 -0.21988341495435482 0.38084960474278545
vn 0.3178351265098871 -0.49188927460263926 0.8105712639165871
vn 0.898111911912204 -0.3109622112744615 0.3109622112744613
vn 0.687140803798294 -0.5208855726295816 0.5064738255643493
vn 0.8979618867133362 -0.37164379481436716 0.23568058847983644
vn 0.5769375609512617 -0.7252880393744298 0.37563321299374614
vn 0.8979618421501522 -0.41997908947962165 0.131461380040578
vn 0.5769389407774885 -0.7977946588757587 0.17511465068309143
vn 0.8979624688309449 -0.43969208876115623 0.01828309743686927
vn 0.5769394134576483 -0.8159331812946061 -0.03733573170045511
vn 0.897962145943606 -0.429442759974018 -0.09614000394347724
vn 0.5769382982805028 -0.7784686449610135 -0.24724232807058105
vn 0.8979619967747257 -0.389927039436754 -0.20401263751159107
vn 0.5769376985036988 -0.6879518306659888 -0.4403012272621664
vn 0.8979620373060634 -0.3238382650330192 -0.29798147200379477
vn 0.5769371037944705 -0.5505528682518223 -0.6033532278234203
vn 0.8979618845297517 -0.23568069221486096 -0.37164373430598985
vn 0.5769374676109105 -0.3756334086504741 -0.7252880122905213
vn 0.8979616487930627 -0.13146149094570173 -0.41997946818288306
vn 0.5769377548769963 -0.1751155317311857 -0.797795323089823
vn 0.8979616304330984 -0.01828346802318522 -0.4396937855678389
vn 0.5769382877905473 0.03733598173633424 -0.8159339658018262
vn 0.8979617801110138 0.09614050970451272 -0.42944341170125727
vn 0.576938294430747 0.24724272875216693 -0.778468520557205
vn 0.8979619532736475 0.20401252332022984 -0.3899271993609687
vn 0.5769365502576786 0.4403013642479429 -0.6879527059458153
vn 0.8979619483484813 0.2979816310541994 -0.3238383653498741
vn 0.5769363000077773 0.6033539128283901 -0.5505529598576393
vn 0.8979618767676462 0.37164382050041983 -0.2356805858694739
vn 0.5769373650461082 0.7252880774931093 -0.37563344028454576
vn 0.8979617066631312 0.41997928855767497 -0.13146166950570004
vn 0.5769381016992245 0.7977950697290845 -0.17511554335255405
vn 0.8979619068018759 0.4396932385227765 -0.018283050349767543
vn 0.5769381902761388 0.8159339717926485 0.03733735764040055
vn 0.9999999999999751 1.5350138937719372e-7 -1.62545973125812e-7
vn 0.8892286338627365 -0.14635398850244452 0.43342005810534157
vn 0.8892287203907561 -0.2535443061548045 0.3807723304662476
vn 0.8892285921129096 -0.02919353576658166 0.45653066538660675
vn 0.8892287648913066 0.08996168561410237 0.4485299307865092
vn 0.8892285188451882 0.2029845543629196 0.4099633056292718
vn 0.8892285984907057 0.3021731431387046 0.34345871832278657
vn 0.8892286148854656 0.3807721575204317 0.2535449359109972
vn 0.8892285238865945 0.43342012221032666 0.146354466859244
vn 0.8892287246587592 0.4565304934196668 0.029192187649300216
vn 0.8892288219986437 0.4485298699222141 -0.08996142459113296
vn 0.8892287515919706 0.4099627116132758 -0.20298473447251028
vn 0.8892287728373098 0.3434578225276254 -0.30217364826012566
vn 0.8892287571854924 0.2535471904763119 -0.38077032394333615
vn 0.8892286958403703 0.14635758007282826 -0.43341871815746447
vn 0.8892285787635765 0.02919171924930752 -0.4565308075446599
vn 0.8892286344136409 -0.08996315223846586 -0.4485298953003803
vn 0.8892286485163069 -0.20298601836003788 -0.40996229949618673
vn 0.8892288618934869 -0.302174144653104 -0.3434571552301381
vn 0.8892287972143025 -0.3807710563395546 -0.25354595019219833
vn 0.8892288132753698 -0.43341859808337035 -0.14635722215293356
vn 0.8892287896138397 -0.4565304059608869 -0.029191576783264922
vn 0.8892285635535612 -0.44853042632739 0.08996120507774416
vn 0.8892287972735132 -0.4099638032348809 0.2029823296168734
vn 0.8892286882029184 -0.34345771667262237 0.3021740176370985
vn 0.6894608048026989 -0.16324938615960888 0.7056865001963164
vn 0.6894607889776644 -0.34033124403851367 0.6393891340908868
vn 0.6894606164297257 0.02495712346492579 0.7238930862915457
vn 0.6894605394029424 0.21146529141364576 0.6927673456027974
vn 0.6894605519479864 0.3835602569237506 0.6144311813508199
vn 0.6894603684094798 0.5295178076393622 0.49422190540835764
vn 0.6894605173416695 0.6393890393524706 0.3403319723195017
vn 0.6894606326490759 0.7056864474087254 0.16325034141093905
vn 0.6894610480541855 0.7238926841697347 -0.024956863215566907
vn 0.6894610153314135 0.6927669867760513 -0.21146491522568664
vn 0.6894612307106962 0.6144305398097814 -0.38356006452178115
vn 0.6894610845804716 0.4942216080412427 -0.5295171526912494
vn 0.6894609396609902 0.34033245166761567 -0.6393883288141053
vn 0.6894603319930597 0.16324981924690868 -0.705686861946481
vn 0.689460391875312 -0.024957718150579743 -0.7238932796620351
vn 0.689460623444561 -0.21146493790062512 -0.6927673698711004
vn 0.6894610689252452 -0.38356060708001366 -0.6144303826576852
vn 0.6894608869615826 -0.5295176608632357 -0.4942213392641753
vn 0.689461110397461 -0.639388321323274 -0.34033211985486417
vn 0.6894607606020224 -0.7056864563581552 -0.16324976233596825
vn 0.6894605666649951 -0.7238930966228759 0.024958198567348586
vn 0.6894607869640254 -0.692767712417025 0.21146328256089478
vn 0.6894605269515275 -0.6144312717974754 0.3835601569676637
vn 0.6894604540012161 -0.49422190715793946 0.5295176945613868
vn 0 0.6754268137895706 0.7374270263653677
vn 0 0.4615506234579825 0.8871138720511292
vn -9.479898788278737e-7 0.8432744991910139 0.5374831337011853
vn -0.0000031494574030352245 0.9536497003095438 0.30091900752461315
vn -0.0000031144193303161883 0.9990385225669736 0.043840967342186565
vn -0.000004586878865575973 0.9763442564231376 -0.2162218604316201
vn -0.0000028011800443958905 0.8871156064543807 -0.461547289860129
vn -5.126554633779988e-7 0.7374291655823433 -0.6754244781974268
vn 0 0.5374871198278052 -0.8432719585158814
vn 0 0.3009178207507803 -0.9536500747939997
vn 0 0.04384060296563122 -0.9990385385617563
vn 0 -0.2162218052374282 -0.9763442686572538
vn 0 -0.46155022284445874 -0.8871140804835816
vn 0 -0.6754273726955379 -0.7374265144498149
vn 0 -0.8432712558047137 -0.5374882223207698
vn 0 -0.9536494541196371 -0.3009197877463665
vn 0 -0.9990384415265537 -0.04384281414547479
vn 0 -0.9763439436540267 0.2162232727763204
vn 0 -0.8871140194711138 0.46155034011232654
vn 0 -0.7933530489218055 0.6087618087285662
vn 0 -0.5374875669729556 0.8432716735130455
vn 0 -0.6087626218164977 0.7933524250162117
vn 0 -0.3009173528824033 0.9536502224265703
vn 0 -0.04384217201648714 0.9990384697061855
vn 0 0.21622234176543756 0.9763441498372745
vn -0.019298437603070775 0.96549485214191 0.25970610465206956
vn -0.007685561764141301 0.8503128481374647 0.5262214290892405
vn -0.0023975214375033926 0.9580285107127212 0.28666291101661867
vn -0.011190390447278502 0.9990462868764657 0.042205353214772985
vn -0.006742027567634353 0.9991462796268031 -0.040758520240501375
vn -0.011912524287726852 0.9777141470957235 -0.20960233379897336
vn -0.007213986055839265 0.9596620854986567 -0.2810634093252888
vn -0.009942339227368252 0.8730957285651674 -0.48744743168053256
vn -0.9998016600544718 0.013370748003119765 0.01476020494978252
vn -0.9997926651268113 0.009365345629475151 0.018080847874701076
vn -0.008527314237494433 0.46164220285080304 0.887025231579662
vn -0.008507219619724627 0.6757601878069374 0.737072449484767
vn 0.9999737057881326 0.003889199312997821 0.006120609532780431
vn 0.9999864615641518 0.0033520385348727987 0.003980015837620829
vn 0.008525621184202152 0.7378987106993999 0.6748576194513821
vn 0.008531595040733407 0.5376314767719597 0.8431367665272714
vn -0.9999549866817111 0.006961376789685782 0.006447002681188578
vn 0.9999994228095529 0.0009033571327802907 0.0005816583633892077
vn 0.013163395535071369 0.8523282608836502 0.522841525432936
vn -0.9999989470544988 0.0011784398464751529 0.0008468585606942759
vn 0.9999997948858012 0.0006198332249150574 0.0001613540474264047
vn 0.20841349497533662 0.9445109293130424 0.25389548936595613
vn -1 0 0
vn 0.9999998510603979 0.0005429113613650943 -0.00005591453965080583
vn 0.12180073557524372 0.9916896818635517 0.04142650961277387
vn -1 0 0
vn 0.9999996888037428 0.0007607885989635773 -0.00020878966703017192
vn 0.13270623024250403 0.9698228033056997 -0.20453064964229176
vn -0.999934301881983 -0.00920539802275038 0.006830268445228006
vn 0.9999964491962932 0.0017413518369498908 -0.0020172477748050224
vn 0.00939262907702486 0.8305039736147778 -0.556933504405226
vn -0.9999677023016167 0.0026092014950393387 -0.007601738037035171
vn -0.008536342903924712 0.7381583774319057 -0.6745734509131847
vn 0.9999756634048095 0.004658992784518254 -0.005192916747358758
vn 0.008497916448143926 0.6758496392838182 -0.7369905362322999
vn -0.9998026233258246 0.010570627666677873 -0.016821897084802254
vn -0.008528946307100112 0.5378092741496264 -0.8430233933370668
vn 0.9999736523007928 0.0033295240981124994 -0.006450501801645047
vn 0.008524172546434143 0.4617323364566193 -0.8869783469469307
vn -0.9997926662825056 0.006162765160322621 -0.019407338130126434
vn -0.008529741081192175 0.30093255112527706 -0.9536072793295575
vn 0.9999731919286001 0.001570201035250084 -0.007151915326395271
vn 0.008530748223634798 0.21625870838625727 -0.9762988258631947
vn -0.9997926687481941 0.0009297638681941373 -0.020340969901002325
vn -0.008531324383327253 0.043825062919101425 -0.9990027929712726
vn 0.9999731924310408 -0.0003343548499638231 -0.007314548933926568
vn 0.008532277308339997 -0.04383525997367151 -0.9990023374482035
vn -0.9997926695398522 -0.004366514421912603 -0.01988847621561841
vn -0.008531356897645503 -0.21622908316474337 -0.9763053823180633
vn 0.9999731923786398 -0.0022160972323544696 -0.006978784788794367
vn 0.00853230234353816 -0.30090197530840285 -0.9536169047747736
vn -0.999792668603641 -0.009365262588996476 -0.01808069863277219
vn -0.00853130300326226 -0.4615479929064906 -0.887074217364622
vn 0.999973192258983 -0.003946845942001531 -0.006167428190843888
vn 0.008532276659660668 -0.537464874901634 -0.8432429712140944
vn -0.9997895137730772 -0.01248972909653375 -0.016276818377342083
vn -0.004319999611105947 -0.6087582991245849 -0.7933439801563397
vn 0.9999727845389151 -0.004491263839999095 -0.005853095813988652
vn 0.016759444508714725 -0.6086778734846601 -0.7932404221608677
vn -0.9997926705010998 -0.017151522120288237 -0.010974575218959755
vn -0.999789513557297 -0.016276863077314366 -0.012489688115643346
vn -0.01675588966292573 -0.7932402880135278 -0.6086781461772873
vn -0.008531347911707149 -0.8432486119780923 -0.5374560395975007
vn 0.9999727846981074 -0.0058530859192530765 -0.004491241291017944
vn 0.9999731923276086 -0.006501773000374729 -0.003367725342639707
vn 0.008532328716055478 -0.8870793773253425 -0.46153805660071423
vn 0.004320225604317445 -0.7933446032886863 -0.6087574854434603
vn -0.9997927720510281 -0.019402506167621594 -0.006160820475903499
vn -0.008531257838031294 -0.9536199936166926 -0.30089221560917817
vn 0.9999731917608811 -0.007151933485986184 -0.0015702251329586764
vn 0.008532228823350002 -0.9763072664711224 -0.21622054136226487
vn -0.9997927245350109 -0.02033815285396971 -0.0009313996717111793
vn -0.008531308034613183 -0.9990026627639481 -0.043828034107864705
vn 0.9999731921608752 -0.007314586184853891 0.0003343479231617421
vn 0.008532205820957678 -0.9990024233335101 0.04383331652525461
vn -0.9997926690547441 -0.01988849855771089 0.004366523733019991
vn -0.008531389863048132 -0.9763056756080922 0.21622775761319635
vn 0.9999731926540911 -0.006978747537813199 0.0022160902480455
vn 0.008532300351567212 -0.9536171883438225 0.30090107667792354
vn -0.9997926709218162 -0.01808060024768777 0.009365205054044872
vn -0.008531344429556425 -0.8870742043527916 0.4615480171489052
vn 0.9999731923161899 -0.006167419809293425 0.003946844545243442
vn 0.008532331754412483 -0.8432425088769346 0.5374655993994087
vn -0.999792665778215 -0.015040789255917203 0.013725892125821771
vn -0.00853123629970915 -0.737389701869694 0.6754136847767613
vn 0.9999731917353188 -0.004935818792576075 0.005408650804584362
vn 0.008532237611672159 -0.6754055896406782 0.737397104960052
vn -0.9997926643885142 -0.010975824986794135 0.017151078705868
vn -0.008531307087273184 -0.5374567645398185 0.8432481503387794
vn 0.9999731920538455 -0.003367742804016245 0.006501806060546603
vn 0.0085321950555947 -0.46153975909844547 0.8870784928172265
vn -0.9997926672549017 -0.006162753990445261 0.019407291582871754
vn -0.008531313281417796 -0.30089312410486324 0.9536197064659002
vn 0.999973192196324 -0.0015701917224445962 0.00715187993805172
vn 0.008532265436241603 -0.21621904372721637 0.9763075978277613
vn -0.9997926661400653 -0.0009297862701629831 0.020341097070503782
vn -0.008531287593777517 -0.04382519195920866 0.9990027876246046
vn 0.9999731919833916 0.00033434902904797215 0.007314610397942918
vn 0.008532230010801329 0.043834735734800054 0.99900236085512
vn -0.9997926663132605 0.004366549332418349 0.01988863075098527
vn -0.008531296356067102 0.21622849317380302 0.9763055135162719
vn 0.9999731920496355 0.002216119583367451 0.006978824833369529
vn 0.008532250972657675 0.30090259593280216 0.9536167094038571
vn -0.9978747426429213 -0.06363796845037822 -0.014007389722296076
vn -0.2857848379835102 -0.9139484679987359 -0.2881409797677212
vn -0.28578898652589185 -0.9573814983471449 -0.04177704875980886
vn -0.9978747659105287 -0.06509449879179934 0.0029424116047999426
vn -0.9978747328179849 -0.0578456558687768 -0.029998294960651633
vn -0.285784075930606 -0.8082304885572013 -0.514869827540008
vn -0.9978747290813591 -0.04811047640329063 -0.04394777720263984
vn -0.28578344450805326 -0.6474327470883312 -0.7065116140890888
vn -0.2857856393090095 -0.9355726643736849 0.20743760035602243
vn -0.997874738637003 -0.0621158593405107 0.019688220044547435
vn -0.9978746943647571 -0.03509461567634512 -0.05490411912573002
vn -0.28578658086783626 -0.4425126198066987 -0.8500050655776611
vn -0.9978746942035982 -0.019688576795744366 -0.062116460071651974
vn -0.28578521445517646 -0.20743695407416976 -0.9355729374470166
vn -0.9978746961690677 -0.002940772622902146 -0.06509564195759401
vn -0.2857852370023465 0.04177495223541766 -0.9573827090966502
vn -0.9978746970457556 0.014007401000154391 -0.0636386809500522
vn -0.2857854312102596 0.2881407981108564 -0.9139483397720053
vn -0.9978746903166636 0.030001057706808328 -0.05784495623557433
vn -0.28578676322955765 0.5148690618493779 -0.8082300261145426
vn -0.9978747093594391 0.04395203061571736 -0.04810699975647831
vn -0.2857880492416702 0.7065114131888282 -0.6474309337254174
vn -0.9978747093535901 0.05490545360440128 -0.03509210163246027
vn -0.285788108153791 0.8500046702577546 -0.44251239279582094
vn -0.9978747421496134 0.06211575152573851 -0.0196883821639903
vn -0.2857877401076394 0.9355720566362495 -0.20743744706678918
vn -0.9978747498741224 0.06509490752760802 -0.0029388054766729286
vn -0.2857855975343774 0.9573825593830504 0.04177591687897177
vn -0.9978747440488249 0.06363796854003761 0.014007289159198274
vn -0.285786479901574 0.9139483577130098 0.28813970108119386
vn -0.9978747658276725 0.057846022860748664 0.029996489187255563
vn -0.28578458854825506 0.8082301827612374 0.514870023036923
vn -0.9978747395712722 0.04811027201806098 0.04394776276346793
vn -0.2857870061028375 0.6474308739903186 0.706511889883609
vn -0.9978746995135965 0.03509455625278041 0.05490406352966887
vn -0.28578563209133695 0.44251274659987294 0.8500053185638262
vn -0.9978746927310342 0.019688604706367602 0.06211647488114811
vn -0.28578516325214043 0.2074369005678258 0.9355729649512974
vn -0.9978746952940495 0.0029407409553553246 0.0650956568016743
vn -0.2857842268382935 -0.04177571574410238 0.9573829773212531
vn -0.9978746974713222 -0.014007438259031911 0.0636386660760309
vn -0.2857849148070652 -0.2881407289076737 0.9139485230653165
vn -0.997874695509487 -0.030001028060607393 0.05784488203078538
vn -0.28578373469942947 -0.5148706378533773 0.8082300930166499
vn -0.9978747024907011 -0.04395214207189118 0.04810704040353449
vn -0.28578284469783544 -0.7065118572753355 0.6474327464731521
vn -0.9978747083914705 -0.05490642585226147 0.035090607757169164
vn -0.2857844189517248 -0.850005852011468 0.4425125053946874
vn -0.04129662505268154 -0.8862938586510755 -0.46127842446471085
vn -0.04129862761496866 -0.9754810872982008 -0.2161737071908613
vn -0.041303390942091026 -0.9981919746671599 0.043667054019715976
vn -0.041298534018171316 -0.7367066019544404 -0.6749502305538473
vn -0.04130200238160994 -0.5369138045583426 -0.8426254868409545
vn -0.04130302535070371 -0.3005306868099982 -0.9528774141422338
vn -0.04130132368956475 -0.04366749017841833 -0.9981920411238547
vn -0.0412994386822575 0.216171243024306 -0.9754815990339628
vn -0.04129903758386643 0.461278497597992 -0.8862937081737554
vn -0.041300580253308 0.6749506053542652 -0.7367061438610724
vn -0.04130343981928799 0.8426263702132752 -0.5369123076260174
vn -0.04130013948534088 0.9528772638101002 -0.300531560060284
vn -0.04129976161592571 0.9981921318844492 -0.04366689288747308
vn -0.04129819894612018 0.9754816175876644 0.2161713961475024
vn -0.04129440542743968 0.8862940513697323 0.4612782528875824
vn -0.04129894819898735 0.736705421877482 0.6749514932600554
vn -0.04129967430270514 0.5369128538416179 0.8426262067382783
vn -0.04129898697617213 0.30053098097498415 0.9528774964017965
vn -0.04130011213612012 0.04366703874986446 0.9981921110008642
vn -0.04129958147188123 -0.21617135376318466 0.9754815684483432
vn -0.041299538626166477 -0.46127910253941984 0.8862933699795419
vn -0.04130103281824469 -0.6749509328720572 0.7367058184263825
vn -0.041301071528263955 -0.8426257944371227 0.5369133934256297
vn -0.0412987905060788 -0.9528774924411748 0.30053102053158165
vn 0.6466439749725861 0.6606154820623923 -0.38136433300864236
vn 0.7485222330662685 0.6474398469911997 -0.14330426069555152
vn -0.5856404154127628 0.773034910379722 -0.24380798011833393
vn -0.735356097452884 0.5869268814892983 -0.33877462379008216
vn -0.47653455384278626 0.6216923911580506 -0.6216215808432344
vn 0.8612465830934702 0.35937666778151395 -0.35930868868436466
vn 0.748520623770874 0.3564789347841566 -0.5591418825707967
vn -0.585639523850022 0.3742211679019492 -0.7190165961915068
vn 0.748520632196586 0.19961554331517423 -0.632353143459421
vn -0.5856376928183331 0.1753739131098049 -0.7913737949609997
vn 0.7485207862838501 0.02914818029184467 -0.6624703888376303
vn -0.5856391778340451 -0.03542479867145467 -0.8097974049260412
vn 0.7485226446480316 -0.14330482585784662 -0.6474392460570868
vn -0.5856393718983107 -0.24380866289728834 -0.7730354855883323
vn 0.7485219239883881 -0.30599072574323477 -0.588289558863533
vn -0.5856390863841293 -0.43557614631419306 -0.6835936521510706
vn 0.47649475917931033 -0.5352079866722773 -0.6974992153951561
vn -0.8232091818388193 -0.34561643647278006 -0.4504174971913486
vn 0.7485201205146302 -0.5591426973008488 -0.35647871358595157
vn 0.9157246777524255 -0.3187749922783167 -0.24460339092738578
vn -0.3300456494870606 -0.7488979901863078 -0.5746491708421524
vn -0.5856400897893361 -0.7190165131976469 -0.3742204416926423
vn 0.7485198252527749 -0.632353950820217 -0.19961601159630948
vn -0.5856370244370234 -0.7913740757818293 -0.17537487787309963
vn 0.7485220837072499 -0.6624688864380959 -0.02914900862852377
vn -0.5856376060233106 -0.8097985664737168 0.035424231091144995
vn 0.7485210125435062 -0.64744119330735 0.14330455327587735
vn -0.5856385586182675 -0.7730363480173481 0.24380788195527986
vn 0.7485214281992075 -0.5882899612009691 0.30599116503059504
vn -0.5856369906706947 -0.6835946642513101 0.43557737563527243
vn 0.7485209240892929 -0.48904836135957697 0.4478260001965312
vn -0.5856358675216444 -0.5475659658147166 0.597663905346113
vn 0.748521744787327 -0.35647764640483787 0.5591412032699816
vn -0.585638743797073 -0.37422056853747626 0.7190175434906123
vn 0.7485217441363603 -0.19961501629466424 0.6323519936117402
vn -0.5856410515174405 -0.17537396110582243 0.791371298786859
vn 0.7485210550732205 -0.029148639226814828 0.6624700649412755
vn -0.5856387579771557 0.03542364739801306 0.8097977589250267
vn 0.7485202952306393 0.14330453798087495 0.647442025993003
vn -0.5856376005862436 0.24380887851899172 0.7730367594978255
vn 0.7485211527514457 0.3059919193173753 0.5882899193391943
vn -0.5856384894083404 0.4355769350127732 0.6835936610358493
vn 0.74852019246608 0.4478260856691595 0.48904940288766446
vn -0.5856365451558562 0.5976633317343069 0.5475658671595233
vn 0.7485227296754404 0.559140824434276 0.35647617257004094
vn -0.5856383509905614 0.7190186463632424 0.3742190642271273
vn 0.7485228172376686 0.6323509209120517 0.19961439050395177
vn -0.5856439197066627 0.7913691030990043 0.17537429107737973
vn 0.7485221196292816 0.6624688654781329 0.02914856253407279
vn -0.5856389769372873 0.8097975532047524 -0.03542473028046094
vn -0.9999999999999991 -9.495079320621102e-24 4.27620356902025e-8
vn 0.9999992869649071 -0.0008783087270280719 0.0008091004001248807
vn 0.9999992869668631 -0.0010577907110791826 0.0005542062584521373
vn 0.9999992869621083 -0.0006389711648427352 0.0010088563453429244
vn 0.9999992869592124 -0.0003560894118592913 0.0011398602535118475
vn 0.9999992869611256 -0.00004893746892710971 0.0011931816142426597
vn 0.9999992869673968 0.00026154724822783124 0.001165185708348997
vn 0.999999286969411 0.0005542065494918546 0.0010577881499447919
vn 0.9999992758203453 0.0007326311832106997 0.0009547828727879375
vn 0.9999992869571911 0.0010088601870435923 0.0006389727946541024
vn 0.9999992758114731 0.000954789217414449 0.000732635024909786
vn 0.9999992869588372 0.0011398601370960976 0.0003560908379468533
vn 0.9999992869676891 0.001193176026315031 0.000048939593507058976
vn 0.9999992869607612 0.0011651910634460814 -0.0002615487616252828
vn 0.9999992869617172 0.0010577942035334019 -0.0005542088777940324
vn 0.9999992869596933 0.00087831192844485 -0.0008091033687113754
vn 0.9999992869601704 0.0006389729110713282 -0.001008857160248224
vn 0.999999286962088 0.0003560880439802808 -0.0011398581580393276
vn 0.9999992869633464 0.000048937501669027726 -0.0011931797516001564
vn 0.9999992869599135 -0.0002615473355373656 -0.0011651921111829923
vn 0.9999992869596206 -0.0005542102165690743 -0.001057795484099727
vn 0.9999992869636022 -0.000809100749369791 -0.0008783098911801465
vn 0.9999992869565393 -0.0010088598377969685 -0.000638974366260534
vn 0.9999992869654177 -0.0011398559461520035 -0.0003560857738826858
vn 0.9999992869660574 -0.0011931774232969495 -0.000048938873187173715
vn 0.9999992869683614 -0.0011651848934428664 0.0002615471900204225
vn -0.0031532062826407805 0.30090629746708825 -0.9536484978412052
vn 0.510931776192283 0.18586128452382714 -0.8392879738159912
vn 0.5109306649310078 0.39675373424807053 -0.7625852935858191
vn -0.0031570346288651617 0.5374757243047933 -0.8432733121090635
vn -0.003151947161695885 0.04382968314385801 -0.9990340455182691
vn 0.5109335268515923 -0.03769540103967048 -0.8587933324609895
vn -0.0031539322906046024 -0.216231808735927 -0.9763369590473853
vn 0.5109315038779626 -0.25868181003050306 -0.8197760178880243
vn -0.0031541044395422516 -0.46155733860573644 -0.8871047710413772
vn 0.5109306192100725 -0.46204208285225445 -0.724891037347795
vn -0.003127974116633045 -0.6087599042482733 -0.7933483438928695
vn 0.4995367154514615 -0.5273662726938242 -0.6872756974759028
vn -0.0031539981497406113 -0.8660210906189688 -0.4999975228926675
vn 0.6667835308518706 -0.6453721709247564 -0.37268550277758244
vn 0.5122593531303874 -0.6813564154256307 -0.5228229052832062
vn -0.003123975727092836 -0.7933491812179932 -0.6087588335592314
vn 0.5109294617212085 -0.8197452368636015 -0.25878336844688066
vn -0.00315503597969058 -0.9763366708071135 -0.21623309410275074
vn 0.4067417718739277 -0.9135431731575425 -0.000042309646623263077
vn -0.0031614171175691507 -0.9999950027084179 -4.5973099097948476e-9
vn -0.0031550547276983404 -0.9763368996822857 0.21623206040836684
vn 0.5109342091586251 -0.8197746479698903 0.2586808080575226
vn -0.0031509046501123975 -0.8871048908047144 0.46155713027776024
vn 0.5109303598246847 -0.724891365228667 0.46204185527540387
vn -0.003151503179903625 -0.7374169876043916 0.6754304215980886
vn 0.5109284616418908 -0.580606650325075 0.633914840244766
vn -0.003155864391838066 -0.5374751827246546 0.8432736616751643
vn 0.510927790044653 -0.3967530082269441 0.7625875974751737
vn -0.0031543719626732124 -0.3009061608415645 0.9536485370958798
vn 0.5109304257583328 -0.18586296090131438 0.839288424678552
vn -0.0031527890600238115 -0.043831105964542955 0.9990339804386374
vn 0.5109303688354719 0.037694711936951515 0.8587952415411015
vn -0.003152488348831751 0.2162317829324539 0.9763369694255476
vn 0.5109307290776371 0.2586831511654579 0.8197760775890592
vn -0.0031546308241870435 0.4615583793052814 0.8871042276967488
vn 0.5109304198790836 0.46204197489141285 0.7248912466574736
vn -0.003158847003617654 0.6754306840359705 0.7374167158047805
vn 0.5109312713105052 0.6339143140390775 0.5806047523517153
vn -0.003155822774838773 0.8432740352521332 0.537474596843607
vn 0.510933986164388 0.7625835402351571 0.3967528272672842
vn -0.0031497574421272385 0.9536480342684251 0.3009078027636114
vn 0.5109311161440643 0.8392880261976057 0.18586286244730993
vn -0.0031519535389962455 0.9990340147164635 0.04383038476209319
vn 0.5109317896941822 0.8587943908512657 -0.0376948341593831
vn -0.003149997034425466 0.9763370207740639 -0.21623158738886458
vn 0.5109314231633277 0.8197756859943862 -0.2586830212378269
vn -0.0031517531186313094 0.8871041254267323 -0.4615585955251528
vn 0.5109329150533701 0.7248896256687468 -0.46204175884100523
vn -0.0031579404388928692 0.7374170320045771 -0.6754303430567395
vn 0.5109306428577565 0.5806056095959344 -0.6339140354138667
vn -0.07531086726944326 0.5359036590761158 -0.840913516040713
vn -0.07531086709435011 0.2999991916800043 -0.950962017269271
vn 0.07968051415738367 0.21546871106059956 -0.9732544632404717
vn 0.07968099746217833 0.46002324345857737 -0.8843243489361144
vn -0.07531103484970657 0.04365006457791065 -0.9962042561102671
vn 0.0796810201191133 -0.043770184495759513 -0.9958589789633796
vn -0.07531162446043235 -0.21567504379074712 -0.9735565903978002
vn 0.07968142070757384 -0.30002699006934636 -0.950597010527569
vn -0.07531123707858359 -0.4603009582780084 -0.8845627424767791
vn 0.07968072877735907 -0.5358358311897851 -0.8405539503652704
vn -0.037196787420721286 -0.6083404783106444 -0.7928040498473466
vn 0.1530378736028555 -0.6015900283522719 -0.7840081932162631
vn -0.14865119160122672 -0.7845383568421895 -0.6019986626886248
vn -0.07531088431212521 -0.8409131587370763 -0.5359042173438818
vn 0.07968032983130953 -0.8843242986695877 -0.46002345572863534
vn 0.04156746019151482 -0.7926669810088838 -0.60823614120791
vn -0.07531154912886857 -0.9509617701547349 -0.2999998037865742
vn 0.07968067737042729 -0.9732543072797971 -0.2154693551647478
vn -0.07531121295560585 -0.9962042467444989 -0.04364997103528009
vn 0.07968089131698397 -0.9958589857025383 0.043770265642812826
vn -0.07531127425159018 -0.9735569476178269 0.2156735535842581
vn 0.07968049602716924 -0.9505975969298572 0.3000253777000283
vn -0.07531145240525845 -0.8845629125971806 0.4603005961262743
vn 0.07968044364307435 -0.8405536501068069 0.535836344598765
vn -0.07531128820257774 -0.7352880236070124 0.6735575195997459
vn 0.07968059972225472 -0.6732285656803254 0.7351287644895373
vn -0.07531113015592183 -0.5359042767680819 0.8409130988492906
vn 0.0796808883542724 -0.46002336475956274 0.8843242956666771
vn -0.07531066908962036 -0.29999911486459074 0.9509620571830065
vn 0.07968081924403121 -0.21546888882762913 0.9732543989070827
vn -0.07531099460219837 -0.04365014911697434 0.9962042554486974
vn 0.07968051724199485 0.0437700301002985 0.9958590259856398
vn -0.07531083026343531 0.2156740689488014 0.9735568677936074
vn 0.07968056099916046 0.30002581689074487 0.9505974528673535
vn -0.07531115116777883 0.4602998016204479 0.8845633516814725
vn 0.07968076046753776 0.5358352979422806 0.8405542872952481
vn -0.07531126980819455 0.6735574287529558 0.7352881087108538
vn 0.07968109691772017 0.7351285076797364 0.6732287872562734
vn -0.0753119681029551 0.8409127801007585 0.5359046591733205
vn 0.07968165980065953 0.884324400070386 0.46002303043604675
vn -0.07531104350662239 0.9509626174645283 0.29999724483894324
vn 0.07968100195269898 0.9732547445021791 0.215467260231832
vn -0.07531130674104075 0.9962042061071648 0.04365073666446526
vn 0.07968065322936067 0.9958590494435674 -0.043769248820341757
vn -0.0560701875313418 0.964404963542756 -0.25841671843032066
vn 0.11814480267978299 0.9591580027670186 -0.2570169864575861
vn -0.07531185887588822 0.8409052149922561 -0.5359165450995945
vn 0.07968131982960444 0.8843177318495592 -0.4600359077361933
vn -0.1136954402632395 0.7025134278648136 -0.7025298787475002
vn 0.06043927214495181 0.7058100195012047 -0.7058181853383331
vn 0.0062599073000453725 0.9065715377124887 -0.4220057589301458
vn 0.028321466663006962 0.9260087983987904 0.37643804246394186
vn 0.06982934861329931 0.9968070343354386 -0.038724648114992245
vn -0.05421436664433668 0.998525984039489 0.0025810167228198745
vn 0.14335900338569274 0.9896636462672492 0.003750120701253685
vn 0.033774425049609605 0.9756413305892294 -0.21675627386224897
vn -0.06659156928606313 0.9753952172090913 -0.2101659657167385
vn 0.03535809240418806 0.9981848237651569 0.04875308099453607
vn -0.11345218646759225 0.8776255675604028 0.4657273500128627
vn -0.11592093019131101 0.784343942554369 0.6093988166396862
vn -0.681246330285994 0.7317064297200698 -0.02256409045751686
vn 0.10388864647446723 0.7825470023905688 0.6138626378785713
vn 0.6800390475065896 0.7327561967108922 0.024804234479594477
vn -0.10574864098217858 0.777324396657466 -0.6201483752228402
vn 0.11119777582328215 0.78122661880244 -0.6142638071109691
vn 0.9948368569194064 0.10144582152207655 0.0028936845763812297
vn 0.37577209939963835 0.13301924682602392 -0.9171157011449675
vn -0.19723819515528151 0.11935453153459563 -0.9730629939392642
vn -0.9948347433304289 0.1006327070443028 -0.013300065248537619
vn 0.19804036942847275 0.13053837633154594 0.9714626829587217
vn -0.19660436260247613 0.12034164595813945 0.9730696855075488
vn -0.8268678117026648 -0.38029673367650435 0.4143235647715786
vn -0.8268672958497193 -0.26010365822707 0.4986346979814668
vn -0.8268667326678676 -0.12218455774037593 0.5489647896331366
vn -0.8268669588257416 0.02406058572416215 0.5618826573377039
vn -0.8268664885690918 0.16866699690182346 0.5365102554821669
vn -0.8268673406777489 0.3017784948308977 0.4745736412592945
vn -0.8268684898721047 0.41432283099690104 0.38029605857980986
vn -0.8268675448809036 0.4986343765557746 0.2601034827515027
vn -0.8268674208548262 0.5489634999317858 0.12218569503641516
vn -0.826867162220024 0.5618823760176166 -0.024060165481610104
vn -0.8268665687669475 0.5365101109604056 -0.16866706344994653
vn -0.8268684093865373 0.4745726001890692 -0.3017772037586069
vn -0.8268689531550485 0.3802955457064291 -0.4143223771703906
vn -0.8268675457889992 0.2601033527750692 -0.4986344428497146
vn -0.826866138144098 0.12218518517127759 -0.5489655454719592
vn -0.8268663608639369 -0.02406073268916175 -0.5618835310045047
vn -0.826866631261407 -0.16866675111503396 -0.5365101128354538
vn -0.826867730146392 -0.30177814882381226 -0.4745731826968591
vn -0.8268680497813119 -0.4143234453919594 -0.3802963460899747
vn -0.8268675614517128 -0.4986342375370304 -0.26010369658034904
vn -0.826867120899195 -0.5489642735092485 -0.12218424933819934
vn -0.8268678021672499 -0.5618814307735581 0.02406024710931033
vn -0.8268670490041992 -0.5365095767247388 0.16866640849241207
vn -0.8268681044020066 -0.4745729196120887 0.30177753709229277
vn 0.42551088720565 0.19776691676442448 0.8830791196166704
vn 0.4255108982909136 -0.03752938899617752 0.904174773147998
vn 0.4255108811055407 0.4195859410272798 0.8018030482313212
vn 0.42551072866193856 0.6128109015999162 0.665885439601951
vn 0.4255110480149419 0.7642737373230827 0.4845884877454618
vn 0.42551072082582875 0.8636523220147567 0.27026892744228354
vn 0.4255113367200393 0.9041745164430762 0.037530602681740036
vn 0.42551093870050094 0.8830791623907486 -0.19776661497197257
vn 0.42551194057900643 0.8018026022823672 -0.41958571877259093
vn 0.4255119970729041 0.6658853595144684 -0.6128101078893169
vn 0.4255118136988248 0.48458794499080243 -0.7642736551604586
vn 0.425510952258146 0.27026803980821396 -0.8636524857641478
vn 0.4255112862135038 0.03752927355561214 -0.9041745953804042
vn 0.42551084200476696 -0.19776635826460542 -0.8830792664733728
vn 0.42551063016875224 -0.4195858988810482 -0.8018032034567925
vn 0.4255109981968687 -0.6128112444362007 -0.665884951854342
vn 0.4255110274018863 -0.7642735154096358 -0.4845888558384194
vn 0.4255110155266476 -0.8636526124099067 -0.27026753549589455
vn 0.4255109489012361 -0.9041747577585969 -0.03752918594044093
vn 0.425510901023282 -0.8830793248616012 0.19776597056200831
vn 0.4255108902173897 -0.8018033038196374 0.4195854433727639
vn 0.4255103824283093 -0.6658857554561308 0.6128107988003574
vn 0.42551080377731226 -0.48458863426784154 0.7642737804002004
vn 0.42551098385059766 -0.27026740422340323 0.8636526690961129
f 22/22/22 23/23/23 24/24/24
f 25/25/25 22/22/22 24/24/24
f 26/26/26 25/25/25 24/24/24
f 27/27/27 26/26/26 24/24/24
f 28/28/28 27/27/27 24/24/24
f 29/29/29 28/28/28 24/24/24
f 30/30/30 29/29/29 24/24/24
f 31/31/31 30/30/30 24/24/24
f 32/32/32 31/31/31 24/24/24
f 33/33/33 32/32/32 24/24/24
f 34/34/34 33/33/33 24/24/24
f 23/23/23 34/34/34 24/24/24
f 23/23/23 22/22/22 35/35/35
f 23/23/23 35/35/35 36/36/36
f 22/22/22 25/25/25 37/37/37
f 22/22/22 37/37/37 35/35/35
f 25/25/25 26/26/26 38/38/38
f 25/25/25 38/38/38 37/37/37
f 26/26/26 27/27/27 39/39/39
f 26/26/26 39/39/39 38/38/38
f 27/27/27 28/28/28 40/40/40
f 27/27/27 40/40/40 39/39/39
f 28/28/28 29/29/29 41/41/41
f 28/28/28 41/41/41 40/40/40
f 29/29/29 30/30/30 42/42/42
f 29/29/29 42/42/42 41/41/41
f 30/30/30 31/31/31 43/43/43
f 30/30/30 43/43/43 42/42/42
f 31/31/31 32/32/32 44/44/44
f 31/31/31 44/44/44 43/43/43
f 32/32/32 33/33/33 45/45/45
f 32/32/32 45/45/45 44/44/44
f 33/33/33 34/34/34 46/46/46
f 33/33/33 46/46/46 45/45/45
f 34/34/34 23/23/23 36/36/36
f 34/34/34 36/36/36 46/46/46
f 47/47/47 48/48/48 49/49/49
f 47/47/47 49/49/49 50/50/50
f 48/48/48 51/51/51 52/52/52
f 48/48/48 52/52/52 49/49/49
f 51/51/51 53/53/53 54/54/54
f 51/51/51 54/54/54 52/52/52
f 53/53/53 55/55/55 56/56/56
f 53/53/53 56/56/56 54/54/54
f 55/55/55 57/57/57 58/58/58
f 55/55/55 58/58/58 56/56/56
f 59/59/59 60/60/60 61/61/61
f 59/59/59 61/61/61 62/62/62
f 60/60/60 63/63/63 64/64/64
f 60/60/60 64/64/64 61/61/61
f 63/63/63 65/65/65 66/66/66
f 63/63/63 66/66/66 64/64/64
f 65/65/65 67/67/67 68/68/68
f 65/65/65 68/68/68 66/66/66
f 67/67/67 69/69/69 70/70/70
f 67/67/67 70/70/70 68/68/68
f 69/69/69 71/71/71 72/72/72
f 69/69/69 72/72/72 70/70/70
f 71/71/71 47/47/47 50/50/50
f 71/71/71 50/50/50 72/72/72
f 50/50/50 49/49/49 73/73/73
f 50/50/50 73/73/73 74/74/74
f 49/49/49 52/52/52 75/75/75
f 49/49/49 75/75/75 73/73/73
f 52/52/52 54/54/54 76/76/76
f 52/52/52 76/76/76 75/75/75
f 54/54/54 56/56/56 77/77/77
f 54/54/54 77/77/77 76/76/76
f 56/56/56 62/62/62 78/78/78
f 56/56/56 78/78/78 77/77/77
f 62/62/62 61/61/61 79/79/79
f 62/62/62 79/79/79 78/78/78
f 61/61/61 64/64/64 80/80/80
f 61/61/61 80/80/80 79/79/79
f 64/64/64 66/66/66 81/81/81
f 64/64/64 81/81/81 80/80/80
f 66/66/66 68/68/68 82/82/82
f 66/66/66 82/82/82 81/81/81
f 68/68/68 70/70/70 83/83/83
f 68/68/68 83/83/83 82/82/82
f 70/70/70 72/72/72 84/84/84
f 70/70/70 84/84/84 83/83/83
f 72/72/72 50/50/50 74/74/74
f 72/72/72 74/74/74 84/84/84
f 74/74/74 73/73/73 85/85/85
f 74/74/74 85/85/85 86/86/86
f 73/73/73 75/75/75 87/87/87
f 73/73/73 87/87/87 85/85/85
f 75/75/75 76/76/76 88/88/88
f 75/75/75 88/88/88 87/87/87
f 76/76/76 77/77/77 89/89/89
f 76/76/76 89/89/89 88/88/88
f 77/77/77 78/78/78 90/90/90
f 77/77/77 90/90/90 89/89/89
f 78/78/78 79/79/79 91/91/91
f 78/78/78 91/91/91 90/90/90
f 79/79/79 80/80/80 92/92/92
f 79/79/79 92/92/92 91/91/91
f 80/80/80 81/81/81 93/93/93
f 80/80/80 93/93/93 92/92/92
f 81/81/81 82/82/82 94/94/94
f 81/81/81 94/94/94 93/93/93
f 82/82/82 83/83/83 95/95/95
f 82/82/82 95/95/95 94/94/94
f 83/83/83 84/84/84 96/96/96
f 83/83/83 96/96/96 95/95/95
f 84/84/84 74/74/74 86/86/86
f 84/84/84 86/86/86 96/96/96
f 86/86/86 85/85/85 97/97/97
f 86/86/86 97/97/97 98/98/98
f 85/85/85 87/87/87 99/99/99
f 85/85/85 99/99/99 97/97/97
f 87/87/87 88/88/88 100/100/100
f 87/87/87 100/100/100 99/99/99
f 88/88/88 89/89/89 101/101/101
f 88/88/88 101/101/101 100/100/100
f 89/89/89 90/90/90 102/102/102
f 89/89/89 102/102/102 101/101/101
f 90/90/90 91/91/91 103/103/103
f 90/90/90 103/103/103 102/102/102
f 91/91/91 92/92/92 104/104/104
f 91/91/91 104/104/104 103/103/103
f 92/92/92 93/93/93 105/105/105
f 92/92/92 105/105/105 104/104/104
f 93/93/93 94/94/94 106/106/106
f 93/93/93 106/106/106 105/105/105
f 94/94/94 95/95/95 107/107/107
f 94/94/94 107/107/107 106/106/106
f 95/95/95 96/96/96 108/108/108
f 95/95/95 108/108/108 107/107/107
f 96/96/96 86/86/86 98/98/98
f 96/96/96 98/98/98 108/108/108
f 98/98/98 97/97/97 109/109/109
f 97/97/97 99/99/99 109/109/109
f 99/99/99 100/100/100 109/109/109
f 100/100/100 101/101/101 109/109/109
f 101/101/101 102/102/102 109/109/109
f 102/102/102 103/103/103 109/109/109
f 103/103/103 104/104/104 109/109/109
f 104/104/104 105/105/105 109/109/109
f 105/105/105 106/106/106 109/109/109
f 106/106/106 107/107/107 109/109/109
f 107/107/107 108/108/108 109/109/109
f 108/108/108 98/98/98 109/109/109
f 110/110/110 111/111/111 112/112/112
f 110/110/110 112/112/112 113/113/113
f 114/114/114 112/112/112 115/115/115
f 114/114/114 115/115/115 116/116/116
f 113/113/113 114/114/114 117/117/117
f 113/113/113 117/117/117 118/118/118
f 119/119/119 120/120/120 121/121/121
f 119/119/119 121/121/121 122/122/122
f 123/123/123 124/124/124 125/125/125
f 123/123/123 125/125/125 126/126/126
f 111/111/111 127/127/127 128/128/128
f 111/111/111 128/128/128 129/129/129
f 127/127/127 110/110/110 130/130/130
f 127/127/127 130/130/130 131/131/131
f 132/132/132 119/119/119 133/133/133
f 132/132/132 133/133/133 134/134/134
f 114/114/114 135/135/135 136/136/136
f 114/114/114 136/136/136 117/117/117
f 137/137/137 138/138/138 139/139/139
f 137/137/137 139/139/139 140/140/140
f 127/127/127 131/131/131 141/141/141
f 127/127/127 141/141/141 128/128/128
f 142/142/142 133/133/133 119/119/119
f 142/142/142 119/119/119 122/122/122
f 112/112/112 111/111/111 143/143/143
f 112/112/112 143/143/143 115/115/115
f 112/112/112 114/114/114 113/113/113
f 121/121/121 124/124/124 123/123/123
f 111/111/111 110/110/110 127/127/127
f 132/132/132 120/120/120 119/119/119
f 113/113/113 118/118/118 144/144/144
f 113/113/113 144/144/144 145/145/145
f 121/121/121 120/120/120 146/146/146
f 121/121/121 146/146/146 147/147/147
f 130/130/130 110/110/110 148/148/148
f 130/130/130 148/148/148 149/149/149
f 148/148/148 110/110/110 113/113/113
f 148/148/148 113/113/113 145/145/145
f 140/140/140 139/139/139 145/145/145
f 140/140/140 145/145/145 144/144/144
f 147/147/147 146/146/146 150/150/150
f 147/147/147 150/150/150 151/151/151
f 138/138/138 137/137/137 149/149/149
f 138/138/138 149/149/149 148/148/148
f 138/138/138 148/148/148 145/145/145
f 138/138/138 145/145/145 139/139/139
f 117/117/117 136/136/136 152/152/152
f 117/117/117 152/152/152 153/153/153
f 118/118/118 117/117/117 153/153/153
f 118/118/118 153/153/153 154/154/154
f 144/144/144 118/118/118 154/154/154
f 144/144/144 154/154/154 155/155/155
f 156/156/156 140/140/140 144/144/144
f 156/156/156 144/144/144 155/155/155
f 157/157/157 137/137/137 140/140/140
f 157/157/157 140/140/140 156/156/156
f 149/149/149 137/137/137 157/157/157
f 149/149/149 157/157/157 158/158/158
f 159/159/159 130/130/130 149/149/149
f 159/159/159 149/149/149 158/158/158
f 131/131/131 130/130/130 159/159/159
f 131/131/131 159/159/159 160/160/160
f 141/141/141 131/131/131 160/160/160
f 141/141/141 160/160/160 161/161/161
f 153/153/153 152/152/152 125/125/125
f 153/153/153 125/125/125 124/124/124
f 154/154/154 153/153/153 124/124/124
f 154/154/154 124/124/124 121/121/121
f 155/155/155 154/154/154 121/121/121
f 155/155/155 121/121/121 147/147/147
f 151/151/151 156/156/156 155/155/155
f 151/151/151 155/155/155 147/147/147
f 151/151/151 150/150/150 157/157/157
f 151/151/151 157/157/157 156/156/156
f 157/157/157 150/150/150 146/146/146
f 157/157/157 146/146/146 158/158/158
f 120/120/120 159/159/159 158/158/158
f 120/120/120 158/158/158 146/146/146
f 160/160/160 159/159/159 120/120/120
f 160/160/160 120/120/120 162/162/162
f 161/161/161 160/160/160 162/162/162
f 161/161/161 162/162/162 163/163/163
f 164/164/164 165/165/165 166/166/166
f 164/164/164 166/166/166 167/167/167
f 168/168/168 166/166/166 165/165/165
f 168/168/168 165/165/165 169/169/169
f 170/170/170 164/164/164 167/167/167
f 170/170/170 167/167/167 171/171/171
f 172/172/172 170/170/170 171/171/171
f 172/172/172 171/171/171 173/173/173
f 174/174/174 172/172/172 173/173/173
f 174/174/174 173/173/173 175/175/175
f 176/176/176 174/174/174 175/175/175
f 176/176/176 175/175/175 177/177/177
f 178/178/178 176/176/176 177/177/177
f 178/178/178 177/177/177 179/179/179
f 180/180/180 178/178/178 179/179/179
f 180/180/180 179/179/179 181/181/181
f 182/182/182 180/180/180 181/181/181
f 182/182/182 181/181/181 183/183/183
f 184/184/184 182/182/182 183/183/183
f 184/184/184 183/183/183 185/185/185
f 186/186/186 184/184/184 185/185/185
f 186/186/186 185/185/185 187/187/187
f 188/188/188 186/186/186 187/187/187
f 188/188/188 187/187/187 189/189/189
f 190/190/190 188/188/188 189/189/189
f 190/190/190 189/189/189 191/191/191
f 192/192/192 190/190/190 191/191/191
f 192/192/192 191/191/191 193/193/193
f 194/194/194 192/192/192 193/193/193
f 194/194/194 193/193/193 195/195/195
f 196/196/196 194/194/194 195/195/195
f 196/196/196 195/195/195 197/197/197
f 198/198/198 196/196/196 197/197/197
f 198/198/198 197/197/197 199/199/199
f 200/200/200 198/198/198 199/199/199
f 200/200/200 199/199/199 201/201/201
f 202/202/202 200/200/200 201/201/201
f 202/202/202 201/201/201 203/203/203
f 204/204/204 202/202/202 203/203/203
f 204/204/204 203/203/203 205/205/205
f 206/206/206 204/204/204 205/205/205
f 206/206/206 205/205/205 207/207/207
f 208/208/208 209/209/209 210/210/210
f 208/208/208 210/210/210 211/211/211
f 212/212/212 208/208/208 211/211/211
f 212/212/212 211/211/211 213/213/213
f 168/168/168 169/169/169 212/212/212
f 168/168/168 212/212/212 213/213/213
f 214/214/214 215/215/215 216/216/216
f 214/214/214 216/216/216 217/217/217
f 215/215/215 214/214/214 218/218/218
f 215/215/215 218/218/218 219/219/219
f 217/217/217 216/216/216 220/220/220
f 217/217/217 220/220/220 221/221/221
f 221/221/221 220/220/220 222/222/222
f 221/221/221 222/222/222 223/223/223
f 223/223/223 222/222/222 224/224/224
f 223/223/223 224/224/224 225/225/225
f 225/225/225 224/224/224 226/226/226
f 225/225/225 226/226/226 227/227/227
f 227/227/227 226/226/226 228/228/228
f 227/227/227 228/228/228 229/229/229
f 229/229/229 228/228/228 230/230/230
f 229/229/229 230/230/230 231/231/231
f 231/231/231 230/230/230 232/232/232
f 231/231/231 232/232/232 233/233/233
f 233/233/233 232/232/232 234/234/234
f 233/233/233 234/234/234 235/235/235
f 235/235/235 234/234/234 236/236/236
f 235/235/235 236/236/236 237/237/237
f 237/237/237 236/236/236 238/238/238
f 237/237/237 238/238/238 239/239/239
f 239/239/239 238/238/238 240/240/240
f 239/239/239 240/240/240 241/241/241
f 241/241/241 240/240/240 242/242/242
f 241/241/241 242/242/242 243/243/243
f 243/243/243 242/242/242 244/244/244
f 243/243/243 244/244/244 245/245/245
f 245/245/245 244/244/244 246/246/246
f 245/245/245 246/246/246 247/247/247
f 247/247/247 246/246/246 248/248/248
f 247/247/247 248/248/248 249/249/249
f 249/249/249 248/248/248 250/250/250
f 249/249/249 250/250/250 251/251/251
f 251/251/251 250/250/250 252/252/252
f 251/251/251 252/252/252 253/253/253
f 253/253/253 252/252/252 254/254/254
f 253/253/253 254/254/254 255/255/255
f 255/255/255 254/254/254 256/256/256
f 255/255/255 256/256/256 257/257/257
f 258/258/258 259/259/259 260/260/260
f 258/258/258 260/260/260 261/261/261
f 261/261/261 260/260/260 262/262/262
f 261/261/261 262/262/262 263/263/263
f 263/263/263 262/262/262 219/219/219
f 263/263/263 219/219/219 218/218/218
f 165/165/165 164/164/164 216/216/216
f 165/165/165 216/216/216 215/215/215
f 164/164/164 170/170/170 220/220/220
f 164/164/164 220/220/220 216/216/216
f 170/170/170 172/172/172 222/222/222
f 170/170/170 222/222/222 220/220/220
f 172/172/172 174/174/174 224/224/224
f 172/172/172 224/224/224 222/222/222
f 174/174/174 176/176/176 226/226/226
f 174/174/174 226/226/226 224/224/224
f 176/176/176 178/178/178 228/228/228
f 176/176/176 228/228/228 226/226/226
f 178/178/178 180/180/180 230/230/230
f 178/178/178 230/230/230 228/228/228
f 180/180/180 182/182/182 232/232/232
f 180/180/180 232/232/232 230/230/230
f 182/182/182 184/184/184 234/234/234
f 182/182/182 234/234/234 232/232/232
f 184/184/184 186/186/186 236/236/236
f 184/184/184 236/236/236 234/234/234
f 186/186/186 188/188/188 238/238/238
f 186/186/186 238/238/238 236/236/236
f 188/188/188 190/190/190 240/240/240
f 188/188/188 240/240/240 238/238/238
f 190/190/190 192/192/192 242/242/242
f 190/190/190 242/242/242 240/240/240
f 192/192/192 194/194/194 244/244/244
f 192/192/192 244/244/244 242/242/242
f 194/194/194 196/196/196 246/246/246
f 194/194/194 246/246/246 244/244/244
f 196/196/196 198/198/198 248/248/248
f 196/196/196 248/248/248 246/246/246
f 198/198/198 200/200/200 250/250/250
f 198/198/198 250/250/250 248/248/248
f 200/200/200 202/202/202 252/252/252
f 200/200/200 252/252/252 250/250/250
f 202/202/202 204/204/204 254/254/254
f 202/202/202 254/254/254 252/252/252
f 204/204/204 206/206/206 256/256/256
f 204/204/204 256/256/256 254/254/254
f 206/206/206 264/264/264 265/265/265
f 206/206/206 265/265/265 256/256/256
f 208/208/208 212/212/212 262/262/262
f 208/208/208 262/262/262 260/260/260
f 212/212/212 169/169/169 219/219/219
f 212/212/212 219/219/219 262/262/262
f 169/169/169 165/165/165 215/215/215
f 169/169/169 215/215/215 219/219/219
f 266/266/266 267/267/267 268/268/268
f 266/266/266 268/268/268 269/269/269
f 267/267/267 266/266/266 270/270/270
f 267/267/267 270/270/270 271/271/271
f 269/269/269 268/268/268 272/272/272
f 269/269/269 272/272/272 273/273/273
f 273/273/273 272/272/272 274/274/274
f 273/273/273 274/274/274 275/275/275
f 275/275/275 274/274/274 276/276/276
f 275/275/275 276/276/276 277/277/277
f 277/277/277 276/276/276 278/278/278
f 277/277/277 278/278/278 279/279/279
f 279/279/279 278/278/278 280/280/280
f 279/279/279 280/280/280 281/281/281
f 281/281/281 280/280/280 282/282/282
f 281/281/281 282/282/282 283/283/283
f 283/283/283 282/282/282 284/284/284
f 283/283/283 284/284/284 285/285/285
f 285/285/285 284/284/284 286/286/286
f 285/285/285 286/286/286 287/287/287
f 287/287/287 286/286/286 288/288/288
f 287/287/287 288/288/288 289/289/289
f 289/289/289 288/288/288 290/290/290
f 289/289/289 290/290/290 291/291/291
f 291/291/291 290/290/290 292/292/292
f 291/291/291 292/292/292 293/293/293
f 293/293/293 292/292/292 294/294/294
f 293/293/293 294/294/294 295/295/295
f 295/295/295 294/294/294 296/296/296
f 295/295/295 296/296/296 297/297/297
f 297/297/297 296/296/296 298/298/298
f 297/297/297 298/298/298 299/299/299
f 299/299/299 298/298/298 300/300/300
f 299/299/299 300/300/300 301/301/301
f 301/301/301 300/300/300 302/302/302
f 301/301/301 302/302/302 303/303/303
f 303/303/303 302/302/302 304/304/304
f 303/303/303 304/304/304 305/305/305
f 305/305/305 304/304/304 306/306/306
f 305/305/305 306/306/306 307/307/307
f 307/307/307 306/306/306 308/308/308
f 307/307/307 308/308/308 309/309/309
f 310/310/310 311/311/311 312/312/312
f 310/310/310 312/312/312 313/313/313
f 313/313/313 312/312/312 314/314/314
f 313/313/313 314/314/314 315/315/315
f 315/315/315 314/314/314 271/271/271
f 315/315/315 271/271/271 270/270/270
f 316/316/316 317/317/317 318/318/318
f 316/316/316 318/318/318 319/319/319
f 319/319/319 318/318/318 320/320/320
f 319/319/319 320/320/320 321/321/321
f 321/321/321 320/320/320 322/322/322
f 321/321/321 322/322/322 323/323/323
f 323/323/323 322/322/322 324/324/324
f 323/323/323 324/324/324 325/325/325
f 325/325/325 324/324/324 326/326/326
f 325/325/325 326/326/326 327/327/327
f 327/327/327 326/326/326 328/328/328
f 327/327/327 328/328/328 329/329/329
f 329/329/329 328/328/328 330/330/330
f 329/329/329 330/330/330 331/331/331
f 330/330/330 332/332/332 333/333/333
f 330/330/330 333/333/333 331/331/331
f 333/333/333 332/332/332 334/334/334
f 333/333/333 334/334/334 335/335/335
f 335/335/335 334/334/334 336/336/336
f 335/335/335 336/336/336 337/337/337
f 337/337/337 336/336/336 338/338/338
f 337/337/337 338/338/338 339/339/339
f 339/339/339 338/338/338 340/340/340
f 339/339/339 340/340/340 341/341/341
f 341/341/341 340/340/340 342/342/342
f 341/341/341 342/342/342 343/343/343
f 343/343/343 342/342/342 344/344/344
f 343/343/343 344/344/344 345/345/345
f 345/345/345 344/344/344 346/346/346
f 345/345/345 346/346/346 347/347/347
f 347/347/347 346/346/346 348/348/348
f 347/347/347 348/348/348 349/349/349
f 349/349/349 348/348/348 350/350/350
f 349/349/349 350/350/350 351/351/351
f 351/351/351 350/350/350 352/352/352
f 351/351/351 352/352/352 353/353/353
f 353/353/353 352/352/352 354/354/354
f 353/353/353 354/354/354 355/355/355
f 355/355/355 354/354/354 356/356/356
f 355/355/355 356/356/356 357/357/357
f 357/357/357 356/356/356 358/358/358
f 357/357/357 358/358/358 359/359/359
f 359/359/359 358/358/358 360/360/360
f 359/359/359 360/360/360 361/361/361
f 361/361/361 360/360/360 362/362/362
f 361/361/361 362/362/362 363/363/363
f 363/363/363 362/362/362 317/317/317
f 363/363/363 317/317/317 316/316/316
f 364/364/364 365/365/365 366/366/366
f 364/364/364 367/367/367 365/365/365
f 364/364/364 368/368/368 367/367/367
f 364/364/364 369/369/369 368/368/368
f 364/364/364 370/370/370 369/369/369
f 364/364/364 371/371/371 370/370/370
f 364/364/364 372/372/372 371/371/371
f 364/364/364 373/373/373 372/372/372
f 364/364/364 374/374/374 373/373/373
f 364/364/364 375/375/375 374/374/374
f 364/364/364 376/376/376 375/375/375
f 364/364/364 377/377/377 376/376/376
f 364/364/364 378/378/378 377/377/377
f 364/364/364 379/379/379 378/378/378
f 364/364/364 380/380/380 379/379/379
f 364/364/364 381/381/381 380/380/380
f 364/364/364 382/382/382 381/381/381
f 364/364/364 383/383/383 382/382/382
f 364/364/364 384/384/384 383/383/383
f 364/364/364 385/385/385 384/384/384
f 364/364/364 386/386/386 385/385/385
f 364/364/364 387/387/387 386/386/386
f 364/364/364 388/388/388 387/387/387
f 364/364/364 366/366/366 388/388/388
f 365/365/365 389/389/389 390/390/390
f 365/365/365 390/390/390 366/366/366
f 367/367/367 391/391/391 389/389/389
f 367/367/367 389/389/389 365/365/365
f 368/368/368 392/392/392 391/391/391
f 368/368/368 391/391/391 367/367/367
f 369/369/369 393/393/393 392/392/392
f 369/369/369 392/392/392 368/368/368
f 370/370/370 394/394/394 393/393/393
f 370/370/370 393/393/393 369/369/369
f 371/371/371 395/395/395 394/394/394
f 371/371/371 394/394/394 370/370/370
f 372/372/372 396/396/396 395/395/395
f 372/372/372 395/395/395 371/371/371
f 373/373/373 397/397/397 396/396/396
f 373/373/373 396/396/396 372/372/372
f 374/374/374 398/398/398 397/397/397
f 374/374/374 397/397/397 373/373/373
f 375/375/375 399/399/399 398/398/398
f 375/375/375 398/398/398 374/374/374
f 376/376/376 400/400/400 399/399/399
f 376/376/376 399/399/399 375/375/375
f 377/377/377 401/401/401 400/400/400
f 377/377/377 400/400/400 376/376/376
f 378/378/378 402/402/402 401/401/401
f 378/378/378 401/401/401 377/377/377
f 379/379/379 403/403/403 402/402/402
f 379/379/379 402/402/402 378/378/378
f 380/380/380 404/404/404 403/403/403
f 380/380/380 403/403/403 379/379/379
f 381/381/381 405/405/405 404/404/404
f 381/381/381 404/404/404 380/380/380
f 382/382/382 406/406/406 405/405/405
f 382/382/382 405/405/405 381/381/381
f 383/383/383 407/407/407 406/406/406
f 383/383/383 406/406/406 382/382/382
f 384/384/384 408/408/408 407/407/407
f 384/384/384 407/407/407 383/383/383
f 385/385/385 409/409/409 408/408/408
f 385/385/385 408/408/408 384/384/384
f 386/386/386 410/410/410 409/409/409
f 386/386/386 409/409/409 385/385/385
f 387/387/387 411/411/411 410/410/410
f 387/387/387 410/410/410 386/386/386
f 388/388/388 412/412/412 411/411/411
f 388/388/388 411/411/411 387/387/387
f 366/366/366 390/390/390 412/412/412
f 366/366/366 412/412/412 388/388/388
f 413/413/413 414/414/414 197/197/197
f 413/413/413 197/197/197 195/195/195
f 415/415/415 413/413/413 195/195/195
f 415/415/415 195/195/195 193/193/193
f 416/416/416 415/415/415 193/193/193
f 416/416/416 193/193/193 191/191/191
f 417/417/417 416/416/416 191/191/191
f 417/417/417 191/191/191 189/189/189
f 418/418/418 417/417/417 189/189/189
f 418/418/418 189/189/189 187/187/187
f 419/419/419 418/418/418 187/187/187
f 419/419/419 187/187/187 185/185/185
f 420/420/420 419/419/419 185/185/185
f 420/420/420 185/185/185 183/183/183
f 421/421/421 420/420/420 183/183/183
f 421/421/421 183/183/183 181/181/181
f 422/422/422 421/421/421 181/181/181
f 422/422/422 181/181/181 179/179/179
f 423/423/423 422/422/422 179/179/179
f 423/423/423 179/179/179 177/177/177
f 424/424/424 423/423/423 177/177/177
f 424/424/424 177/177/177 175/175/175
f 425/425/425 424/424/424 175/175/175
f 425/425/425 175/175/175 173/173/173
f 426/426/426 425/425/425 173/173/173
f 426/426/426 173/173/173 171/171/171
f 427/427/427 426/426/426 171/171/171
f 427/427/427 171/171/171 167/167/167
f 428/428/428 427/427/427 167/167/167
f 428/428/428 167/167/167 166/166/166
f 429/429/429 428/428/428 166/166/166
f 429/429/429 166/166/166 168/168/168
f 430/430/430 429/429/429 168/168/168
f 430/430/430 168/168/168 213/213/213
f 431/431/431 430/430/430 213/213/213
f 431/431/431 213/213/213 211/211/211
f 432/432/432 431/431/431 211/211/211
f 432/432/432 211/211/211 210/210/210
f 433/433/433 434/434/434 207/207/207
f 433/433/433 207/207/207 205/205/205
f 435/435/435 433/433/433 205/205/205
f 435/435/435 205/205/205 203/203/203
f 436/436/436 435/435/435 203/203/203
f 436/436/436 203/203/203 201/201/201
f 437/437/437 436/436/436 201/201/201
f 437/437/437 201/201/201 199/199/199
f 414/414/414 437/437/437 199/199/199
f 414/414/414 199/199/199 197/197/197
f 438/438/438 439/439/439 440/440/440
f 441/441/441 438/438/438 440/440/440
f 441/441/441 440/440/440 442/442/442
f 443/443/443 441/441/441 442/442/442
f 443/443/443 442/442/442 444/444/444
f 445/445/445 443/443/443 444/444/444
f 446/446/446 447/447/447 448/448/448
f 446/446/446 448/448/448 449/449/449
f 450/450/450 451/451/451 452/452/452
f 450/450/450 452/452/452 453/453/453
f 454/454/454 446/446/446 449/449/449
f 454/454/454 449/449/449 439/439/439
f 451/451/451 455/455/455 456/456/456
f 451/451/451 456/456/456 452/452/452
f 457/457/457 454/454/454 439/439/439
f 457/457/457 439/439/439 438/438/438
f 455/455/455 458/458/458 459/459/459
f 455/455/455 459/459/459 456/456/456
f 460/460/460 457/457/457 438/438/438
f 460/460/460 438/438/438 441/441/441
f 458/458/458 461/461/461 462/462/462
f 458/458/458 462/462/462 459/459/459
f 463/463/463 460/460/460 441/441/441
f 463/463/463 441/441/441 443/443/443
f 461/461/461 464/464/464 465/465/465
f 461/461/461 465/465/465 462/462/462
f 466/466/466 463/463/463 443/443/443
f 466/466/466 443/443/443 445/445/445
f 464/464/464 467/467/467 468/468/468
f 464/464/464 468/468/468 465/465/465
f 469/469/469 466/466/466 445/445/445
f 469/469/469 445/445/445 470/470/470
f 467/467/467 471/471/471 472/472/472
f 467/467/467 472/472/472 468/468/468
f 473/473/473 469/469/469 470/470/470
f 473/473/473 470/470/470 474/474/474
f 471/471/471 475/475/475 476/476/476
f 471/471/471 476/476/476 472/472/472
f 477/477/477 473/473/473 474/474/474
f 477/477/477 474/474/474 478/478/478
f 475/475/475 479/479/479 480/480/480
f 475/475/475 480/480/480 476/476/476
f 481/481/481 477/477/477 478/478/478
f 481/481/481 478/478/478 482/482/482
f 479/479/479 483/483/483 484/484/484
f 479/479/479 484/484/484 480/480/480
f 485/485/485 481/481/481 482/482/482
f 485/485/485 482/482/482 486/486/486
f 483/483/483 487/487/487 488/488/488
f 483/483/483 488/488/488 484/484/484
f 489/489/489 485/485/485 486/486/486
f 489/489/489 486/486/486 490/490/490
f 487/487/487 491/491/491 492/492/492
f 487/487/487 492/492/492 488/488/488
f 493/493/493 489/489/489 490/490/490
f 493/493/493 490/490/490 494/494/494
f 491/491/491 495/495/495 496/496/496
f 491/491/491 496/496/496 492/492/492
f 497/497/497 498/498/498 499/499/499
f 497/497/497 499/499/499 500/500/500
f 501/501/501 502/502/502 503/503/503
f 501/501/501 503/503/503 504/504/504
f 505/505/505 497/497/497 500/500/500
f 505/505/505 500/500/500 506/506/506
f 502/502/502 507/507/507 508/508/508
f 502/502/502 508/508/508 503/503/503
f 509/509/509 505/505/505 506/506/506
f 509/509/509 506/506/506 510/510/510
f 507/507/507 511/511/511 512/512/512
f 507/507/507 512/512/512 508/508/508
f 513/513/513 509/509/509 510/510/510
f 513/513/513 510/510/510 514/514/514
f 511/511/511 515/515/515 516/516/516
f 511/511/511 516/516/516 512/512/512
f 517/517/517 513/513/513 514/514/514
f 517/517/517 514/514/514 518/518/518
f 515/515/515 519/519/519 520/520/520
f 515/515/515 520/520/520 516/516/516
f 521/521/521 517/517/517 518/518/518
f 521/521/521 518/518/518 522/522/522
f 519/519/519 523/523/523 524/524/524
f 519/519/519 524/524/524 520/520/520
f 525/525/525 521/521/521 522/522/522
f 525/525/525 522/522/522 526/526/526
f 523/523/523 527/527/527 528/528/528
f 523/523/523 528/528/528 524/524/524
f 529/529/529 525/525/525 526/526/526
f 529/529/529 526/526/526 530/530/530
f 527/527/527 531/531/531 532/532/532
f 527/527/527 532/532/532 528/528/528
f 533/533/533 529/529/529 530/530/530
f 533/533/533 530/530/530 534/534/534
f 531/531/531 535/535/535 536/536/536
f 531/531/531 536/536/536 532/532/532
f 537/537/537 533/533/533 534/534/534
f 537/537/537 534/534/534 538/538/538
f 535/535/535 539/539/539 540/540/540
f 535/535/535 540/540/540 536/536/536
f 447/447/447 537/537/537 538/538/538
f 447/447/447 538/538/538 448/448/448
f 539/539/539 450/450/450 453/453/453
f 539/539/539 453/453/453 540/540/540
f 541/541/541 542/542/542 543/543/543
f 541/541/541 543/543/543 544/544/544
f 542/542/542 541/541/541 545/545/545
f 542/542/542 545/545/545 546/546/546
f 546/546/546 545/545/545 547/547/547
f 546/546/546 547/547/547 548/548/548
f 544/544/544 543/543/543 549/549/549
f 544/544/544 549/549/549 550/550/550
f 548/548/548 547/547/547 551/551/551
f 548/548/548 551/551/551 552/552/552
f 552/552/552 551/551/551 553/553/553
f 552/552/552 553/553/553 554/554/554
f 554/554/554 553/553/553 555/555/555
f 554/554/554 555/555/555 556/556/556
f 556/556/556 555/555/555 557/557/557
f 556/556/556 557/557/557 558/558/558
f 558/558/558 557/557/557 559/559/559
f 558/558/558 559/559/559 560/560/560
f 560/560/560 559/559/559 561/561/561
f 560/560/560 561/561/561 562/562/562
f 562/562/562 561/561/561 563/563/563
f 562/562/562 563/563/563 564/564/564
f 564/564/564 563/563/563 565/565/565
f 564/564/564 565/565/565 566/566/566
f 566/566/566 565/565/565 567/567/567
f 566/566/566 567/567/567 568/568/568
f 568/568/568 567/567/567 569/569/569
f 568/568/568 569/569/569 570/570/570
f 570/570/570 569/569/569 571/571/571
f 570/570/570 571/571/571 572/572/572
f 572/572/572 571/571/571 573/573/573
f 572/572/572 573/573/573 574/574/574
f 574/574/574 573/573/573 575/575/575
f 574/574/574 575/575/575 576/576/576
f 576/576/576 575/575/575 577/577/577
f 576/576/576 577/577/577 578/578/578
f 578/578/578 577/577/577 579/579/579
f 578/578/578 579/579/579 580/580/580
f 580/580/580 579/579/579 581/581/581
f 580/580/580 581/581/581 582/582/582
f 582/582/582 581/581/581 583/583/583
f 582/582/582 583/583/583 584/584/584
f 584/584/584 583/583/583 585/585/585
f 584/584/584 585/585/585 586/586/586
f 586/586/586 585/585/585 587/587/587
f 586/586/586 587/587/587 588/588/588
f 588/588/588 587/587/587 550/550/550
f 588/588/588 550/550/550 549/549/549
f 542/542/542 546/546/546 589/589/589
f 542/542/542 589/589/589 590/590/590
f 543/543/543 542/542/542 590/590/590
f 543/543/543 590/590/590 591/591/591
f 546/546/546 548/548/548 592/592/592
f 546/546/546 592/592/592 589/589/589
f 548/548/548 552/552/552 593/593/593
f 548/548/548 593/593/593 592/592/592
f 552/552/552 554/554/554 594/594/594
f 552/552/552 594/594/594 593/593/593
f 554/554/554 556/556/556 595/595/595
f 554/554/554 595/595/595 594/594/594
f 556/556/556 558/558/558 596/596/596
f 556/556/556 596/596/596 595/595/595
f 558/558/558 560/560/560 597/597/597
f 558/558/558 597/597/597 596/596/596
f 560/560/560 562/562/562 598/598/598
f 560/560/560 598/598/598 597/597/597
f 562/562/562 564/564/564 599/599/599
f 562/562/562 599/599/599 598/598/598
f 564/564/564 566/566/566 600/600/600
f 564/564/564 600/600/600 599/599/599
f 566/566/566 568/568/568 601/601/601
f 566/566/566 601/601/601 600/600/600
f 568/568/568 570/570/570 602/602/602
f 568/568/568 602/602/602 601/601/601
f 570/570/570 572/572/572 603/603/603
f 570/570/570 603/603/603 602/602/602
f 572/572/572 574/574/574 604/604/604
f 572/572/572 604/604/604 603/603/603
f 574/574/574 576/576/576 605/605/605
f 574/574/574 605/605/605 604/604/604
f 576/576/576 578/578/578 606/606/606
f 576/576/576 606/606/606 605/605/605
f 578/578/578 580/580/580 607/607/607
f 578/578/578 607/607/607 606/606/606
f 580/580/580 582/582/582 608/608/608
f 580/580/580 608/608/608 607/607/607
f 582/582/582 584/584/584 609/609/609
f 582/582/582 609/609/609 608/608/608
f 584/584/584 586/586/586 610/610/610
f 584/584/584 610/610/610 609/609/609
f 586/586/586 588/588/588 611/611/611
f 586/586/586 611/611/611 610/610/610
f 588/588/588 549/549/549 612/612/612
f 588/588/588 612/612/612 611/611/611
f 549/549/549 543/543/543 591/591/591
f 549/549/549 591/591/591 612/612/612
f 298/298/298 247/247/247 249/249/249
f 298/298/298 249/249/249 300/300/300
f 296/296/296 245/245/245 247/247/247
f 296/296/296 247/247/247 298/298/298
f 294/294/294 243/243/243 245/245/245
f 294/294/294 245/245/245 296/296/296
f 292/292/292 241/241/241 243/243/243
f 292/292/292 243/243/243 294/294/294
f 290/290/290 239/239/239 241/241/241
f 290/290/290 241/241/241 292/292/292
f 288/288/288 237/237/237 239/239/239
f 288/288/288 239/239/239 290/290/290
f 286/286/286 235/235/235 237/237/237
f 286/286/286 237/237/237 288/288/288
f 284/284/284 233/233/233 235/235/235
f 284/284/284 235/235/235 286/286/286
f 282/282/282 231/231/231 233/233/233
f 282/282/282 233/233/233 284/284/284
f 280/280/280 229/229/229 231/231/231
f 280/280/280 231/231/231 282/282/282
f 278/278/278 227/227/227 229/229/229
f 278/278/278 229/229/229 280/280/280
f 276/276/276 225/225/225 227/227/227
f 276/276/276 227/227/227 278/278/278
f 274/274/274 223/223/223 225/225/225
f 274/274/274 225/225/225 276/276/276
f 272/272/272 221/221/221 223/223/223
f 272/272/272 223/223/223 274/274/274
f 268/268/268 217/217/217 221/221/221
f 268/268/268 221/221/221 272/272/272
f 267/267/267 214/214/214 217/217/217
f 267/267/267 217/217/217 268/268/268
f 271/271/271 218/218/218 214/214/214
f 271/271/271 214/214/214 267/267/267
f 314/314/314 263/263/263 218/218/218
f 314/314/314 218/218/218 271/271/271
f 312/312/312 261/261/261 263/263/263
f 312/312/312 263/263/263 314/314/314
f 311/311/311 258/258/258 261/261/261
f 311/311/311 261/261/261 312/312/312
f 306/306/306 255/255/255 257/257/257
f 306/306/306 257/257/257 308/308/308
f 304/304/304 253/253/253 255/255/255
f 304/304/304 255/255/255 306/306/306
f 302/302/302 251/251/251 253/253/253
f 302/302/302 253/253/253 304/304/304
f 300/300/300 249/249/249 251/251/251
f 300/300/300 251/251/251 302/302/302
f 613/613/613 614/614/614 615/615/615
f 613/613/613 615/615/615 616/616/616
f 617/617/617 618/618/618 613/613/613
f 617/617/617 613/613/613 616/616/616
f 619/619/619 618/618/618 617/617/617
f 619/619/619 617/617/617 620/620/620
f 621/621/621 619/619/619 620/620/620
f 621/621/621 620/620/620 622/622/622
f 623/623/623 621/621/621 622/622/622
f 623/623/623 622/622/622 624/624/624
f 625/625/625 623/623/623 624/624/624
f 625/625/625 624/624/624 626/626/626
f 627/627/627 625/625/625 626/626/626
f 627/627/627 626/626/626 628/628/628
f 629/629/629 627/627/627 628/628/628
f 629/629/629 628/628/628 630/630/630
f 631/631/631 632/632/632 633/633/633
f 631/631/631 633/633/633 634/634/634
f 635/635/635 631/631/631 634/634/634
f 635/635/635 634/634/634 636/636/636
f 637/637/637 635/635/635 636/636/636
f 637/637/637 636/636/636 638/638/638
f 639/639/639 637/637/637 638/638/638
f 639/639/639 638/638/638 640/640/640
f 641/641/641 639/639/639 640/640/640
f 641/641/641 640/640/640 642/642/642
f 643/643/643 641/641/641 642/642/642
f 643/643/643 642/642/642 644/644/644
f 645/645/645 643/643/643 644/644/644
f 645/645/645 644/644/644 646/646/646
f 647/647/647 645/645/645 646/646/646
f 647/647/647 646/646/646 648/648/648
f 649/649/649 647/647/647 648/648/648
f 649/649/649 648/648/648 650/650/650
f 651/651/651 649/649/649 650/650/650
f 651/651/651 650/650/650 652/652/652
f 653/653/653 651/651/651 652/652/652
f 653/653/653 652/652/652 654/654/654
f 655/655/655 653/653/653 654/654/654
f 655/655/655 654/654/654 656/656/656
f 657/657/657 655/655/655 656/656/656
f 657/657/657 656/656/656 658/658/658
f 659/659/659 657/657/657 658/658/658
f 659/659/659 658/658/658 660/660/660
f 661/661/661 659/659/659 660/660/660
f 661/661/661 660/660/660 662/662/662
f 614/614/614 661/661/661 662/662/662
f 614/614/614 662/662/662 615/615/615
f 663/663/663 541/541/541 544/544/544
f 663/663/663 545/545/545 541/541/541
f 663/663/663 547/547/547 545/545/545
f 663/663/663 544/544/544 550/550/550
f 663/663/663 551/551/551 547/547/547
f 663/663/663 553/553/553 551/551/551
f 663/663/663 555/555/555 553/553/553
f 663/663/663 557/557/557 555/555/555
f 663/663/663 559/559/559 557/557/557
f 663/663/663 561/561/561 559/559/559
f 663/663/663 563/563/563 561/561/561
f 663/663/663 565/565/565 563/563/563
f 663/663/663 567/567/567 565/565/565
f 663/663/663 569/569/569 567/567/567
f 663/663/663 571/571/571 569/569/569
f 663/663/663 573/573/573 571/571/571
f 663/663/663 575/575/575 573/573/573
f 663/663/663 577/577/577 575/575/575
f 663/663/663 579/579/579 577/577/577
f 663/663/663 581/581/581 579/579/579
f 663/663/663 583/583/583 581/581/581
f 663/663/663 585/585/585 583/583/583
f 663/663/663 587/587/587 585/585/585
f 663/663/663 550/550/550 587/587/587
f 613/613/613 618/618/618 664/664/664
f 613/613/613 664/664/664 665/665/665
f 618/618/618 619/619/619 666/666/666
f 618/618/618 666/666/666 664/664/664
f 619/619/619 621/621/621 667/667/667
f 619/619/619 667/667/667 666/666/666
f 621/621/621 623/623/623 668/668/668
f 621/621/621 668/668/668 667/667/667
f 623/623/623 625/625/625 669/669/669
f 623/623/623 669/669/669 668/668/668
f 625/625/625 627/627/627 670/670/670
f 625/625/625 670/670/670 669/669/669
f 627/627/627 629/629/629 671/671/671
f 627/627/627 671/671/671 670/670/670
f 632/632/632 631/631/631 672/672/672
f 632/632/632 672/672/672 673/673/673
f 631/631/631 635/635/635 674/674/674
f 631/631/631 674/674/674 672/672/672
f 635/635/635 637/637/637 675/675/675
f 635/635/635 675/675/675 674/674/674
f 637/637/637 639/639/639 676/676/676
f 637/637/637 676/676/676 675/675/675
f 639/639/639 641/641/641 677/677/677
f 639/639/639 677/677/677 676/676/676
f 641/641/641 643/643/643 678/678/678
f 641/641/641 678/678/678 677/677/677
f 643/643/643 645/645/645 679/679/679
f 643/643/643 679/679/679 678/678/678
f 645/645/645 647/647/647 680/680/680
f 645/645/645 680/680/680 679/679/679
f 647/647/647 649/649/649 681/681/681
f 647/647/647 681/681/681 680/680/680
f 649/649/649 651/651/651 682/682/682
f 649/649/649 682/682/682 681/681/681
f 651/651/651 653/653/653 683/683/683
f 651/651/651 683/683/683 682/682/682
f 653/653/653 655/655/655 684/684/684
f 653/653/653 684/684/684 683/683/683
f 655/655/655 657/657/657 685/685/685
f 655/655/655 685/685/685 684/684/684
f 657/657/657 659/659/659 686/686/686
f 657/657/657 686/686/686 685/685/685
f 659/659/659 661/661/661 687/687/687
f 659/659/659 687/687/687 686/686/686
f 661/661/661 614/614/614 688/688/688
f 661/661/661 688/688/688 687/687/687
f 614/614/614 613/613/613 665/665/665
f 614/614/614 665/665/665 688/688/688
f 689/689/689 690/690/690 691/691/691
f 689/689/689 691/691/691 692/692/692
f 693/693/693 694/694/694 690/690/690
f 693/693/693 690/690/690 689/689/689
f 695/695/695 696/696/696 694/694/694
f 695/695/695 694/694/694 693/693/693
f 697/697/697 698/698/698 696/696/696
f 697/697/697 696/696/696 695/695/695
f 699/699/699 700/700/700 698/698/698
f 699/699/699 698/698/698 697/697/697
f 701/701/701 702/702/702 703/703/703
f 701/701/701 703/703/703 704/704/704
f 705/705/705 702/702/702 701/701/701
f 705/705/705 701/701/701 706/706/706
f 707/707/707 705/705/705 706/706/706
f 707/707/707 706/706/706 708/708/708
f 709/709/709 710/710/710 707/707/707
f 709/709/709 707/707/707 708/708/708
f 711/711/711 712/712/712 710/710/710
f 711/711/711 710/710/710 709/709/709
f 713/713/713 714/714/714 712/712/712
f 713/713/713 712/712/712 711/711/711
f 715/715/715 716/716/716 714/714/714
f 715/715/715 714/714/714 713/713/713
f 717/717/717 718/718/718 716/716/716
f 717/717/717 716/716/716 715/715/715
f 719/719/719 720/720/720 718/718/718
f 719/719/719 718/718/718 717/717/717
f 721/721/721 722/722/722 720/720/720
f 721/721/721 720/720/720 719/719/719
f 723/723/723 724/724/724 722/722/722
f 723/723/723 722/722/722 721/721/721
f 725/725/725 726/726/726 724/724/724
f 725/725/725 724/724/724 723/723/723
f 727/727/727 728/728/728 726/726/726
f 727/727/727 726/726/726 725/725/725
f 729/729/729 730/730/730 728/728/728
f 729/729/729 728/728/728 727/727/727
f 731/731/731 732/732/732 730/730/730
f 731/731/731 730/730/730 729/729/729
f 733/733/733 734/734/734 732/732/732
f 733/733/733 732/732/732 731/731/731
f 735/735/735 736/736/736 734/734/734
f 735/735/735 734/734/734 733/733/733
f 737/737/737 738/738/738 736/736/736
f 737/737/737 736/736/736 735/735/735
f 692/692/692 691/691/691 738/738/738
f 692/692/692 738/738/738 737/737/737
f 622/622/622 620/620/620 739/739/739
f 622/622/622 739/739/739 740/740/740
f 691/691/691 690/690/690 741/741/741
f 691/691/691 741/741/741 742/742/742
f 624/624/624 622/622/622 740/740/740
f 624/624/624 740/740/740 743/743/743
f 690/690/690 694/694/694 744/744/744
f 690/690/690 744/744/744 741/741/741
f 626/626/626 624/624/624 743/743/743
f 626/626/626 743/743/743 745/745/745
f 694/694/694 696/696/696 746/746/746
f 694/694/694 746/746/746 744/744/744
f 628/628/628 626/626/626 745/745/745
f 628/628/628 745/745/745 747/747/747
f 696/696/696 698/698/698 748/748/748
f 696/696/696 748/748/748 746/746/746
f 630/630/630 628/628/628 747/747/747
f 630/630/630 747/747/747 749/749/749
f 698/698/698 700/700/700 750/750/750
f 698/698/698 750/750/750 748/748/748
f 634/634/634 633/633/633 751/751/751
f 634/634/634 751/751/751 752/752/752
f 703/703/703 702/702/702 753/753/753
f 703/703/703 753/753/753 754/754/754
f 636/636/636 634/634/634 752/752/752
f 636/636/636 752/752/752 755/755/755
f 702/702/702 705/705/705 756/756/756
f 702/702/702 756/756/756 753/753/753
f 638/638/638 636/636/636 755/755/755
f 638/638/638 755/755/755 757/757/757
f 705/705/705 707/707/707 758/758/758
f 705/705/705 758/758/758 756/756/756
f 640/640/640 638/638/638 757/757/757
f 640/640/640 757/757/757 759/759/759
f 707/707/707 710/710/710 760/760/760
f 707/707/707 760/760/760 758/758/758
f 642/642/642 640/640/640 759/759/759
f 642/642/642 759/759/759 761/761/761
f 710/710/710 712/712/712 762/762/762
f 710/710/710 762/762/762 760/760/760
f 644/644/644 642/642/642 761/761/761
f 644/644/644 761/761/761 763/763/763
f 712/712/712 714/714/714 764/764/764
f 712/712/712 764/764/764 762/762/762
f 646/646/646 644/644/644 763/763/763
f 646/646/646 763/763/763 765/765/765
f 714/714/714 716/716/716 766/766/766
f 714/714/714 766/766/766 764/764/764
f 648/648/648 646/646/646 765/765/765
f 648/648/648 765/765/765 767/767/767
f 716/716/716 718/718/718 768/768/768
f 716/716/716 768/768/768 766/766/766
f 650/650/650 648/648/648 767/767/767
f 650/650/650 767/767/767 769/769/769
f 718/718/718 720/720/720 770/770/770
f 718/718/718 770/770/770 768/768/768
f 652/652/652 650/650/650 769/769/769
f 652/652/652 769/769/769 771/771/771
f 720/720/720 722/722/722 772/772/772
f 720/720/720 772/772/772 770/770/770
f 654/654/654 652/652/652 771/771/771
f 654/654/654 771/771/771 773/773/773
f 722/722/722 724/724/724 774/774/774
f 722/722/722 774/774/774 772/772/772
f 656/656/656 654/654/654 773/773/773
f 656/656/656 773/773/773 775/775/775
f 724/724/724 726/726/726 776/776/776
f 724/724/724 776/776/776 774/774/774
f 658/658/658 656/656/656 775/775/775
f 658/658/658 775/775/775 777/777/777
f 726/726/726 728/728/728 778/778/778
f 726/726/726 778/778/778 776/776/776
f 660/660/660 658/658/658 777/777/777
f 660/660/660 777/777/777 779/779/779
f 728/728/728 730/730/730 780/780/780
f 728/728/728 780/780/780 778/778/778
f 662/662/662 660/660/660 779/779/779
f 662/662/662 779/779/779 781/781/781
f 730/730/730 732/732/732 782/782/782
f 730/730/730 782/782/782 780/780/780
f 615/615/615 662/662/662 781/781/781
f 615/615/615 781/781/781 783/783/783
f 732/732/732 734/734/734 784/784/784
f 732/732/732 784/784/784 782/782/782
f 616/616/616 615/615/615 783/783/783
f 616/616/616 783/783/783 785/785/785
f 734/734/734 736/736/736 786/786/786
f 734/734/734 786/786/786 784/784/784
f 617/617/617 616/616/616 785/785/785
f 617/617/617 785/785/785 787/787/787
f 736/736/736 738/738/738 788/788/788
f 736/736/736 788/788/788 786/786/786
f 620/620/620 617/617/617 787/787/787
f 620/620/620 787/787/787 739/739/739
f 738/738/738 691/691/691 742/742/742
f 738/738/738 742/742/742 788/788/788
f 788/788/788 787/787/787 785/785/785
f 788/788/788 785/785/785 786/786/786
f 739/739/739 787/787/787 788/788/788
f 739/739/739 788/788/788 742/742/742
f 740/740/740 739/739/739 742/742/742
f 740/740/740 742/742/742 741/741/741
f 743/743/743 740/740/740 741/741/741
f 743/743/743 741/741/741 744/744/744
f 745/745/745 743/743/743 744/744/744
f 745/745/745 744/744/744 746/746/746
f 747/747/747 745/745/745 746/746/746
f 747/747/747 746/746/746 748/748/748
f 749/749/749 747/747/747 748/748/748
f 749/749/749 748/748/748 750/750/750
f 752/752/752 751/751/751 754/754/754
f 752/752/752 754/754/754 753/753/753
f 755/755/755 752/752/752 753/753/753
f 755/755/755 753/753/753 756/756/756
f 757/757/757 755/755/755 756/756/756
f 757/757/757 756/756/756 758/758/758
f 759/759/759 757/757/757 758/758/758
f 759/759/759 758/758/758 760/760/760
f 761/761/761 759/759/759 760/760/760
f 761/761/761 760/760/760 762/762/762
f 763/763/763 761/761/761 762/762/762
f 763/763/763 762/762/762 764/764/764
f 765/765/765 763/763/763 764/764/764
f 765/765/765 764/764/764 766/766/766
f 767/767/767 765/765/765 766/766/766
f 767/767/767 766/766/766 768/768/768
f 769/769/769 767/767/767 768/768/768
f 769/769/769 768/768/768 770/770/770
f 771/771/771 769/769/769 770/770/770
f 771/771/771 770/770/770 772/772/772
f 773/773/773 771/771/771 772/772/772
f 773/773/773 772/772/772 774/774/774
f 775/775/775 773/773/773 774/774/774
f 775/775/775 774/774/774 776/776/776
f 777/777/777 775/775/775 776/776/776
f 777/777/777 776/776/776 778/778/778
f 779/779/779 777/777/777 778/778/778
f 779/779/779 778/778/778 780/780/780
f 781/781/781 779/779/779 780/780/780
f 781/781/781 780/780/780 782/782/782
f 783/783/783 781/781/781 782/782/782
f 783/783/783 782/782/782 784/784/784
f 786/786/786 785/785/785 783/783/783
f 786/786/786 783/783/783 784/784/784
f 468/468/468 789/789/789 465/465/465
f 459/459/459 790/790/790 456/456/456
f 462/462/462 791/791/791 790/790/790
f 462/462/462 790/790/790 459/459/459
f 465/465/465 789/789/789 791/791/791
f 465/465/465 791/791/791 462/462/462
f 445/445/445 444/444/444 789/789/789
f 445/445/445 789/789/789 468/468/468
f 470/470/470 445/445/445 468/468/468
f 470/470/470 468/468/468 472/472/472
f 474/474/474 470/470/470 472/472/472
f 474/474/474 472/472/472 476/476/476
f 478/478/478 474/474/474 476/476/476
f 478/478/478 476/476/476 480/480/480
f 482/482/482 478/478/478 480/480/480
f 482/482/482 480/480/480 484/484/484
f 486/486/486 482/482/482 484/484/484
f 486/486/486 484/484/484 488/488/488
f 490/490/490 486/486/486 488/488/488
f 490/490/490 488/488/488 492/492/492
f 494/494/494 490/490/490 492/492/492
f 494/494/494 492/492/492 496/496/496
f 500/500/500 499/499/499 504/504/504
f 500/500/500 504/504/504 503/503/503
f 506/506/506 500/500/500 503/503/503
f 506/506/506 503/503/503 508/508/508
f 510/510/510 506/506/506 508/508/508
f 510/510/510 508/508/508 512/512/512
f 514/514/514 510/510/510 512/512/512
f 514/514/514 512/512/512 516/516/516
f 518/518/518 514/514/514 516/516/516
f 518/518/518 516/516/516 520/520/520
f 522/522/522 518/518/518 520/520/520
f 522/522/522 520/520/520 524/524/524
f 526/526/526 522/522/522 524/524/524
f 526/526/526 524/524/524 528/528/528
f 530/530/530 526/526/526 528/528/528
f 530/530/530 528/528/528 532/532/532
f 534/534/534 530/530/530 532/532/532
f 534/534/534 532/532/532 536/536/536
f 538/538/538 534/534/534 536/536/536
f 538/538/538 536/536/536 540/540/540
f 448/448/448 538/538/538 540/540/540
f 448/448/448 540/540/540 453/453/453
f 449/449/449 448/448/448 453/453/453
f 449/449/449 453/453/453 452/452/452
f 439/439/439 449/449/449 452/452/452
f 439/439/439 452/452/452 456/456/456
f 440/440/440 439/439/439 456/456/456
f 440/440/440 456/456/456 790/790/790
f 792/792/792 793/793/793 794/794/794
f 792/792/792 794/794/794 795/795/795
f 796/796/796 793/793/793 792/792/792
f 796/796/796 792/792/792 797/797/797
f 442/442/442 440/440/440 798/798/798
f 442/442/442 798/798/798 799/799/799
f 798/798/798 440/440/440 790/790/790
f 798/798/798 790/790/790 800/800/800
f 790/790/790 791/791/791 801/801/801
f 790/790/790 801/801/801 800/800/800
f 444/444/444 442/442/442 799/799/799
f 444/444/444 799/799/799 802/802/802
f 791/791/791 789/789/789 803/803/803
f 791/791/791 803/803/803 801/801/801
f 444/444/444 802/802/802 803/803/803
f 444/444/444 803/803/803 789/789/789
f 793/793/793 804/804/804 805/805/805
f 793/793/793 805/805/805 794/794/794
f 794/794/794 805/805/805 806/806/806
f 794/794/794 806/806/806 795/795/795
f 806/806/806 807/807/807 792/792/792
f 806/806/806 792/792/792 795/795/795
f 808/808/808 804/804/804 793/793/793
f 808/808/808 793/793/793 796/796/796
f 807/807/807 809/809/809 797/797/797
f 807/807/807 797/797/797 792/792/792
f 808/808/808 796/796/796 797/797/797
f 808/808/808 797/797/797 809/809/809
f 331/331/331 333/333/333 810/810/810
f 331/331/331 810/810/810 811/811/811
f 329/329/329 331/331/331 811/811/811
f 329/329/329 811/811/811 812/812/812
f 327/327/327 329/329/329 812/812/812
f 327/327/327 812/812/812 813/813/813
f 325/325/325 327/327/327 813/813/813
f 325/325/325 813/813/813 814/814/814
f 323/323/323 325/325/325 814/814/814
f 323/323/323 814/814/814 815/815/815
f 321/321/321 323/323/323 815/815/815
f 321/321/321 815/815/815 816/816/816
f 319/319/319 321/321/321 816/816/816
f 319/319/319 816/816/816 817/817/817
f 316/316/316 319/319/319 817/817/817
f 316/316/316 817/817/817 818/818/818
f 363/363/363 316/316/316 818/818/818
f 363/363/363 818/818/818 819/819/819
f 361/361/361 363/363/363 819/819/819
f 361/361/361 819/819/819 820/820/820
f 359/359/359 361/361/361 820/820/820
f 359/359/359 820/820/820 821/821/821
f 357/357/357 359/359/359 821/821/821
f 357/357/357 821/821/821 822/822/822
f 355/355/355 357/357/357 822/822/822
f 355/355/355 822/822/822 823/823/823
f 353/353/353 355/355/355 823/823/823
f 353/353/353 823/823/823 824/824/824
f 351/351/351 353/353/353 824/824/824
f 351/351/351 824/824/824 825/825/825
f 349/349/349 351/351/351 825/825/825
f 349/349/349 825/825/825 826/826/826
f 347/347/347 349/349/349 826/826/826
f 347/347/347 826/826/826 827/827/827
f 345/345/345 347/347/347 827/827/827
f 345/345/345 827/827/827 828/828/828
f 343/343/343 345/345/345 828/828/828
f 343/343/343 828/828/828 829/829/829
f 341/341/341 343/343/343 829/829/829
f 341/341/341 829/829/829 830/830/830
f 339/339/339 341/341/341 830/830/830
f 339/339/339 830/830/830 831/831/831
f 337/337/337 339/339/339 831/831/831
f 337/337/337 831/831/831 832/832/832
f 335/335/335 337/337/337 832/832/832
f 335/335/335 832/832/832 833/833/833
f 333/333/333 335/335/335 833/833/833
f 333/333/333 833/833/833 810/810/810
f 834/834/834 835/835/835 391/391/391
f 834/834/834 391/391/391 392/392/392
f 836/836/836 834/834/834 392/392/392
f 836/836/836 392/392/392 393/393/393
f 837/837/837 836/836/836 393/393/393
f 837/837/837 393/393/393 394/394/394
f 838/838/838 837/837/837 394/394/394
f 838/838/838 394/394/394 395/395/395
f 839/839/839 838/838/838 395/395/395
f 839/839/839 395/395/395 396/396/396
f 840/840/840 839/839/839 396/396/396
f 840/840/840 396/396/396 397/397/397
f 841/841/841 840/840/840 397/397/397
f 841/841/841 397/397/397 398/398/398
f 842/842/842 841/841/841 398/398/398
f 842/842/842 398/398/398 399/399/399
f 843/843/843 842/842/842 399/399/399
f 843/843/843 399/399/399 400/400/400
f 844/844/844 843/843/843 400/400/400
f 844/844/844 400/400/400 401/401/401
f 845/845/845 844/844/844 401/401/401
f 845/845/845 401/401/401 402/402/402
f 846/846/846 845/845/845 402/402/402
f 846/846/846 402/402/402 403/403/403
f 847/847/847 846/846/846 403/403/403
f 847/847/847 403/403/403 404/404/404
f 848/848/848 847/847/847 404/404/404
f 848/848/848 404/404/404 405/405/405
f 849/849/849 848/848/848 405/405/405
f 849/849/849 405/405/405 406/406/406
f 850/850/850 849/849/849 406/406/406
f 850/850/850 406/406/406 407/407/407
f 851/851/851 850/850/850 407/407/407
f 851/851/851 407/407/407 408/408/408
f 852/852/852 851/851/851 408/408/408
f 852/852/852 408/408/408 409/409/409
f 853/853/853 852/852/852 409/409/409
f 853/853/853 409/409/409 410/410/410
f 854/854/854 853/853/853 410/410/410
f 854/854/854 410/410/410 411/411/411
f 855/855/855 854/854/854 411/411/411
f 855/855/855 411/411/411 412/412/412
f 856/856/856 855/855/855 412/412/412
f 856/856/856 412/412/412 390/390/390
f 857/857/857 856/856/856 390/390/390
f 857/857/857 390/390/390 389/389/389
f 835/835/835 857/857/857 389/389/389
f 835/835/835 389/389/389 391/391/391
